destination,year,month,avg_temp_max_c,avg_temp_min_c,avg_temp_c,total_rainfall_mm,rainy_days,avg_humidity_pct,sunshine_hours_daily,weather_suitability_score,season,is_peak_national
Colombo,2015,1,30.8,22.6,26.7,91.9,8,72.5,8.3,0.893,dry_season,1
Colombo,2015,2,31.1,22.8,27.0,86.2,5,73.1,8.9,0.9107,dry_season,1
Colombo,2015,3,31.7,23.7,27.7,145.7,8,69.6,8.1,0.841,dry_season,1
Colombo,2015,4,31.6,24.6,28.1,213.1,13,73.2,7.3,0.7643,dry_season,1
Colombo,2015,5,31.6,25.4,28.5,379.0,17,78.9,5.9,0.5873,southwest_monsoon,0
Colombo,2015,6,30.0,24.6,27.3,205.4,17,81.4,5.9,0.7416,southwest_monsoon,0
Colombo,2015,7,29.5,24.1,26.8,173.3,13,82.6,6.5,0.7828,southwest_monsoon,0
Colombo,2015,8,29.2,23.9,26.5,117.3,10,81.4,6.2,0.8263,southwest_monsoon,0
Colombo,2015,9,30.2,24.2,27.2,264.7,16,78.0,6.2,0.6952,southwest_monsoon,0
Colombo,2015,10,29.6,23.5,26.6,345.2,19,77.5,6.3,0.6258,northeast_monsoon,0
Colombo,2015,11,30.0,23.2,26.6,315.5,17,81.1,6.4,0.6543,northeast_monsoon,0
Colombo,2015,12,30.7,22.8,26.8,175.6,10,78.0,7.3,0.7976,dry_season,1
Colombo,2016,1,30.3,22.4,26.4,97.5,6,74.6,7.8,0.8775,dry_season,1
Colombo,2016,2,31.6,23.0,27.3,76.6,5,70.7,9.0,0.9214,dry_season,1
Colombo,2016,3,31.9,23.8,27.9,195.0,12,67.8,8.0,0.7951,dry_season,1
Colombo,2016,4,32.0,24.8,28.4,261.4,15,72.0,7.1,0.7171,dry_season,1
Colombo,2016,5,30.8,25.0,27.9,433.3,20,78.4,6.3,0.5475,southwest_monsoon,0
Colombo,2016,6,29.7,24.4,27.0,282.2,19,83.0,5.9,0.6734,southwest_monsoon,0
Colombo,2016,7,29.6,24.2,26.9,168.8,15,80.2,6.3,0.7826,southwest_monsoon,0
Colombo,2016,8,29.0,23.8,26.4,126.4,13,80.5,6.9,0.8329,southwest_monsoon,0
Colombo,2016,9,29.2,23.7,26.4,262.7,16,80.7,6.1,0.6949,southwest_monsoon,0
Colombo,2016,10,30.0,23.7,26.9,478.0,20,80.9,6.1,0.5284,northeast_monsoon,0
Colombo,2016,11,29.0,22.7,25.9,351.7,22,78.6,6.6,0.6263,northeast_monsoon,0
Colombo,2016,12,30.3,22.6,26.5,207.5,12,77.5,7.0,0.7629,dry_season,1
Colombo,2017,1,31.0,22.8,26.9,80.9,6,74.2,8.5,0.907,dry_season,1
Colombo,2017,2,32.2,23.3,27.8,62.0,5,71.0,8.5,0.9238,dry_season,1
Colombo,2017,3,31.4,23.6,27.5,151.2,10,71.2,7.7,0.8277,dry_season,1
Colombo,2017,4,32.5,25.1,28.8,213.5,15,73.5,7.1,0.7597,dry_season,1
Colombo,2017,5,31.2,25.3,28.2,437.8,19,80.5,5.4,0.5245,southwest_monsoon,0
Colombo,2017,6,30.4,24.8,27.6,197.2,19,82.6,5.4,0.7384,southwest_monsoon,0
Colombo,2017,7,29.9,24.4,27.1,143.4,14,81.6,6.3,0.8052,southwest_monsoon,0
Colombo,2017,8,29.5,24.1,26.8,136.1,10,82.3,6.9,0.8243,southwest_monsoon,0
Colombo,2017,9,29.6,23.9,26.8,275.7,14,82.9,6.5,0.6918,southwest_monsoon,0
Colombo,2017,10,30.2,23.8,27.0,390.0,17,79.5,6.6,0.5923,northeast_monsoon,0
Colombo,2017,11,29.6,23.0,26.3,289.8,16,79.6,6.6,0.6813,northeast_monsoon,0
Colombo,2017,12,30.7,22.9,26.8,190.0,9,81.4,7.8,0.7953,dry_season,1
Colombo,2018,1,31.1,22.8,27.0,76.7,7,72.6,7.8,0.896,dry_season,1
Colombo,2018,2,31.7,23.1,27.4,70.0,4,69.0,8.7,0.9209,dry_season,1
Colombo,2018,3,31.9,23.9,27.9,155.6,8,73.3,8.1,0.8322,dry_season,1
Colombo,2018,4,32.2,25.0,28.6,198.2,13,73.7,7.2,0.7754,dry_season,1
Colombo,2018,5,31.3,25.4,28.4,380.1,20,77.2,6.2,0.5927,southwest_monsoon,0
Colombo,2018,6,29.8,24.5,27.1,231.4,18,89.7,6.0,0.7206,southwest_monsoon,0
Colombo,2018,7,30.1,24.5,27.3,147.3,14,80.4,6.8,0.8122,southwest_monsoon,0
Colombo,2018,8,30.2,24.4,27.3,94.9,10,81.2,6.7,0.8567,southwest_monsoon,0
Colombo,2018,9,31.0,24.6,27.8,184.0,12,80.1,6.4,0.7712,southwest_monsoon,0
Colombo,2018,10,30.5,24.0,27.2,336.7,16,82.4,5.7,0.6207,northeast_monsoon,0
Colombo,2018,11,29.8,23.1,26.5,310.3,14,83.3,6.6,0.6631,northeast_monsoon,0
Colombo,2018,12,30.8,22.9,26.9,135.2,8,77.7,7.5,0.8377,dry_season,1
Colombo,2019,1,30.4,22.5,26.4,94.8,8,70.6,8.3,0.8905,dry_season,1
Colombo,2019,2,31.2,22.8,27.0,70.3,6,72.8,8.5,0.9165,dry_season,1
Colombo,2019,3,31.5,23.7,27.6,176.2,11,70.0,8.6,0.8244,dry_season,1
Colombo,2019,4,31.7,24.7,28.2,287.4,15,77.5,7.0,0.6919,dry_season,1
Colombo,2019,5,30.7,25.0,27.9,397.8,18,79.5,4.9,0.5496,southwest_monsoon,0
Colombo,2019,6,29.6,24.4,27.0,293.2,18,82.3,5.4,0.6531,southwest_monsoon,0
Colombo,2019,7,30.4,24.6,27.5,120.7,15,79.0,6.8,0.8359,southwest_monsoon,0
Colombo,2019,8,30.0,24.3,27.1,120.5,13,80.2,6.6,0.8318,southwest_monsoon,0
Colombo,2019,9,30.0,24.1,27.1,288.0,15,85.3,6.7,0.6851,southwest_monsoon,0
Colombo,2019,10,29.2,23.3,26.2,369.0,19,79.8,6.2,0.6025,northeast_monsoon,0
Colombo,2019,11,29.9,23.2,26.5,320.1,18,79.7,6.4,0.6502,northeast_monsoon,0
Colombo,2019,12,30.1,22.6,26.4,222.6,11,77.3,7.5,0.76,dry_season,1
Colombo,2020,1,30.3,22.4,26.4,95.5,8,73.0,8.3,0.8898,dry_season,1
Colombo,2020,2,31.2,22.9,27.0,91.5,6,71.6,8.5,0.8976,dry_season,1
Colombo,2020,3,31.8,23.8,27.8,191.3,12,75.6,8.2,0.8026,dry_season,1
Colombo,2020,4,31.8,24.7,28.2,287.4,16,75.7,7.1,0.694,dry_season,1
Colombo,2020,5,31.0,25.2,28.1,457.1,26,78.0,5.7,0.52,southwest_monsoon,0
Colombo,2020,6,29.5,24.3,26.9,297.3,21,83.3,6.0,0.662,southwest_monsoon,0
Colombo,2020,7,29.7,24.2,26.9,138.5,15,83.0,6.5,0.8137,southwest_monsoon,0
Colombo,2020,8,29.6,24.1,26.9,112.9,14,79.9,6.7,0.8407,southwest_monsoon,0
Colombo,2020,9,29.6,23.9,26.8,292.4,17,80.1,6.3,0.6727,southwest_monsoon,0
Colombo,2020,10,30.0,23.7,26.9,330.7,19,80.6,5.6,0.6239,northeast_monsoon,0
Colombo,2020,11,30.0,23.2,26.6,426.4,18,79.0,6.9,0.5662,northeast_monsoon,0
Colombo,2020,12,29.9,22.4,26.1,213.4,11,74.3,7.3,0.764,dry_season,1
Colombo,2021,1,30.7,22.6,26.6,108.5,7,74.4,8.1,0.8741,dry_season,1
Colombo,2021,2,30.9,22.7,26.8,73.0,5,70.5,8.7,0.9183,dry_season,1
Colombo,2021,3,31.8,23.8,27.8,160.5,11,77.3,8.4,0.8342,dry_season,1
Colombo,2021,4,31.4,24.5,27.9,262.8,17,74.4,7.3,0.7201,dry_season,1
Colombo,2021,5,30.6,24.9,27.8,354.6,18,78.5,5.3,0.5964,southwest_monsoon,0
Colombo,2021,6,30.0,24.5,27.2,243.4,20,80.8,6.4,0.7184,southwest_monsoon,0
Colombo,2021,7,29.2,24.0,26.6,147.3,17,83.4,6.1,0.7975,southwest_monsoon,0
Colombo,2021,8,29.4,24.0,26.7,89.2,12,83.5,7.2,0.8723,southwest_monsoon,0
Colombo,2021,9,29.2,23.7,26.4,236.1,16,80.1,6.2,0.7207,southwest_monsoon,0
Colombo,2021,10,30.0,23.7,26.9,312.5,18,82.0,6.0,0.6485,northeast_monsoon,0
Colombo,2021,11,30.1,23.2,26.6,280.7,18,79.7,6.1,0.6789,northeast_monsoon,0
Colombo,2021,12,29.9,22.4,26.1,227.2,11,76.1,7.4,0.7538,dry_season,1
Colombo,2022,1,31.6,23.1,27.4,105.6,7,74.3,8.0,0.8746,dry_season,1
Colombo,2022,2,31.9,23.3,27.6,59.8,5,68.5,8.9,0.9342,dry_season,1
Colombo,2022,3,31.6,23.7,27.6,108.8,10,76.0,7.9,0.8696,dry_season,1
Colombo,2022,4,32.0,24.9,28.4,270.6,11,75.9,6.8,0.7026,dry_season,1
Colombo,2022,5,31.4,25.4,28.4,362.2,18,77.4,5.3,0.5896,southwest_monsoon,0
Colombo,2022,6,30.5,24.8,27.6,232.2,16,79.9,5.5,0.7094,southwest_monsoon,0
Colombo,2022,7,29.9,24.4,27.1,147.5,14,79.9,6.2,0.7994,southwest_monsoon,0
Colombo,2022,8,29.6,24.1,26.9,105.4,11,78.6,6.5,0.8432,southwest_monsoon,0
Colombo,2022,9,30.9,24.6,27.8,243.1,16,80.8,6.0,0.7102,southwest_monsoon,0
Colombo,2022,10,30.0,23.7,26.9,366.2,16,79.8,6.2,0.605,northeast_monsoon,0
Colombo,2022,11,30.0,23.2,26.6,223.4,17,82.3,6.1,0.7298,northeast_monsoon,0
Colombo,2022,12,30.4,22.7,26.5,194.9,12,78.2,7.5,0.7847,dry_season,1
Colombo,2023,1,30.9,22.8,26.9,72.5,6,71.5,7.6,0.8956,dry_season,1
Colombo,2023,2,31.0,22.8,26.9,58.6,5,73.8,8.4,0.9248,dry_season,1
Colombo,2023,3,32.3,24.1,28.2,159.3,8,76.0,8.0,0.8268,dry_season,1
Colombo,2023,4,32.4,25.1,28.8,186.1,11,73.2,7.1,0.7841,dry_season,1
Colombo,2023,5,31.8,25.6,28.7,419.5,18,78.7,5.5,0.5429,southwest_monsoon,0
Colombo,2023,6,30.2,24.7,27.4,194.0,16,80.3,5.5,0.7433,southwest_monsoon,0
Colombo,2023,7,30.2,24.6,27.4,123.5,11,79.8,6.4,0.825,southwest_monsoon,0
Colombo,2023,8,30.4,24.6,27.5,106.3,11,82.5,6.5,0.8424,southwest_monsoon,0
Colombo,2023,9,29.6,24.0,26.8,242.1,15,79.5,6.0,0.7111,southwest_monsoon,0
Colombo,2023,10,29.6,23.6,26.6,257.6,16,79.2,6.0,0.6973,northeast_monsoon,0
Colombo,2023,11,30.6,23.5,27.1,232.0,12,77.7,6.6,0.7327,northeast_monsoon,0
Colombo,2023,12,30.7,22.9,26.8,153.5,10,74.8,7.3,0.8172,dry_season,1
Colombo,2024,1,31.2,22.9,27.0,80.8,8,68.1,8.3,0.9029,dry_season,1
Colombo,2024,2,31.2,22.9,27.0,77.5,5,70.8,8.6,0.9122,dry_season,1
Colombo,2024,3,32.2,24.1,28.2,151.5,10,73.7,8.4,0.8422,dry_season,1
Colombo,2024,4,31.9,24.9,28.4,228.4,15,75.2,7.1,0.7465,dry_season,1
Colombo,2024,5,31.4,25.4,28.4,486.6,19,82.4,6.2,0.5305,southwest_monsoon,0
Colombo,2024,6,30.1,24.7,27.4,180.1,15,81.3,5.5,0.7557,southwest_monsoon,0
Colombo,2024,7,30.0,24.5,27.2,170.3,14,82.7,6.6,0.7876,southwest_monsoon,0
Colombo,2024,8,29.1,23.9,26.5,117.7,10,83.3,7.0,0.8427,southwest_monsoon,0
Colombo,2024,9,30.3,24.3,27.3,246.4,20,81.4,6.4,0.7157,southwest_monsoon,0
Colombo,2024,10,30.3,23.9,27.1,345.3,20,79.3,5.7,0.6131,northeast_monsoon,0
Colombo,2024,11,30.2,23.4,26.8,311.8,17,81.1,6.7,0.6639,northeast_monsoon,0
Colombo,2024,12,30.4,22.7,26.5,189.0,10,76.8,7.1,0.7815,dry_season,1
Kandy,2015,1,28.0,17.1,22.6,89.6,10,76.8,7.2,0.7519,dry_season,1
Kandy,2015,2,29.5,17.7,23.6,74.3,6,75.0,7.2,0.7655,dry_season,1
Kandy,2015,3,30.1,19.1,24.6,140.8,10,76.9,7.6,0.8348,dry_season,1
Kandy,2015,4,30.1,20.3,25.2,234.0,15,76.4,6.9,0.7373,dry_season,1
Kandy,2015,5,29.0,20.5,24.8,249.6,17,83.2,6.6,0.7171,southwest_monsoon,0
Kandy,2015,6,28.2,19.8,24.0,159.2,15,83.2,5.6,0.7764,southwest_monsoon,0
Kandy,2015,7,27.4,19.2,23.3,172.7,14,78.0,5.9,0.6507,southwest_monsoon,0
Kandy,2015,8,27.4,19.2,23.3,132.7,10,77.4,6.2,0.6926,southwest_monsoon,0
Kandy,2015,9,28.2,19.4,23.8,242.0,11,79.5,5.8,0.587,southwest_monsoon,0
Kandy,2015,10,27.7,19.1,23.4,203.1,16,82.4,5.5,0.6153,northeast_monsoon,0
Kandy,2015,11,28.3,18.8,23.6,380.2,14,85.1,5.7,0.462,northeast_monsoon,0
Kandy,2015,12,27.4,17.5,22.4,194.6,11,77.7,6.3,0.6397,dry_season,1
Kandy,2016,1,27.4,16.8,22.1,100.5,9,74.6,6.9,0.7359,dry_season,1
Kandy,2016,2,28.6,17.3,23.0,84.7,5,74.2,8.1,0.7752,dry_season,1
Kandy,2016,3,30.2,19.1,24.6,113.6,11,69.2,7.4,0.8548,dry_season,1
Kandy,2016,4,29.6,20.0,24.8,213.6,17,78.5,7.2,0.7617,dry_season,1
Kandy,2016,5,29.5,20.7,25.1,217.9,17,77.6,5.8,0.7284,southwest_monsoon,0
Kandy,2016,6,28.6,20.0,24.3,187.1,17,81.9,5.5,0.7495,southwest_monsoon,0
Kandy,2016,7,27.9,19.4,23.6,177.3,16,81.2,5.6,0.6403,southwest_monsoon,0
Kandy,2016,8,27.9,19.4,23.6,133.8,14,79.6,5.8,0.6832,southwest_monsoon,0
Kandy,2016,9,28.0,19.3,23.6,242.1,12,76.9,5.7,0.5848,southwest_monsoon,0
Kandy,2016,10,27.9,19.2,23.5,271.1,14,84.4,6.0,0.5653,northeast_monsoon,0
Kandy,2016,11,27.6,18.4,23.0,353.1,18,79.9,5.6,0.484,northeast_monsoon,0
Kandy,2016,12,27.7,17.6,22.6,210.0,11,77.9,6.3,0.626,dry_season,1
Kandy,2017,1,27.9,17.1,22.5,77.8,9,76.3,6.5,0.7477,dry_season,1
Kandy,2017,2,28.7,17.4,23.0,79.7,6,70.4,7.7,0.7713,dry_season,1
Kandy,2017,3,30.0,19.0,24.5,121.5,9,74.1,7.6,0.852,dry_season,1
Kandy,2017,4,30.3,20.4,25.4,231.3,16,78.0,7.0,0.7418,dry_season,1
Kandy,2017,5,28.7,20.3,24.5,194.3,15,81.0,5.8,0.7494,southwest_monsoon,0
Kandy,2017,6,28.2,19.9,24.0,179.4,14,78.2,5.4,0.7542,southwest_monsoon,0
Kandy,2017,7,27.8,19.4,23.6,118.8,15,78.1,5.6,0.6923,southwest_monsoon,0
Kandy,2017,8,29.3,20.1,24.7,124.2,11,81.4,6.3,0.8222,southwest_monsoon,0
Kandy,2017,9,28.2,19.4,23.8,198.7,13,82.3,6.7,0.6444,southwest_monsoon,0
Kandy,2017,10,27.6,19.1,23.4,290.5,15,84.6,6.0,0.5481,northeast_monsoon,0
Kandy,2017,11,28.0,18.7,23.4,303.4,17,81.2,6.0,0.5366,northeast_monsoon,0
Kandy,2017,12,26.9,17.2,22.0,172.2,11,79.2,6.2,0.6575,dry_season,1
Kandy,2018,1,28.0,17.1,22.6,77.4,9,77.1,7.0,0.7586,dry_season,1
Kandy,2018,2,29.3,17.7,23.5,82.4,6,68.7,7.7,0.7689,dry_season,1
Kandy,2018,3,30.2,19.2,24.7,132.8,9,69.8,7.6,0.842,dry_season,1
Kandy,2018,4,30.6,20.6,25.6,210.2,13,76.1,6.9,0.7584,dry_season,1
Kandy,2018,5,29.9,21.0,25.4,202.6,13,79.1,6.0,0.7462,southwest_monsoon,0
Kandy,2018,6,28.5,20.0,24.2,169.5,16,79.2,5.5,0.7651,southwest_monsoon,0
Kandy,2018,7,28.2,19.6,23.9,126.4,13,82.1,6.3,0.7003,southwest_monsoon,0
Kandy,2018,8,27.7,19.4,23.5,113.9,11,82.1,6.5,0.7156,southwest_monsoon,0
Kandy,2018,9,28.3,19.5,23.9,215.5,12,79.1,6.6,0.6274,southwest_monsoon,0
Kandy,2018,10,28.6,19.6,24.1,326.6,14,80.4,5.3,0.6213,northeast_monsoon,0
Kandy,2018,11,27.3,18.3,22.8,272.5,14,79.9,5.5,0.5536,northeast_monsoon,0
Kandy,2018,12,27.7,17.6,22.6,210.6,11,77.6,6.0,0.6191,dry_season,1
Kandy,2019,1,27.8,17.0,22.4,112.1,10,76.3,6.6,0.7193,dry_season,1
Kandy,2019,2,29.0,17.5,23.2,87.2,7,70.9,8.3,0.7772,dry_season,1
Kandy,2019,3,29.7,18.9,24.3,136.1,13,74.8,7.3,0.8327,dry_season,1
Kandy,2019,4,29.9,20.2,25.0,213.9,14,77.3,6.8,0.753,dry_season,1
Kandy,2019,5,29.5,20.8,25.1,198.8,19,78.8,6.5,0.7601,southwest_monsoon,0
Kandy,2019,6,28.3,19.9,24.1,192.1,17,85.0,5.7,0.7492,southwest_monsoon,0
Kandy,2019,7,28.1,19.6,23.9,135.7,14,79.9,5.5,0.6752,southwest_monsoon,0
Kandy,2019,8,28.9,20.0,24.4,116.5,12,82.4,6.3,0.8291,southwest_monsoon,0
Kandy,2019,9,29.4,20.0,24.7,194.2,15,81.4,5.8,0.7495,southwest_monsoon,0
Kandy,2019,10,28.6,19.6,24.1,330.5,18,83.2,5.4,0.6199,northeast_monsoon,0
Kandy,2019,11,28.0,18.7,23.4,365.5,19,82.8,6.1,0.4835,northeast_monsoon,0
Kandy,2019,12,27.8,17.6,22.7,195.8,13,76.4,6.3,0.6386,dry_season,1
Kandy,2020,1,27.8,17.0,22.4,105.2,11,76.4,6.9,0.7318,dry_season,1
Kandy,2020,2,28.7,17.3,23.0,75.1,8,76.3,7.8,0.7775,dry_season,1
Kandy,2020,3,29.7,18.9,24.3,159.3,14,71.8,7.6,0.8184,dry_season,1
Kandy,2020,4,30.1,20.3,25.2,271.5,15,76.4,6.8,0.7018,dry_season,1
Kandy,2020,5,29.7,20.9,25.3,226.9,16,82.4,6.0,0.7246,southwest_monsoon,0
Kandy,2020,6,27.8,19.6,23.7,184.5,19,80.9,5.7,0.636,southwest_monsoon,0
Kandy,2020,7,27.9,19.4,23.6,195.9,12,80.9,5.5,0.6217,southwest_monsoon,0
Kandy,2020,8,27.9,19.4,23.6,116.0,14,78.9,6.4,0.7116,southwest_monsoon,0
Kandy,2020,9,27.8,19.2,23.5,243.9,14,83.7,6.1,0.5916,southwest_monsoon,0
Kandy,2020,10,27.4,18.9,23.1,268.7,18,81.5,5.3,0.5527,northeast_monsoon,0
Kandy,2020,11,27.5,18.4,22.9,382.3,21,79.8,5.4,0.4539,northeast_monsoon,0
Kandy,2020,12,27.8,17.7,22.8,221.5,13,78.9,6.4,0.6178,dry_season,1
Kandy,2021,1,27.9,17.0,22.4,114.7,9,75.8,7.0,0.7254,dry_season,1
Kandy,2021,2,29.2,17.6,23.4,73.8,7,69.1,8.1,0.7849,dry_season,1
Kandy,2021,3,29.8,18.9,24.4,127.7,10,71.1,7.8,0.8507,dry_season,1
Kandy,2021,4,29.1,19.8,24.5,214.3,12,77.5,6.0,0.7358,dry_season,1
Kandy,2021,5,29.5,20.7,25.1,243.6,15,80.0,5.7,0.7035,southwest_monsoon,0
Kandy,2021,6,27.8,19.6,23.7,209.1,15,81.1,5.9,0.6183,southwest_monsoon,0
Kandy,2021,7,28.1,19.5,23.8,108.1,13,78.0,5.8,0.706,southwest_monsoon,0
Kandy,2021,8,27.9,19.4,23.6,144.0,11,81.1,6.4,0.6867,southwest_monsoon,0
Kandy,2021,9,28.8,19.6,24.2,219.7,12,81.4,5.9,0.7289,southwest_monsoon,0
Kandy,2021,10,27.9,19.1,23.5,326.2,18,79.9,5.7,0.51,northeast_monsoon,0
Kandy,2021,11,28.0,18.6,23.3,336.4,15,83.5,6.4,0.5157,northeast_monsoon,0
Kandy,2021,12,27.4,17.4,22.4,175.7,10,78.8,6.2,0.6543,dry_season,1
Kandy,2022,1,28.1,17.2,22.6,87.6,10,79.5,6.9,0.7474,dry_season,1
Kandy,2022,2,29.1,17.6,23.4,76.8,7,70.0,7.6,0.7717,dry_season,1
Kandy,2022,3,29.9,19.0,24.4,105.8,11,71.0,7.6,0.866,dry_season,1
Kandy,2022,4,30.8,20.7,25.8,183.9,14,78.1,6.3,0.7692,dry_season,1
Kandy,2022,5,30.2,21.1,25.6,208.4,14,79.7,6.3,0.7474,southwest_monsoon,0
Kandy,2022,6,29.0,20.3,24.6,181.8,16,83.8,5.1,0.7458,southwest_monsoon,0
Kandy,2022,7,28.0,19.6,23.8,142.7,14,78.9,6.0,0.6795,southwest_monsoon,0
Kandy,2022,8,28.0,19.5,23.8,112.4,12,79.3,6.6,0.719,southwest_monsoon,0
Kandy,2022,9,28.8,19.7,24.2,123.8,10,79.3,6.2,0.8205,southwest_monsoon,0
Kandy,2022,10,27.6,19.1,23.4,236.7,14,81.7,5.8,0.5917,northeast_monsoon,0
Kandy,2022,11,27.8,18.6,23.2,330.5,13,82.0,5.8,0.5083,northeast_monsoon,0
Kandy,2022,12,27.4,17.5,22.4,147.4,12,79.7,6.2,0.6795,dry_season,1
Kandy,2023,1,28.0,17.2,22.6,84.6,9,76.8,6.8,0.748,dry_season,1
Kandy,2023,2,29.3,17.7,23.5,80.6,6,71.6,7.7,0.7705,dry_season,1
Kandy,2023,3,30.2,19.2,24.7,123.6,10,73.5,7.7,0.8522,dry_season,1
Kandy,2023,4,30.4,20.5,25.4,204.3,14,76.7,6.1,0.7468,dry_season,1
Kandy,2023,5,30.1,21.1,25.6,135.1,13,82.2,6.6,0.8189,southwest_monsoon,0
Kandy,2023,6,28.4,20.0,24.2,169.9,12,84.8,5.3,0.7606,southwest_monsoon,0
Kandy,2023,7,28.4,19.8,24.1,131.2,13,80.3,6.2,0.8139,southwest_monsoon,0
Kandy,2023,8,28.6,19.9,24.2,136.3,11,82.1,6.2,0.8094,southwest_monsoon,0
Kandy,2023,9,29.1,19.9,24.5,201.8,10,83.3,6.1,0.749,southwest_monsoon,0
Kandy,2023,10,27.7,19.2,23.4,272.7,14,81.7,5.3,0.5492,northeast_monsoon,0
Kandy,2023,11,28.1,18.8,23.5,308.3,15,79.5,6.3,0.5386,northeast_monsoon,0
Kandy,2023,12,28.2,17.9,23.0,194.5,10,79.4,5.9,0.6313,dry_season,1
Kandy,2024,1,27.9,17.1,22.5,117.4,9,75.7,6.9,0.7209,dry_season,1
Kandy,2024,2,29.0,17.6,23.3,71.1,8,70.3,7.2,0.7684,dry_season,1
Kandy,2024,3,29.7,19.0,24.4,105.1,10,75.3,7.3,0.8603,dry_season,1
Kandy,2024,4,30.7,20.7,25.7,211.9,16,75.4,7.4,0.7674,dry_season,1
Kandy,2024,5,28.6,20.4,24.5,301.2,13,82.0,5.6,0.6502,southwest_monsoon,0
Kandy,2024,6,29.7,20.6,25.1,210.6,16,82.7,5.8,0.7349,southwest_monsoon,0
Kandy,2024,7,28.7,19.9,24.3,150.9,14,78.5,5.9,0.7901,southwest_monsoon,0
Kandy,2024,8,28.3,19.7,24.0,96.2,11,77.8,6.2,0.845,southwest_monsoon,0
Kandy,2024,9,28.7,19.7,24.2,235.3,11,78.0,6.2,0.7214,southwest_monsoon,0
Kandy,2024,10,28.5,19.5,24.0,264.9,17,79.1,5.4,0.6782,northeast_monsoon,0
Kandy,2024,11,27.9,18.7,23.3,281.3,17,76.8,5.6,0.5479,northeast_monsoon,0
Kandy,2024,12,27.9,17.7,22.8,193.8,11,80.7,6.5,0.6446,dry_season,1
Nuwara Eliya,2015,1,19.7,10.6,15.1,129.5,16,82.1,5.2,0.5144,dry_season,1
Nuwara Eliya,2015,2,20.5,10.9,15.7,89.4,9,82.5,5.9,0.5647,dry_season,1
Nuwara Eliya,2015,3,21.2,12.0,16.6,132.9,14,77.4,5.8,0.524,dry_season,1
Nuwara Eliya,2015,4,22.5,13.8,18.1,212.3,15,85.3,5.4,0.445,dry_season,1
Nuwara Eliya,2015,5,20.6,13.8,17.2,276.6,20,84.6,4.7,0.3731,southwest_monsoon,0
Nuwara Eliya,2015,6,19.7,13.6,16.6,339.9,25,92.4,3.8,0.2979,southwest_monsoon,0
Nuwara Eliya,2015,7,19.0,13.0,16.0,259.7,28,86.4,3.9,0.3713,southwest_monsoon,0
Nuwara Eliya,2015,8,20.3,13.6,16.9,310.3,22,90.3,4.1,0.3305,southwest_monsoon,0
Nuwara Eliya,2015,9,20.2,13.3,16.8,268.4,17,85.7,4.0,0.3656,southwest_monsoon,0
Nuwara Eliya,2015,10,19.5,12.6,16.1,371.1,22,83.9,3.6,0.2659,northeast_monsoon,0
Nuwara Eliya,2015,11,19.8,12.1,15.9,386.9,21,88.5,3.5,0.2498,northeast_monsoon,0
Nuwara Eliya,2015,12,18.7,10.7,14.7,249.6,16,83.9,5.0,0.4034,dry_season,1
Nuwara Eliya,2016,1,19.7,10.6,15.1,146.9,15,82.3,5.4,0.5031,dry_season,1
Nuwara Eliya,2016,2,19.8,10.6,15.2,102.8,11,81.5,5.8,0.5507,dry_season,1
Nuwara Eliya,2016,3,22.0,12.4,17.2,165.9,14,80.4,5.7,0.4925,dry_season,1
Nuwara Eliya,2016,4,22.0,13.5,17.8,315.0,18,80.4,5.4,0.3537,dry_season,1
Nuwara Eliya,2016,5,21.1,14.0,17.6,279.3,23,83.4,4.7,0.3707,southwest_monsoon,0
Nuwara Eliya,2016,6,19.2,13.3,16.2,281.2,21,83.7,4.0,0.3543,southwest_monsoon,0
Nuwara Eliya,2016,7,19.3,13.1,16.2,430.7,26,88.2,3.9,0.2193,southwest_monsoon,0
Nuwara Eliya,2016,8,19.5,13.2,16.4,305.9,22,87.6,4.2,0.3365,southwest_monsoon,0
Nuwara Eliya,2016,9,20.0,13.1,16.6,328.4,19,88.1,4.1,0.3144,southwest_monsoon,0
Nuwara Eliya,2016,10,19.5,12.6,16.1,395.6,26,87.9,3.8,0.2484,northeast_monsoon,0
Nuwara Eliya,2016,11,19.6,12.0,15.8,412.0,23,86.0,4.5,0.2485,northeast_monsoon,0
Nuwara Eliya,2016,12,18.6,10.6,14.6,193.4,17,83.6,4.8,0.4491,dry_season,1
Nuwara Eliya,2017,1,19.7,10.6,15.1,141.0,16,82.1,5.2,0.5041,dry_season,1
Nuwara Eliya,2017,2,19.8,10.6,15.2,84.2,9,80.2,6.1,0.5736,dry_season,1
Nuwara Eliya,2017,3,22.4,12.6,17.5,161.3,15,78.3,5.9,0.5008,dry_season,1
Nuwara Eliya,2017,4,22.0,13.5,17.8,207.9,15,81.3,5.2,0.4447,dry_season,1
Nuwara Eliya,2017,5,21.3,14.1,17.7,259.2,21,86.9,4.6,0.3864,southwest_monsoon,0
Nuwara Eliya,2017,6,19.3,13.4,16.4,227.8,19,87.6,4.1,0.4038,southwest_monsoon,0
Nuwara Eliya,2017,7,18.8,13.0,15.9,236.6,24,86.8,4.1,0.396,southwest_monsoon,0
Nuwara Eliya,2017,8,18.7,12.8,15.8,234.5,17,87.4,4.4,0.4042,southwest_monsoon,0
Nuwara Eliya,2017,9,20.5,13.4,16.9,285.8,17,89.4,4.2,0.3544,southwest_monsoon,0
Nuwara Eliya,2017,10,20.0,12.9,16.4,357.9,20,85.2,3.5,0.2756,northeast_monsoon,0
Nuwara Eliya,2017,11,19.7,12.1,15.9,411.9,17,88.9,3.7,0.2318,northeast_monsoon,0
Nuwara Eliya,2017,12,19.2,11.0,15.1,185.7,16,87.7,5.2,0.4644,dry_season,1
Nuwara Eliya,2018,1,20.1,10.8,15.5,117.5,13,83.5,5.8,0.5377,dry_season,1
Nuwara Eliya,2018,2,20.8,11.1,15.9,103.2,10,77.5,6.6,0.5672,dry_season,1
Nuwara Eliya,2018,3,22.1,12.5,17.3,121.7,12,77.3,6.6,0.5508,dry_season,1
Nuwara Eliya,2018,4,22.3,13.7,18.0,177.1,17,79.7,5.0,0.4678,dry_season,1
Nuwara Eliya,2018,5,20.9,14.0,17.4,259.5,19,87.0,4.9,0.3925,southwest_monsoon,0
Nuwara Eliya,2018,6,19.7,13.6,16.6,256.4,20,87.5,4.3,0.3826,southwest_monsoon,0
Nuwara Eliya,2018,7,19.9,13.5,16.7,303.1,25,86.7,4.0,0.3348,southwest_monsoon,0
Nuwara Eliya,2018,8,20.2,13.6,16.9,237.8,22,88.0,4.4,0.4013,southwest_monsoon,0
Nuwara Eliya,2018,9,20.8,13.6,17.2,283.9,16,84.9,4.1,0.354,southwest_monsoon,0
Nuwara Eliya,2018,10,19.4,12.6,16.0,421.3,19,86.4,3.5,0.2192,northeast_monsoon,0
Nuwara Eliya,2018,11,20.0,12.2,16.1,353.1,18,85.7,4.4,0.2988,northeast_monsoon,0
Nuwara Eliya,2018,12,19.5,11.1,15.3,184.4,17,85.5,5.4,0.4698,dry_season,1
Nuwara Eliya,2019,1,20.0,10.7,15.3,160.2,14,82.8,5.3,0.4892,dry_season,1
Nuwara Eliya,2019,2,20.3,10.9,15.6,94.1,13,79.0,6.3,0.569,dry_season,1
Nuwara Eliya,2019,3,21.9,12.4,17.1,179.5,17,79.1,6.1,0.4889,dry_season,1
Nuwara Eliya,2019,4,21.4,13.3,17.4,259.1,19,82.3,5.4,0.4034,dry_season,1
Nuwara Eliya,2019,5,21.1,14.1,17.6,234.0,18,83.8,4.4,0.4046,southwest_monsoon,0
Nuwara Eliya,2019,6,20.1,13.8,17.0,417.4,20,88.9,3.9,0.2311,southwest_monsoon,0
Nuwara Eliya,2019,7,19.8,13.4,16.6,296.3,23,86.4,3.9,0.3387,southwest_monsoon,0
Nuwara Eliya,2019,8,20.0,13.4,16.7,261.8,19,86.1,4.4,0.3799,southwest_monsoon,0
Nuwara Eliya,2019,9,20.8,13.6,17.2,270.3,19,87.4,4.7,0.3787,southwest_monsoon,0
Nuwara Eliya,2019,10,20.5,13.1,16.8,315.5,19,89.5,3.3,0.309,northeast_monsoon,0
Nuwara Eliya,2019,11,19.6,12.0,15.8,472.9,21,89.1,3.9,0.2021,northeast_monsoon,0
Nuwara Eliya,2019,12,20.1,11.4,15.8,266.7,20,85.2,5.3,0.3945,dry_season,1
Nuwara Eliya,2020,1,19.9,10.7,15.3,139.6,17,81.7,5.0,0.5012,dry_season,1
Nuwara Eliya,2020,2,20.3,10.8,15.6,115.9,12,82.0,6.4,0.5517,dry_season,1
Nuwara Eliya,2020,3,21.2,12.0,16.6,155.0,12,77.8,5.8,0.5043,dry_season,1
Nuwara Eliya,2020,4,22.0,13.5,17.8,298.9,16,84.7,5.5,0.3701,dry_season,1
Nuwara Eliya,2020,5,21.6,14.3,18.0,312.5,19,84.3,4.4,0.3349,southwest_monsoon,0
Nuwara Eliya,2020,6,20.2,13.9,17.1,454.0,24,85.8,4.3,0.2105,southwest_monsoon,0
Nuwara Eliya,2020,7,19.3,13.2,16.2,268.2,24,87.1,4.0,0.3658,southwest_monsoon,0
Nuwara Eliya,2020,8,19.0,12.9,15.9,300.3,20,81.3,4.1,0.3394,southwest_monsoon,0
Nuwara Eliya,2020,9,20.4,13.3,16.9,365.4,20,85.8,4.7,0.2941,southwest_monsoon,0
Nuwara Eliya,2020,10,20.2,12.9,16.6,356.3,26,89.5,3.9,0.2854,northeast_monsoon,0
Nuwara Eliya,2020,11,19.7,12.0,15.8,375.8,21,85.5,3.8,0.266,northeast_monsoon,0
Nuwara Eliya,2020,12,19.3,11.0,15.2,252.7,22,83.5,4.7,0.3943,dry_season,1
Nuwara Eliya,2021,1,19.5,10.5,15.0,121.9,16,83.5,4.5,0.5064,dry_season,1
Nuwara Eliya,2021,2,20.3,10.8,15.6,96.6,9,77.9,6.3,0.5668,dry_season,1
Nuwara Eliya,2021,3,21.9,12.3,17.1,120.7,11,78.9,6.1,0.5411,dry_season,1
Nuwara Eliya,2021,4,21.9,13.5,17.7,182.7,15,79.4,5.6,0.4755,dry_season,1
Nuwara Eliya,2021,5,21.1,14.0,17.6,297.7,19,85.9,4.2,0.3438,southwest_monsoon,0
Nuwara Eliya,2021,6,20.0,13.7,16.9,338.7,20,88.2,3.7,0.2968,southwest_monsoon,0
Nuwara Eliya,2021,7,18.7,12.9,15.8,198.0,24,83.3,4.0,0.4282,southwest_monsoon,0
Nuwara Eliya,2021,8,19.1,13.0,16.1,272.2,20,85.5,4.9,0.3812,southwest_monsoon,0
Nuwara Eliya,2021,9,20.2,13.2,16.7,314.4,18,86.0,4.0,0.3247,southwest_monsoon,0
Nuwara Eliya,2021,10,19.5,12.6,16.1,367.9,22,86.5,4.3,0.2835,northeast_monsoon,0
Nuwara Eliya,2021,11,19.5,11.9,15.7,280.3,20,85.6,4.4,0.3635,northeast_monsoon,0
Nuwara Eliya,2021,12,20.4,11.5,15.9,211.3,16,86.3,4.7,0.4311,dry_season,1
Nuwara Eliya,2022,1,19.8,10.7,15.2,105.4,13,85.7,5.5,0.5421,dry_season,1
Nuwara Eliya,2022,2,21.1,11.3,16.2,86.2,10,80.7,6.5,0.5802,dry_season,1
Nuwara Eliya,2022,3,22.1,12.5,17.3,121.5,14,77.3,5.8,0.5341,dry_season,1
Nuwara Eliya,2022,4,22.0,13.6,17.8,190.9,18,78.9,5.4,0.464,dry_season,1
Nuwara Eliya,2022,5,21.3,14.2,17.8,291.1,19,82.9,4.5,0.356,southwest_monsoon,0
Nuwara Eliya,2022,6,20.2,13.9,17.1,308.5,24,93.2,4.1,0.3321,southwest_monsoon,0
Nuwara Eliya,2022,7,19.6,13.4,16.5,301.4,20,88.7,4.0,0.3363,southwest_monsoon,0
Nuwara Eliya,2022,8,19.7,13.3,16.5,246.0,17,89.3,4.7,0.4003,southwest_monsoon,0
Nuwara Eliya,2022,9,21.1,13.7,17.4,253.1,17,89.6,3.6,0.3708,southwest_monsoon,0
Nuwara Eliya,2022,10,20.2,13.0,16.6,303.6,22,88.1,3.6,0.3259,northeast_monsoon,0
Nuwara Eliya,2022,11,19.8,12.1,15.9,313.8,17,89.2,4.0,0.3253,northeast_monsoon,0
Nuwara Eliya,2022,12,19.3,11.0,15.2,222.4,18,83.1,5.4,0.436,dry_season,1
Nuwara Eliya,2023,1,20.2,10.9,15.6,119.3,14,79.6,4.9,0.5171,dry_season,1
Nuwara Eliya,2023,2,21.4,11.5,16.4,80.8,10,78.5,6.2,0.5787,dry_season,1
Nuwara Eliya,2023,3,22.3,12.6,17.4,119.7,10,78.3,6.3,0.5462,dry_season,1
Nuwara Eliya,2023,4,23.2,14.2,18.7,178.1,15,81.4,5.1,0.4691,dry_season,1
Nuwara Eliya,2023,5,21.6,14.4,18.0,247.4,19,85.8,4.7,0.399,southwest_monsoon,0
Nuwara Eliya,2023,6,20.1,13.9,17.0,320.1,19,86.1,4.4,0.3281,southwest_monsoon,0
Nuwara Eliya,2023,7,20.0,13.6,16.8,268.4,21,86.9,3.2,0.3488,southwest_monsoon,0
Nuwara Eliya,2023,8,20.0,13.5,16.8,235.3,19,86.1,4.4,0.4035,southwest_monsoon,0
Nuwara Eliya,2023,9,21.0,13.7,17.4,233.5,18,85.1,4.4,0.4051,southwest_monsoon,0
Nuwara Eliya,2023,10,20.8,13.3,17.1,303.0,20,90.7,4.0,0.3349,northeast_monsoon,0
Nuwara Eliya,2023,11,20.0,12.3,16.1,295.3,17,87.6,4.1,0.3438,northeast_monsoon,0
Nuwara Eliya,2023,12,19.0,10.9,14.9,159.1,17,87.4,4.6,0.4754,dry_season,1
Nuwara Eliya,2024,1,19.9,10.7,15.3,133.7,17,80.1,5.2,0.5106,dry_season,1
Nuwara Eliya,2024,2,20.9,11.2,16.0,109.1,11,81.0,6.3,0.5557,dry_season,1
Nuwara Eliya,2024,3,20.9,11.9,16.4,156.7,11,79.0,5.8,0.5028,dry_season,1
Nuwara Eliya,2024,4,22.8,14.0,18.4,227.2,19,83.6,5.6,0.4359,dry_season,1
Nuwara Eliya,2024,5,22.1,14.6,18.4,290.5,16,84.5,4.5,0.3565,southwest_monsoon,0
Nuwara Eliya,2024,6,19.8,13.7,16.8,426.2,23,89.1,3.7,0.2191,southwest_monsoon,0
Nuwara Eliya,2024,7,19.5,13.4,16.4,374.0,23,86.5,3.7,0.2655,southwest_monsoon,0
Nuwara Eliya,2024,8,19.4,13.2,16.3,239.3,20,85.6,4.3,0.3978,southwest_monsoon,0
Nuwara Eliya,2024,9,20.1,13.3,16.7,272.4,21,87.2,3.7,0.3558,southwest_monsoon,0
Nuwara Eliya,2024,10,19.7,12.8,16.2,355.9,22,89.7,3.6,0.2794,northeast_monsoon,0
Nuwara Eliya,2024,11,19.2,11.9,15.6,356.6,22,86.4,4.1,0.2893,northeast_monsoon,0
Nuwara Eliya,2024,12,19.2,11.0,15.1,199.9,19,84.0,4.7,0.4413,dry_season,1
Ella,2015,1,26.8,15.0,20.9,114.7,8,70.4,7.0,0.7254,dry_season,1
Ella,2015,2,26.5,14.9,20.7,94.3,7,71.8,8.0,0.7646,dry_season,1
Ella,2015,3,28.1,16.8,22.5,141.0,11,69.5,8.0,0.7231,dry_season,1
Ella,2015,4,27.6,18.1,22.9,179.1,14,72.0,6.3,0.6534,dry_season,1
Ella,2015,5,27.1,18.6,22.9,259.6,15,79.3,5.6,0.5671,southwest_monsoon,0
Ella,2015,6,26.4,18.1,22.2,178.0,15,81.0,5.7,0.6418,southwest_monsoon,0
Ella,2015,7,26.1,17.7,21.9,167.3,15,78.8,5.9,0.6555,southwest_monsoon,0
Ella,2015,8,26.1,17.5,21.8,116.0,12,79.6,5.9,0.7011,southwest_monsoon,0
Ella,2015,9,26.2,17.4,21.8,174.8,14,80.3,5.4,0.6383,southwest_monsoon,0
Ella,2015,10,25.6,16.8,21.2,360.4,18,81.9,4.9,0.4628,northeast_monsoon,0
Ella,2015,11,25.3,15.8,20.6,394.8,17,82.0,5.1,0.4364,northeast_monsoon,0
Ella,2015,12,24.9,14.9,19.9,230.4,12,77.5,6.1,0.4436,dry_season,1
Ella,2016,1,25.8,14.5,20.1,135.2,9,76.6,7.4,0.7156,dry_season,1
Ella,2016,2,26.3,14.8,20.6,109.5,7,69.2,8.1,0.7532,dry_season,1
Ella,2016,3,27.8,16.6,22.2,144.0,12,72.6,7.4,0.7078,dry_season,1
Ella,2016,4,28.5,18.4,23.4,240.2,13,72.4,6.4,0.6012,dry_season,1
Ella,2016,5,27.5,18.8,23.1,327.6,16,78.9,5.3,0.5004,southwest_monsoon,0
Ella,2016,6,26.2,18.0,22.1,197.2,16,81.0,5.4,0.6184,southwest_monsoon,0
Ella,2016,7,25.9,17.6,21.8,173.7,15,79.8,5.5,0.6414,southwest_monsoon,0
Ella,2016,8,25.8,17.3,21.6,138.9,14,79.4,6.4,0.6913,southwest_monsoon,0
Ella,2016,9,26.5,17.5,22.0,231.2,16,79.8,6.0,0.6008,southwest_monsoon,0
Ella,2016,10,26.1,17.1,21.6,270.8,15,81.3,4.9,0.5424,northeast_monsoon,0
Ella,2016,11,26.2,16.2,21.2,440.2,17,76.4,5.7,0.4087,northeast_monsoon,0
Ella,2016,12,24.9,14.9,19.9,190.7,13,76.1,6.0,0.4768,dry_season,1
Ella,2017,1,25.3,14.3,19.8,122.3,10,78.1,6.9,0.5566,dry_season,1
Ella,2017,2,26.8,15.1,20.9,61.8,9,73.9,7.7,0.7872,dry_season,1
Ella,2017,3,27.9,16.8,22.4,142.7,10,75.3,7.4,0.7089,dry_season,1
Ella,2017,4,27.5,18.0,22.8,241.7,15,74.2,6.6,0.6041,dry_season,1
Ella,2017,5,27.4,18.8,23.1,238.2,15,80.2,5.8,0.5904,southwest_monsoon,0
Ella,2017,6,26.2,18.0,22.1,207.9,17,80.9,5.3,0.6068,southwest_monsoon,0
Ella,2017,7,25.2,17.3,21.2,182.0,13,78.8,5.3,0.6298,southwest_monsoon,0
Ella,2017,8,26.6,17.8,22.2,97.1,13,80.4,6.8,0.7368,southwest_monsoon,0
Ella,2017,9,26.4,17.5,21.9,226.8,15,81.1,5.8,0.6005,southwest_monsoon,0
Ella,2017,10,26.1,17.1,21.6,296.8,16,83.3,5.2,0.5257,northeast_monsoon,0
Ella,2017,11,25.9,16.1,21.0,204.6,15,80.0,5.7,0.6181,northeast_monsoon,0
Ella,2017,12,25.1,15.0,20.1,217.6,11,77.8,6.5,0.6234,dry_season,1
Ella,2018,1,25.8,14.6,20.2,88.1,10,75.9,7.0,0.7491,dry_season,1
Ella,2018,2,27.5,15.5,21.5,90.8,7,70.9,8.0,0.7677,dry_season,1
Ella,2018,3,28.8,17.2,23.0,138.2,10,70.7,7.9,0.7235,dry_season,1
Ella,2018,4,28.6,18.6,23.6,220.1,13,72.5,6.2,0.6149,dry_season,1
Ella,2018,5,27.1,18.6,22.9,231.1,14,75.2,5.5,0.5904,southwest_monsoon,0
Ella,2018,6,26.5,18.2,22.4,187.2,15,82.9,5.1,0.621,southwest_monsoon,0
Ella,2018,7,25.4,17.4,21.4,135.2,12,81.7,5.4,0.6735,southwest_monsoon,0
Ella,2018,8,26.1,17.5,21.8,119.0,12,77.5,5.3,0.6858,southwest_monsoon,0
Ella,2018,9,26.5,17.6,22.1,213.3,11,74.0,6.0,0.6167,southwest_monsoon,0
Ella,2018,10,26.3,17.2,21.8,347.9,15,80.0,5.6,0.4887,northeast_monsoon,0
Ella,2018,11,26.1,16.2,21.1,262.8,15,82.1,5.6,0.5643,northeast_monsoon,0
Ella,2018,12,26.5,15.7,21.1,189.0,11,73.5,6.0,0.6383,dry_season,1
Ella,2019,1,25.8,14.6,20.2,113.0,10,72.4,7.0,0.7269,dry_season,1
Ella,2019,2,27.6,15.5,21.6,94.0,8,70.3,7.8,0.7607,dry_season,1
Ella,2019,3,28.7,17.2,22.9,127.7,10,67.3,7.3,0.7202,dry_season,1
Ella,2019,4,27.8,18.1,23.0,234.2,15,74.4,6.8,0.615,dry_season,1
Ella,2019,5,27.6,18.9,23.2,260.2,17,79.5,5.8,0.5708,southwest_monsoon,0
Ella,2019,6,26.1,18.0,22.1,149.0,18,82.9,5.3,0.6591,southwest_monsoon,0
Ella,2019,7,26.3,17.8,22.1,192.2,15,78.8,5.6,0.6271,southwest_monsoon,0
Ella,2019,8,26.0,17.4,21.7,148.5,12,79.1,6.3,0.6806,southwest_monsoon,0
Ella,2019,9,26.4,17.5,21.9,249.0,11,78.9,5.2,0.5681,southwest_monsoon,0
Ella,2019,10,25.6,16.9,21.2,302.2,16,83.9,5.2,0.5209,northeast_monsoon,0
Ella,2019,11,25.8,16.1,21.0,346.9,14,82.1,5.7,0.4916,northeast_monsoon,0
Ella,2019,12,25.3,15.1,20.2,219.4,10,78.6,5.9,0.6092,dry_season,1
Ella,2020,1,26.2,14.7,20.4,112.8,12,71.6,6.9,0.725,dry_season,1
Ella,2020,2,27.8,15.6,21.7,89.2,8,71.2,8.0,0.7691,dry_season,1
Ella,2020,3,28.1,16.8,22.5,148.8,10,71.5,7.5,0.7056,dry_season,1
Ella,2020,4,27.8,18.1,23.0,257.2,11,73.6,6.2,0.5819,dry_season,1
Ella,2020,5,28.2,19.1,23.6,308.3,17,79.0,5.7,0.526,southwest_monsoon,0
Ella,2020,6,26.4,18.1,22.2,192.5,18,82.4,5.6,0.6268,southwest_monsoon,0
Ella,2020,7,26.0,17.6,21.8,178.7,17,79.3,5.8,0.6433,southwest_monsoon,0
Ella,2020,8,25.8,17.3,21.6,149.0,12,77.1,6.4,0.6823,southwest_monsoon,0
Ella,2020,9,26.4,17.5,21.9,248.8,16,79.6,5.7,0.5788,southwest_monsoon,0
Ella,2020,10,26.6,17.3,22.0,276.9,18,77.7,5.0,0.5391,northeast_monsoon,0
Ella,2020,11,25.5,15.9,20.7,427.6,17,77.5,5.5,0.4157,northeast_monsoon,0
Ella,2020,12,25.0,14.9,19.9,206.5,15,78.1,6.1,0.4649,dry_season,1
Ella,2021,1,25.5,14.3,19.9,116.7,11,77.2,7.3,0.57,dry_season,1
Ella,2021,2,26.6,15.0,20.8,80.9,8,70.9,7.4,0.7639,dry_season,1
Ella,2021,3,28.6,17.1,22.9,134.7,10,68.3,7.4,0.7161,dry_season,1
Ella,2021,4,28.7,18.6,23.6,191.2,17,74.0,6.6,0.649,dry_season,1
Ella,2021,5,27.0,18.5,22.8,241.5,18,74.6,5.6,0.5832,southwest_monsoon,0
Ella,2021,6,26.7,18.3,22.5,166.5,14,82.2,5.2,0.6415,southwest_monsoon,0
Ella,2021,7,25.1,17.2,21.1,168.5,12,80.4,6.2,0.6607,southwest_monsoon,0
Ella,2021,8,25.6,17.2,21.4,138.6,11,81.0,5.9,0.681,southwest_monsoon,0
Ella,2021,9,26.9,17.7,22.3,216.4,12,78.1,5.8,0.6097,southwest_monsoon,0
Ella,2021,10,26.1,17.1,21.6,361.6,15,81.0,5.3,0.4702,northeast_monsoon,0
Ella,2021,11,25.0,15.6,20.3,342.5,14,79.1,5.8,0.4977,northeast_monsoon,0
Ella,2021,12,25.2,15.0,20.1,183.5,14,76.5,6.2,0.6474,dry_season,1
Ella,2022,1,26.1,14.7,20.4,99.4,9,72.7,7.4,0.7474,dry_season,1
Ella,2022,2,27.8,15.6,21.7,99.8,6,72.0,7.6,0.7513,dry_season,1
Ella,2022,3,28.2,16.9,22.5,141.6,10,67.6,6.9,0.6994,dry_season,1
Ella,2022,4,28.5,18.5,23.5,225.8,13,75.4,6.2,0.6098,dry_season,1
Ella,2022,5,27.4,18.8,23.1,256.9,13,82.2,6.3,0.5843,southwest_monsoon,0
Ella,2022,6,26.4,18.2,22.3,170.5,14,82.8,4.9,0.6316,southwest_monsoon,0
Ella,2022,7,25.9,17.7,21.8,179.4,13,77.5,5.2,0.63,southwest_monsoon,0
Ella,2022,8,26.3,17.7,22.0,138.8,8,80.4,5.8,0.6787,southwest_monsoon,0
Ella,2022,9,26.7,17.7,22.2,220.9,12,81.4,6.0,0.61,southwest_monsoon,0
Ella,2022,10,26.7,17.4,22.0,229.7,14,80.8,5.3,0.5874,northeast_monsoon,0
Ella,2022,11,25.9,16.1,21.0,286.0,14,77.8,5.3,0.5374,northeast_monsoon,0
Ella,2022,12,25.0,15.0,20.0,199.3,12,77.9,5.9,0.6271,dry_season,1
Ella,2023,1,25.7,14.6,20.1,93.0,8,73.1,7.6,0.7573,dry_season,1
Ella,2023,2,27.7,15.6,21.6,87.6,6,72.8,7.7,0.7642,dry_season,1
Ella,2023,3,29.4,17.6,23.5,135.7,8,68.3,7.5,0.7173,dry_season,1
Ella,2023,4,28.6,18.6,23.6,222.2,13,71.0,6.9,0.6278,dry_season,1
Ella,2023,5,28.0,19.1,23.6,198.4,15,83.0,5.6,0.6215,southwest_monsoon,0
Ella,2023,6,27.8,18.9,23.4,192.5,14,82.8,5.2,0.6184,southwest_monsoon,0
Ella,2023,7,26.1,17.8,22.0,173.3,13,81.3,5.7,0.646,southwest_monsoon,0
Ella,2023,8,26.6,17.8,22.2,129.6,10,77.8,5.7,0.6848,southwest_monsoon,0
Ella,2023,9,26.9,17.8,22.4,216.3,15,80.0,5.7,0.6077,southwest_monsoon,0
Ella,2023,10,26.7,17.5,22.1,238.2,15,82.7,5.1,0.5756,northeast_monsoon,0
Ella,2023,11,25.9,16.2,21.0,282.7,13,81.8,5.0,0.534,northeast_monsoon,0
Ella,2023,12,25.8,15.4,20.6,183.4,11,75.7,6.2,0.6475,dry_season,1
Ella,2024,1,26.6,15.0,20.8,121.3,9,69.7,7.3,0.7259,dry_season,1
Ella,2024,2,27.8,15.7,21.8,86.1,8,69.2,7.5,0.7614,dry_season,1
Ella,2024,3,29.0,17.4,23.2,148.9,9,72.4,7.7,0.7097,dry_season,1
Ella,2024,4,28.4,18.5,23.4,230.8,12,74.8,6.5,0.6117,dry_season,1
Ella,2024,5,27.1,18.6,22.9,215.5,18,77.7,5.2,0.5979,southwest_monsoon,0
Ella,2024,6,27.1,18.6,22.9,191.6,13,83.5,4.8,0.6107,southwest_monsoon,0
Ella,2024,7,26.0,17.7,21.9,152.0,15,82.2,5.6,0.6628,southwest_monsoon,0
Ella,2024,8,26.9,17.9,22.4,128.6,12,80.5,5.5,0.6815,southwest_monsoon,0
Ella,2024,9,26.2,17.5,21.9,199.8,14,80.1,5.7,0.6224,southwest_monsoon,0
Ella,2024,10,26.0,17.1,21.6,304.2,18,83.1,4.9,0.5128,northeast_monsoon,0
Ella,2024,11,25.2,15.8,20.5,289.2,14,79.8,5.1,0.5303,northeast_monsoon,0
Ella,2024,12,24.9,15.0,19.9,175.6,12,77.1,5.9,0.4881,dry_season,1
Galle Fort,2015,1,29.9,23.0,26.4,83.6,7,80.3,8.3,0.9004,dry_season,1
Galle Fort,2015,2,31.3,23.7,27.5,55.8,5,72.7,9.1,0.942,dry_season,1
Galle Fort,2015,3,31.7,24.5,28.1,156.7,8,78.0,8.1,0.8312,dry_season,1
Galle Fort,2015,4,31.2,25.2,28.2,255.2,15,76.3,7.5,0.7311,dry_season,1
Galle Fort,2015,5,30.7,25.5,28.1,439.4,19,80.9,6.0,0.5357,southwest_monsoon,0
Galle Fort,2015,6,29.6,24.7,27.1,273.8,22,84.3,5.9,0.6808,southwest_monsoon,0
Galle Fort,2015,7,29.3,24.5,26.9,124.4,15,84.5,6.5,0.8263,southwest_monsoon,0
Galle Fort,2015,8,29.1,24.2,26.6,112.6,12,79.8,7.0,0.8473,southwest_monsoon,0
Galle Fort,2015,9,30.1,24.5,27.3,301.1,19,82.0,6.0,0.6587,southwest_monsoon,0
Galle Fort,2015,10,29.6,23.8,26.7,366.3,17,80.6,6.1,0.6028,northeast_monsoon,0
Galle Fort,2015,11,29.2,23.1,26.1,274.1,15,81.4,6.7,0.6974,northeast_monsoon,0
Galle Fort,2015,12,30.4,23.4,26.9,153.4,11,78.9,7.8,0.8279,dry_season,1
Galle Fort,2016,1,30.1,23.1,26.6,95.1,6,78.7,8.6,0.8965,dry_season,1
Galle Fort,2016,2,31.1,23.5,27.3,64.1,5,74.6,8.9,0.9304,dry_season,1
Galle Fort,2016,3,31.7,24.5,28.1,181.2,8,76.6,8.2,0.8116,dry_season,1
Galle Fort,2016,4,31.3,25.2,28.2,248.3,13,80.4,7.8,0.7435,dry_season,1
Galle Fort,2016,5,30.0,25.1,27.6,495.8,19,82.9,6.7,0.5411,southwest_monsoon,0
Galle Fort,2016,6,29.6,24.7,27.1,260.6,21,81.2,5.9,0.6926,southwest_monsoon,0
Galle Fort,2016,7,29.0,24.3,26.6,138.7,19,81.5,6.4,0.8114,southwest_monsoon,0
Galle Fort,2016,8,29.4,24.3,26.9,118.0,14,83.7,6.7,0.8362,southwest_monsoon,0
Galle Fort,2016,9,29.5,24.2,26.9,307.5,17,80.8,6.3,0.6593,southwest_monsoon,0
Galle Fort,2016,10,29.1,23.5,26.3,511.0,17,79.4,6.6,0.5389,northeast_monsoon,0
Galle Fort,2016,11,29.7,23.3,26.5,346.1,17,79.7,6.9,0.6376,northeast_monsoon,0
Galle Fort,2016,12,29.8,23.1,26.5,177.7,10,76.3,7.0,0.7894,dry_season,1
Galle Fort,2017,1,30.4,23.2,26.8,108.1,6,78.8,8.6,0.885,dry_season,1
Galle Fort,2017,2,31.1,23.6,27.4,67.5,6,72.7,9.1,0.9316,dry_season,1
Galle Fort,2017,3,31.7,24.5,28.1,114.2,8,75.2,8.6,0.8795,dry_season,1
Galle Fort,2017,4,31.1,25.2,28.1,259.8,12,79.1,7.7,0.7312,dry_season,1
Galle Fort,2017,5,30.1,25.3,27.7,317.8,18,88.9,6.0,0.6438,southwest_monsoon,0
Galle Fort,2017,6,29.7,24.8,27.2,207.7,21,89.2,5.7,0.7354,southwest_monsoon,0
Galle Fort,2017,7,28.6,24.1,26.4,106.6,15,82.3,7.1,0.8547,southwest_monsoon,0
Galle Fort,2017,8,29.5,24.4,26.9,76.0,12,84.8,6.8,0.8756,southwest_monsoon,0
Galle Fort,2017,9,29.1,24.0,26.6,253.5,17,81.2,6.1,0.7031,southwest_monsoon,0
Galle Fort,2017,10,29.4,23.7,26.5,302.7,19,81.5,6.4,0.6657,northeast_monsoon,0
Galle Fort,2017,11,29.7,23.3,26.5,244.4,16,85.2,6.6,0.7217,northeast_monsoon,0
Galle Fort,2017,12,29.5,23.0,26.2,188.3,10,81.5,8.0,0.801,dry_season,1
Galle Fort,2018,1,30.5,23.4,26.9,78.4,7,79.2,8.5,0.9093,dry_season,1
Galle Fort,2018,2,30.7,23.5,27.1,50.9,4,74.9,8.8,0.94,dry_season,1
Galle Fort,2018,3,32.1,24.7,28.4,114.3,8,77.7,8.4,0.8752,dry_season,1
Galle Fort,2018,4,30.4,24.8,27.6,202.9,15,78.0,7.5,0.7775,dry_season,1
Galle Fort,2018,5,29.7,25.1,27.4,378.5,16,82.8,5.9,0.5878,southwest_monsoon,0
Galle Fort,2018,6,29.5,24.7,27.1,217.2,19,87.5,5.2,0.7164,southwest_monsoon,0
Galle Fort,2018,7,29.6,24.6,27.1,111.9,14,85.2,6.4,0.8353,southwest_monsoon,0
Galle Fort,2018,8,29.7,24.5,27.1,95.4,12,85.9,6.8,0.8584,southwest_monsoon,0
Galle Fort,2018,9,29.9,24.4,27.1,258.5,18,83.8,6.4,0.705,southwest_monsoon,0
Galle Fort,2018,10,29.4,23.7,26.5,378.0,16,81.0,6.4,0.5987,northeast_monsoon,0
Galle Fort,2018,11,29.9,23.4,26.6,293.9,15,83.4,6.8,0.6819,northeast_monsoon,0
Galle Fort,2018,12,30.4,23.5,26.9,154.2,8,78.8,8.0,0.8314,dry_season,1
Galle Fort,2019,1,31.0,23.6,27.3,82.0,7,74.8,8.2,0.8997,dry_season,1
Galle Fort,2019,2,30.6,23.4,27.0,65.0,5,76.8,8.5,0.9212,dry_season,1
Galle Fort,2019,3,31.1,24.2,27.6,160.9,10,74.7,8.6,0.838,dry_season,1
Galle Fort,2019,4,31.5,25.4,28.4,214.0,15,80.1,7.7,0.7719,dry_season,1
Galle Fort,2019,5,29.9,25.2,27.5,353.8,18,84.9,6.3,0.6181,southwest_monsoon,0
Galle Fort,2019,6,29.0,24.4,26.7,290.3,21,86.3,5.5,0.6577,southwest_monsoon,0
Galle Fort,2019,7,28.9,24.3,26.6,156.0,15,82.0,6.6,0.8003,southwest_monsoon,0
Galle Fort,2019,8,28.5,23.9,26.2,122.7,13,82.5,6.3,0.8236,southwest_monsoon,0
Galle Fort,2019,9,29.8,24.3,27.1,256.1,19,83.7,6.3,0.705,southwest_monsoon,0
Galle Fort,2019,10,29.7,23.9,26.8,384.5,20,83.2,5.7,0.5782,northeast_monsoon,0
Galle Fort,2019,11,29.3,23.1,26.2,304.0,17,80.7,6.7,0.6708,northeast_monsoon,0
Galle Fort,2019,12,30.5,23.5,27.0,191.6,11,80.7,7.3,0.7834,dry_season,1
Galle Fort,2020,1,30.4,23.2,26.8,101.4,8,77.5,9.1,0.9014,dry_season,1
Galle Fort,2020,2,31.2,23.6,27.4,73.7,5,78.1,8.9,0.9219,dry_season,1
Galle Fort,2020,3,31.1,24.2,27.6,171.5,8,76.7,8.5,0.8265,dry_season,1
Galle Fort,2020,4,30.3,24.7,27.5,281.9,15,79.2,7.7,0.7115,dry_season,1
Galle Fort,2020,5,31.1,25.7,28.4,396.4,25,87.9,5.8,0.5697,southwest_monsoon,0
Galle Fort,2020,6,29.4,24.6,27.0,314.7,20,84.0,6.3,0.6529,southwest_monsoon,0
Galle Fort,2020,7,29.6,24.6,27.1,186.6,15,88.0,6.7,0.7752,southwest_monsoon,0
Galle Fort,2020,8,29.0,24.1,26.6,120.3,15,84.7,6.9,0.8383,southwest_monsoon,0
Galle Fort,2020,9,29.6,24.2,26.9,298.6,20,77.9,6.4,0.6693,southwest_monsoon,0
Galle Fort,2020,10,29.4,23.7,26.5,398.8,21,81.6,5.9,0.5697,northeast_monsoon,0
Galle Fort,2020,11,30.3,23.6,27.0,396.5,18,79.9,6.6,0.5865,northeast_monsoon,0
Galle Fort,2020,12,29.6,23.0,26.3,184.8,10,79.2,7.5,0.7936,dry_season,1
Galle Fort,2021,1,30.4,23.2,26.8,72.6,6,77.5,8.8,0.9207,dry_season,1
Galle Fort,2021,2,31.0,23.5,27.2,64.6,4,74.6,9.0,0.9321,dry_season,1
Galle Fort,2021,3,31.2,24.2,27.7,118.2,7,75.0,8.3,0.8697,dry_season,1
Galle Fort,2021,4,30.9,25.0,27.9,227.6,14,80.0,7.3,0.7514,dry_season,1
Galle Fort,2021,5,30.5,25.4,27.9,348.5,17,83.0,5.7,0.6102,southwest_monsoon,0
Galle Fort,2021,6,29.2,24.5,26.9,228.1,18,85.4,5.5,0.713,southwest_monsoon,0
Galle Fort,2021,7,29.2,24.4,26.8,129.7,14,83.9,6.4,0.8194,southwest_monsoon,0
Galle Fort,2021,8,28.8,24.0,26.4,120.0,11,83.6,6.3,0.826,southwest_monsoon,0
Galle Fort,2021,9,29.4,24.1,26.8,335.3,15,82.8,6.5,0.6388,southwest_monsoon,0
Galle Fort,2021,10,28.7,23.3,26.0,343.8,20,80.9,6.0,0.6207,northeast_monsoon,0
Galle Fort,2021,11,29.5,23.1,26.3,275.9,15,83.7,7.2,0.7063,northeast_monsoon,0
Galle Fort,2021,12,30.0,23.2,26.6,171.1,10,74.1,7.8,0.8121,dry_season,1
Galle Fort,2022,1,30.3,23.2,26.8,84.2,5,76.9,8.5,0.9041,dry_season,1
Galle Fort,2022,2,31.7,23.9,27.8,71.0,5,74.3,8.9,0.9243,dry_season,1
Galle Fort,2022,3,30.9,24.1,27.5,109.8,8,75.5,8.9,0.8898,dry_season,1
Galle Fort,2022,4,31.2,25.2,28.2,274.5,16,78.7,7.9,0.7223,dry_season,1
Galle Fort,2022,5,30.6,25.5,28.1,294.2,16,84.4,6.5,0.6753,southwest_monsoon,0
Galle Fort,2022,6,29.2,24.6,26.9,222.2,17,83.9,5.6,0.7204,southwest_monsoon,0
Galle Fort,2022,7,29.1,24.4,26.8,145.5,15,86.4,6.2,0.8012,southwest_monsoon,0
Galle Fort,2022,8,29.2,24.3,26.8,97.6,13,83.4,6.7,0.8543,southwest_monsoon,0
Galle Fort,2022,9,29.4,24.2,26.8,255.1,17,83.8,6.1,0.7017,southwest_monsoon,0
Galle Fort,2022,10,29.6,23.8,26.7,297.0,18,84.5,5.9,0.6602,northeast_monsoon,0
Galle Fort,2022,11,29.5,23.3,26.4,299.8,14,79.9,6.1,0.6619,northeast_monsoon,0
Galle Fort,2022,12,29.6,23.1,26.4,136.6,10,77.6,7.5,0.8365,dry_season,1
Galle Fort,2023,1,29.7,23.0,26.4,53.5,6,71.5,8.3,0.9272,dry_season,1
Galle Fort,2023,2,31.0,23.6,27.3,54.3,4,75.8,9.3,0.9475,dry_season,1
Galle Fort,2023,3,31.9,24.6,28.2,86.3,8,77.0,8.6,0.9043,dry_season,1
Galle Fort,2023,4,33.1,26.2,29.6,157.3,12,79.6,7.9,0.8265,dry_season,1
Galle Fort,2023,5,30.7,25.6,28.1,320.5,18,81.0,5.9,0.6393,southwest_monsoon,0
Galle Fort,2023,6,30.1,25.1,27.6,213.3,16,87.5,5.6,0.7283,southwest_monsoon,0
Galle Fort,2023,7,29.3,24.5,26.9,129.5,14,85.4,6.3,0.8175,southwest_monsoon,0
Galle Fort,2023,8,30.3,24.9,27.6,98.2,11,85.6,7.0,0.8601,southwest_monsoon,0
Galle Fort,2023,9,29.5,24.3,26.9,246.6,15,83.2,6.3,0.7134,southwest_monsoon,0
Galle Fort,2023,10,30.0,24.1,27.1,305.7,19,84.0,6.3,0.6609,northeast_monsoon,0
Galle Fort,2023,11,30.3,23.7,27.0,252.2,16,81.8,6.4,0.7106,northeast_monsoon,0
Galle Fort,2023,12,30.8,23.7,27.2,134.0,7,77.2,7.6,0.8409,dry_season,1
Galle Fort,2024,1,30.9,23.5,27.2,77.3,7,77.6,8.7,0.9144,dry_season,1
Galle Fort,2024,2,30.6,23.4,27.0,66.8,5,71.7,8.0,0.909,dry_season,1
Galle Fort,2024,3,32.2,24.8,28.5,144.6,10,74.1,8.5,0.8504,dry_season,1
Galle Fort,2024,4,32.1,25.7,28.9,266.2,16,76.8,7.3,0.7171,dry_season,1
Galle Fort,2024,5,30.3,25.4,27.9,357.2,17,86.4,5.9,0.6067,southwest_monsoon,0
Galle Fort,2024,6,29.6,24.8,27.2,267.0,16,85.5,5.7,0.6827,southwest_monsoon,0
Galle Fort,2024,7,28.6,24.2,26.4,140.6,18,85.8,6.1,0.8034,southwest_monsoon,0
Galle Fort,2024,8,29.5,24.5,27.0,131.8,13,83.4,6.5,0.8197,southwest_monsoon,0
Galle Fort,2024,9,29.8,24.4,27.1,297.7,18,79.7,6.6,0.6743,southwest_monsoon,0
Galle Fort,2024,10,29.4,23.8,26.6,348.6,16,86.8,6.2,0.6207,northeast_monsoon,0
Galle Fort,2024,11,30.5,23.8,27.1,326.5,16,78.1,6.7,0.6508,northeast_monsoon,0
Galle Fort,2024,12,30.1,23.4,26.8,169.9,10,77.7,7.3,0.8027,dry_season,1
Mirissa,2015,1,29.5,23.0,26.2,71.6,8,77.1,8.5,0.9153,dry_season,1
Mirissa,2015,2,30.4,23.3,26.9,67.8,5,73.1,8.5,0.9187,dry_season,1
Mirissa,2015,3,31.5,24.4,27.9,150.9,8,73.8,8.1,0.8364,dry_season,1
Mirissa,2015,4,31.6,25.4,28.5,190.6,13,79.1,6.7,0.7716,dry_season,1
Mirissa,2015,5,30.9,25.7,28.3,352.0,21,79.3,6.1,0.6155,southwest_monsoon,0
Mirissa,2015,6,29.3,24.7,27.0,255.6,17,85.1,6.1,0.7012,southwest_monsoon,0
Mirissa,2015,7,28.2,23.9,26.0,126.7,13,84.1,6.6,0.8263,southwest_monsoon,0
Mirissa,2015,8,29.5,24.4,26.9,107.7,11,82.6,7.0,0.8516,southwest_monsoon,0
Mirissa,2015,9,29.7,24.4,27.0,256.7,17,84.4,6.3,0.7045,southwest_monsoon,0
Mirissa,2015,10,28.8,23.4,26.1,392.3,18,84.4,6.2,0.5818,northeast_monsoon,0
Mirissa,2015,11,29.2,23.1,26.1,271.9,14,83.5,6.7,0.6994,northeast_monsoon,0
Mirissa,2015,12,29.6,23.1,26.4,149.0,9,76.2,7.9,0.8339,dry_season,1
Mirissa,2016,1,30.3,23.3,26.8,81.7,7,73.0,8.6,0.9084,dry_season,1
Mirissa,2016,2,30.9,23.5,27.2,82.7,5,75.4,9.0,0.916,dry_season,1
Mirissa,2016,3,30.9,24.1,27.5,167.3,11,73.5,8.6,0.8323,dry_season,1
Mirissa,2016,4,31.8,25.5,28.6,271.8,14,77.5,7.7,0.7205,dry_season,1
Mirissa,2016,5,30.8,25.6,28.2,404.3,17,82.6,5.6,0.5585,southwest_monsoon,0
Mirissa,2016,6,29.5,24.7,27.1,264.7,16,85.3,6.4,0.6994,southwest_monsoon,0
Mirissa,2016,7,28.4,24.0,26.2,160.1,16,82.3,6.5,0.7945,southwest_monsoon,0
Mirissa,2016,8,29.7,24.5,27.1,134.8,13,84.2,7.1,0.8297,southwest_monsoon,0
Mirissa,2016,9,29.1,24.0,26.6,296.4,19,81.5,7.0,0.6839,southwest_monsoon,0
Mirissa,2016,10,29.6,23.8,26.7,310.4,19,78.3,6.5,0.6609,northeast_monsoon,0
Mirissa,2016,11,29.1,23.0,26.1,306.2,14,80.8,6.7,0.6689,northeast_monsoon,0
Mirissa,2016,12,29.9,23.2,26.5,166.3,12,80.3,7.6,0.8122,dry_season,1
Mirissa,2017,1,30.2,23.3,26.8,71.8,6,75.7,8.7,0.9193,dry_season,1
Mirissa,2017,2,31.3,23.8,27.6,48.0,5,73.2,9.4,0.9552,dry_season,1
Mirissa,2017,3,31.6,24.5,28.1,125.9,10,75.1,8.0,0.8565,dry_season,1
Mirissa,2017,4,31.5,25.4,28.4,252.3,13,77.5,7.2,0.7273,dry_season,1
Mirissa,2017,5,30.8,25.7,28.2,269.7,17,83.9,6.2,0.6908,southwest_monsoon,0
Mirissa,2017,6,29.8,24.9,27.4,222.1,18,83.2,5.8,0.7247,southwest_monsoon,0
Mirissa,2017,7,29.6,24.7,27.1,127.7,13,81.9,5.6,0.8044,southwest_monsoon,0
Mirissa,2017,8,28.7,24.1,26.4,92.9,13,83.6,6.9,0.8627,southwest_monsoon,0
Mirissa,2017,9,29.4,24.2,26.8,258.2,15,80.7,6.4,0.7052,southwest_monsoon,0
Mirissa,2017,10,29.0,23.6,26.3,318.9,17,81.2,6.3,0.6492,northeast_monsoon,0
Mirissa,2017,11,29.4,23.2,26.3,309.7,16,78.0,6.4,0.6594,northeast_monsoon,0
Mirissa,2017,12,29.7,23.2,26.4,127.8,11,78.0,7.6,0.8464,dry_season,1
Mirissa,2018,1,30.9,23.7,27.3,77.5,6,74.4,8.3,0.9058,dry_season,1
Mirissa,2018,2,31.6,23.9,27.8,50.1,5,77.7,9.3,0.9513,dry_season,1
Mirissa,2018,3,31.5,24.5,28.0,129.2,8,71.9,9.2,0.8788,dry_season,1
Mirissa,2018,4,30.6,25.0,27.8,231.3,12,78.9,6.9,0.7397,dry_season,1
Mirissa,2018,5,30.7,25.6,28.1,358.2,19,81.1,6.3,0.6142,southwest_monsoon,0
Mirissa,2018,6,29.4,24.7,27.0,207.3,18,85.9,6.2,0.7463,southwest_monsoon,0
Mirissa,2018,7,29.9,24.8,27.4,108.0,15,85.5,7.0,0.8514,southwest_monsoon,0
Mirissa,2018,8,30.2,24.8,27.5,82.3,10,84.4,6.7,0.8679,southwest_monsoon,0
Mirissa,2018,9,29.3,24.2,26.8,251.3,16,83.6,6.9,0.7219,southwest_monsoon,0
Mirissa,2018,10,29.4,23.8,26.6,282.9,17,81.9,6.7,0.6896,northeast_monsoon,0
Mirissa,2018,11,29.7,23.4,26.5,205.6,17,77.4,6.5,0.7541,northeast_monsoon,0
Mirissa,2018,12,30.2,23.4,26.8,163.6,9,78.9,7.4,0.8104,dry_season,1
Mirissa,2019,1,30.4,23.4,26.9,110.3,8,75.7,8.1,0.8725,dry_season,1
Mirissa,2019,2,31.3,23.8,27.6,69.4,5,70.3,8.8,0.9236,dry_season,1
Mirissa,2019,3,31.8,24.6,28.2,138.7,10,75.7,8.7,0.8599,dry_season,1
Mirissa,2019,4,31.4,25.3,28.4,214.4,15,80.9,7.3,0.7631,dry_season,1
Mirissa,2019,5,30.4,25.5,27.9,385.5,21,84.3,5.9,0.5815,southwest_monsoon,0
Mirissa,2019,6,30.4,25.2,27.8,229.9,19,86.3,5.9,0.7199,southwest_monsoon,0
Mirissa,2019,7,29.2,24.5,26.9,126.7,16,82.2,6.8,0.8305,southwest_monsoon,0
Mirissa,2019,8,29.9,24.7,27.3,131.8,13,84.1,6.9,0.8281,southwest_monsoon,0
Mirissa,2019,9,29.3,24.1,26.7,260.1,18,79.9,5.9,0.693,southwest_monsoon,0
Mirissa,2019,10,30.3,24.2,27.2,340.2,17,81.4,6.2,0.6281,northeast_monsoon,0
Mirissa,2019,11,30.4,23.7,27.0,214.4,16,77.6,7.2,0.761,northeast_monsoon,0
Mirissa,2019,12,29.6,23.1,26.4,197.2,9,79.3,7.5,0.7826,dry_season,1
Mirissa,2020,1,30.4,23.4,26.9,77.6,7,78.2,8.7,0.9142,dry_season,1
Mirissa,2020,2,31.3,23.8,27.6,74.6,6,74.0,9.1,0.9253,dry_season,1
Mirissa,2020,3,31.0,24.2,27.6,150.3,9,74.3,9.1,0.858,dry_season,1
Mirissa,2020,4,31.4,25.3,28.4,253.6,16,82.6,7.2,0.7262,dry_season,1
Mirissa,2020,5,30.5,25.5,28.0,364.0,21,85.2,5.7,0.5964,southwest_monsoon,0
Mirissa,2020,6,29.7,24.8,27.2,273.6,18,86.7,5.8,0.6789,southwest_monsoon,0
Mirissa,2020,7,29.6,24.6,27.1,122.7,17,86.8,7.0,0.8383,southwest_monsoon,0
Mirissa,2020,8,28.8,24.1,26.5,102.9,14,86.6,6.9,0.8538,southwest_monsoon,0
Mirissa,2020,9,29.8,24.4,27.1,268.0,20,81.1,6.2,0.6923,southwest_monsoon,0
Mirissa,2020,10,30.3,24.2,27.2,364.3,20,81.7,6.8,0.6193,northeast_monsoon,0
Mirissa,2020,11,29.5,23.2,26.4,312.1,17,78.8,6.9,0.6678,northeast_monsoon,0
Mirissa,2020,12,29.8,23.2,26.5,176.4,12,75.0,7.2,0.7948,dry_season,1
Mirissa,2021,1,29.7,23.0,26.4,62.4,6,74.6,8.1,0.9151,dry_season,1
Mirissa,2021,2,31.6,23.9,27.8,58.9,5,74.3,9.1,0.9392,dry_season,1
Mirissa,2021,3,31.4,24.4,27.9,109.4,10,71.6,8.9,0.8901,dry_season,1
Mirissa,2021,4,30.7,25.0,27.9,221.0,14,76.5,7.2,0.7551,dry_season,1
Mirissa,2021,5,31.2,25.8,28.5,417.9,20,85.2,6.3,0.5612,southwest_monsoon,0
Mirissa,2021,6,29.2,24.6,26.9,221.1,20,85.3,6.0,0.7298,southwest_monsoon,0
Mirissa,2021,7,28.5,24.1,26.3,121.9,14,87.9,6.5,0.8285,southwest_monsoon,0
Mirissa,2021,8,28.6,24.0,26.3,116.9,15,82.2,7.3,0.8498,southwest_monsoon,0
Mirissa,2021,9,29.6,24.3,27.0,264.1,16,83.9,6.6,0.7042,southwest_monsoon,0
Mirissa,2021,10,28.5,23.3,25.9,365.5,17,86.1,6.3,0.6077,northeast_monsoon,0
Mirissa,2021,11,29.3,23.1,26.2,277.4,14,78.9,7.4,0.7092,northeast_monsoon,0
Mirissa,2021,12,29.7,23.1,26.4,172.4,8,75.9,7.9,0.8131,dry_season,1
Mirissa,2022,1,30.3,23.4,26.9,73.8,7,72.4,8.7,0.9176,dry_season,1
Mirissa,2022,2,31.5,23.9,27.7,61.6,5,76.2,9.4,0.9431,dry_season,1
Mirissa,2022,3,31.9,24.7,28.3,141.2,8,79.5,8.7,0.8576,dry_season,1
Mirissa,2022,4,31.8,25.6,28.7,232.5,11,78.6,7.1,0.7428,dry_season,1
Mirissa,2022,5,30.7,25.6,28.1,322.3,20,84.4,6.2,0.644,southwest_monsoon,0
Mirissa,2022,6,29.2,24.7,26.9,230.1,16,84.2,5.8,0.7176,southwest_monsoon,0
Mirissa,2022,7,29.2,24.5,26.9,109.0,12,78.1,6.5,0.84,southwest_monsoon,0
Mirissa,2022,8,30.3,24.9,27.6,118.6,11,80.7,6.8,0.8377,southwest_monsoon,0
Mirissa,2022,9,30.4,24.7,27.5,288.7,17,83.4,6.5,0.6802,southwest_monsoon,0
Mirissa,2022,10,29.3,23.7,26.5,305.6,15,81.6,6.3,0.661,northeast_monsoon,0
Mirissa,2022,11,29.9,23.5,26.7,274.6,13,78.6,6.8,0.6991,northeast_monsoon,0
Mirissa,2022,12,29.6,23.1,26.4,166.4,10,79.8,7.2,0.8037,dry_season,1
Mirissa,2023,1,30.6,23.6,27.1,48.1,6,74.0,8.5,0.9362,dry_season,1
Mirissa,2023,2,31.1,23.7,27.4,66.4,4,70.8,9.2,0.9347,dry_season,1
Mirissa,2023,3,31.8,24.7,28.2,111.2,7,76.0,8.6,0.8822,dry_season,1
Mirissa,2023,4,32.4,25.9,29.1,224.2,11,77.3,7.5,0.7586,dry_season,1
Mirissa,2023,5,31.3,26.0,28.6,302.0,16,82.0,6.2,0.6621,southwest_monsoon,0
Mirissa,2023,6,29.4,24.7,27.0,227.4,17,83.9,6.0,0.7242,southwest_monsoon,0
Mirissa,2023,7,30.1,25.0,27.6,107.8,10,84.9,7.0,0.8515,southwest_monsoon,0
Mirissa,2023,8,29.9,24.7,27.3,89.0,12,78.6,7.0,0.8683,southwest_monsoon,0
Mirissa,2023,9,30.1,24.6,27.4,154.7,17,81.8,6.2,0.793,southwest_monsoon,0
Mirissa,2023,10,29.5,23.9,26.7,294.6,12,79.9,6.9,0.6834,northeast_monsoon,0
Mirissa,2023,11,30.7,23.9,27.3,318.4,12,84.2,6.8,0.6601,northeast_monsoon,0
Mirissa,2023,12,30.9,23.8,27.4,151.2,9,76.7,7.6,0.8256,dry_season,1
Mirissa,2024,1,30.7,23.6,27.1,93.7,6,78.8,8.9,0.9041,dry_season,1
Mirissa,2024,2,31.3,23.8,27.6,69.3,4,73.9,9.4,0.9363,dry_season,1
Mirissa,2024,3,31.6,24.5,28.1,105.7,11,71.3,8.6,0.8871,dry_season,1
Mirissa,2024,4,31.5,25.4,28.4,251.0,13,75.4,7.5,0.7348,dry_season,1
Mirissa,2024,5,30.8,25.7,28.2,338.9,21,84.9,5.5,0.6145,southwest_monsoon,0
Mirissa,2024,6,29.8,25.0,27.4,256.8,19,86.8,6.3,0.7044,southwest_monsoon,0
Mirissa,2024,7,29.4,24.6,27.0,159.2,14,81.5,6.6,0.7974,southwest_monsoon,0
Mirissa,2024,8,29.7,24.6,27.1,101.1,11,80.9,6.7,0.8512,southwest_monsoon,0
Mirissa,2024,9,30.6,24.9,27.8,292.3,14,83.1,7.1,0.6897,southwest_monsoon,0
Mirissa,2024,10,29.4,23.8,26.6,315.6,20,81.2,6.0,0.6458,northeast_monsoon,0
Mirissa,2024,11,30.4,23.8,27.1,318.7,13,82.5,7.5,0.6746,northeast_monsoon,0
Mirissa,2024,12,30.7,23.7,27.2,141.0,10,76.5,8.1,0.8452,dry_season,1
Unawatuna,2015,1,30.1,23.1,26.6,73.9,7,78.6,9.1,0.9259,dry_season,1
Unawatuna,2015,2,30.6,23.3,27.0,59.0,4,74.2,9.2,0.9412,dry_season,1
Unawatuna,2015,3,31.5,24.3,27.9,135.1,9,77.4,8.3,0.8546,dry_season,1
Unawatuna,2015,4,31.5,25.3,28.4,208.3,15,80.8,7.3,0.7685,dry_season,1
Unawatuna,2015,5,29.9,25.1,27.5,395.0,18,86.8,5.6,0.5668,southwest_monsoon,0
Unawatuna,2015,6,29.1,24.5,26.8,227.7,15,83.7,6.1,0.726,southwest_monsoon,0
Unawatuna,2015,7,29.4,24.5,26.9,129.0,15,84.8,6.4,0.8201,southwest_monsoon,0
Unawatuna,2015,8,29.4,24.3,26.9,108.8,12,83.9,7.0,0.8507,southwest_monsoon,0
Unawatuna,2015,9,29.3,24.0,26.6,250.6,16,81.4,6.1,0.7057,southwest_monsoon,0
Unawatuna,2015,10,29.2,23.5,26.4,359.4,19,81.1,6.4,0.6153,northeast_monsoon,0
Unawatuna,2015,11,29.9,23.3,26.6,322.4,14,80.3,6.8,0.6566,northeast_monsoon,0
Unawatuna,2015,12,30.0,23.2,26.6,162.9,10,82.4,7.1,0.8047,dry_season,1
Unawatuna,2016,1,30.2,23.1,26.6,78.7,8,79.4,8.6,0.9111,dry_season,1
Unawatuna,2016,2,30.3,23.1,26.7,75.5,5,75.7,9.1,0.9245,dry_season,1
Unawatuna,2016,3,31.8,24.5,28.1,157.1,10,75.9,8.1,0.8309,dry_season,1
Unawatuna,2016,4,31.1,25.1,28.1,254.2,16,78.8,7.4,0.7298,dry_season,1
Unawatuna,2016,5,29.9,25.0,27.4,385.2,22,84.2,6.3,0.5902,southwest_monsoon,0
Unawatuna,2016,6,29.1,24.4,26.8,350.4,22,84.7,6.0,0.6148,southwest_monsoon,0
Unawatuna,2016,7,29.3,24.4,26.9,164.0,17,85.7,6.9,0.7995,southwest_monsoon,0
Unawatuna,2016,8,29.1,24.1,26.6,112.7,14,82.6,7.0,0.8472,southwest_monsoon,0
Unawatuna,2016,9,29.8,24.3,27.1,320.9,16,82.7,6.1,0.6432,southwest_monsoon,0
Unawatuna,2016,10,29.6,23.7,26.6,348.4,19,82.1,6.7,0.6314,northeast_monsoon,0
Unawatuna,2016,11,29.0,22.9,25.9,271.6,13,82.0,6.8,0.7017,northeast_monsoon,0
Unawatuna,2016,12,29.7,23.0,26.4,241.2,10,77.8,8.4,0.7624,dry_season,1
Unawatuna,2017,1,30.9,23.5,27.2,94.6,5,75.8,8.0,0.8843,dry_season,1
Unawatuna,2017,2,31.2,23.6,27.4,67.0,4,70.4,9.2,0.9341,dry_season,1
Unawatuna,2017,3,31.9,24.6,28.2,116.7,9,77.6,7.8,0.8605,dry_season,1
Unawatuna,2017,4,31.3,25.2,28.2,216.9,12,76.3,7.4,0.763,dry_season,1
Unawatuna,2017,5,30.2,25.3,27.8,391.3,18,81.0,6.3,0.5848,southwest_monsoon,0
Unawatuna,2017,6,29.5,24.7,27.1,181.6,20,82.1,6.0,0.7649,southwest_monsoon,0
Unawatuna,2017,7,29.1,24.3,26.7,141.0,13,82.6,6.9,0.8199,southwest_monsoon,0
Unawatuna,2017,8,28.6,23.9,26.2,111.5,12,83.0,7.5,0.8588,southwest_monsoon,0
Unawatuna,2017,9,29.7,24.3,27.0,248.5,17,83.5,6.2,0.7096,southwest_monsoon,0
Unawatuna,2017,10,29.7,23.8,26.8,299.0,18,80.9,6.7,0.6753,northeast_monsoon,0
Unawatuna,2017,11,30.2,23.5,26.9,276.2,14,76.5,6.5,0.6913,northeast_monsoon,0
Unawatuna,2017,12,30.2,23.3,26.8,123.4,8,77.8,7.3,0.844,dry_season,1
Unawatuna,2018,1,30.5,23.3,26.9,71.0,5,77.9,8.2,0.9095,dry_season,1
Unawatuna,2018,2,30.9,23.5,27.2,61.8,4,77.6,8.6,0.9261,dry_season,1
Unawatuna,2018,3,31.9,24.6,28.2,115.9,8,76.0,8.5,0.8759,dry_season,1
Unawatuna,2018,4,31.3,25.2,28.2,211.7,11,77.0,7.5,0.7697,dry_season,1
Unawatuna,2018,5,30.0,25.2,27.6,280.0,17,81.2,5.8,0.6732,southwest_monsoon,0
Unawatuna,2018,6,29.9,24.9,27.4,232.3,18,86.6,5.3,0.7051,southwest_monsoon,0
Unawatuna,2018,7,29.0,24.3,26.6,134.1,13,81.5,6.2,0.8113,southwest_monsoon,0
Unawatuna,2018,8,28.8,24.0,26.4,98.9,11,80.6,6.9,0.8574,southwest_monsoon,0
Unawatuna,2018,9,29.5,24.2,26.9,241.8,15,81.7,6.4,0.7198,southwest_monsoon,0
Unawatuna,2018,10,30.3,24.1,27.2,273.7,18,83.0,6.4,0.6914,northeast_monsoon,0
Unawatuna,2018,11,29.8,23.3,26.6,259.0,12,78.1,7.0,0.7171,northeast_monsoon,0
Unawatuna,2018,12,29.9,23.2,26.5,170.9,8,77.4,7.8,0.8123,dry_season,1
Unawatuna,2019,1,30.3,23.2,26.8,76.1,6,80.2,8.8,0.9176,dry_season,1
Unawatuna,2019,2,31.3,23.7,27.5,75.7,5,72.1,8.8,0.918,dry_season,1
Unawatuna,2019,3,31.4,24.3,27.9,145.3,8,75.3,8.8,0.8561,dry_season,1
Unawatuna,2019,4,31.2,25.2,28.2,202.3,13,78.6,7.6,0.7802,dry_season,1
Unawatuna,2019,5,30.3,25.3,27.8,353.0,19,82.3,6.2,0.6167,southwest_monsoon,0
Unawatuna,2019,6,29.3,24.6,27.0,270.3,19,87.0,6.4,0.6945,southwest_monsoon,0
Unawatuna,2019,7,28.7,24.1,26.4,146.4,12,82.5,6.2,0.8004,southwest_monsoon,0
Unawatuna,2019,8,29.9,24.5,27.2,129.9,10,82.6,7.0,0.8319,southwest_monsoon,0
Unawatuna,2019,9,29.7,24.3,27.0,269.1,15,82.9,5.8,0.6829,southwest_monsoon,0
Unawatuna,2019,10,29.9,23.9,26.9,264.1,18,83.7,6.3,0.6979,northeast_monsoon,0
Unawatuna,2019,11,30.1,23.4,26.8,332.8,13,79.2,6.5,0.641,northeast_monsoon,0
Unawatuna,2019,12,30.4,23.4,26.9,195.4,11,78.8,7.9,0.7926,dry_season,1
Unawatuna,2020,1,30.2,23.1,26.6,87.2,7,80.2,9.0,0.912,dry_season,1
Unawatuna,2020,2,30.8,23.4,27.1,82.6,6,73.5,8.5,0.9055,dry_season,1
Unawatuna,2020,3,30.9,24.1,27.5,149.9,9,73.0,8.7,0.8499,dry_season,1
Unawatuna,2020,4,31.2,25.1,28.1,256.0,16,78.9,7.6,0.7324,dry_season,1
Unawatuna,2020,5,31.1,25.7,28.4,426.3,17,82.5,6.1,0.5495,southwest_monsoon,0
Unawatuna,2020,6,29.4,24.6,27.0,309.1,18,85.3,6.0,0.6516,southwest_monsoon,0
Unawatuna,2020,7,29.5,24.5,27.0,181.0,17,84.1,6.8,0.7823,southwest_monsoon,0
Unawatuna,2020,8,29.5,24.3,26.9,142.8,13,81.5,6.5,0.8099,southwest_monsoon,0
Unawatuna,2020,9,29.7,24.2,26.9,322.0,14,82.2,6.2,0.6443,southwest_monsoon,0
Unawatuna,2020,10,30.0,23.9,26.9,406.4,19,79.4,6.4,0.5735,northeast_monsoon,0
Unawatuna,2020,11,29.9,23.3,26.6,298.0,18,78.8,7.4,0.6909,northeast_monsoon,0
Unawatuna,2020,12,29.7,23.0,26.4,176.3,12,78.4,7.6,0.8033,dry_season,1
Unawatuna,2021,1,30.0,23.0,26.5,97.3,7,75.8,8.5,0.8925,dry_season,1
Unawatuna,2021,2,30.9,23.4,27.1,66.2,6,77.6,8.3,0.9159,dry_season,1
Unawatuna,2021,3,31.2,24.2,27.7,113.5,9,76.7,8.5,0.8781,dry_season,1
Unawatuna,2021,4,31.2,25.1,28.1,245.8,14,76.9,7.8,0.7457,dry_season,1
Unawatuna,2021,5,30.8,25.5,28.1,445.0,16,83.5,7.1,0.5539,southwest_monsoon,0
Unawatuna,2021,6,28.6,24.2,26.4,264.7,22,83.5,5.7,0.6847,southwest_monsoon,0
Unawatuna,2021,7,28.4,23.9,26.1,129.2,15,79.9,5.9,0.8094,southwest_monsoon,0
Unawatuna,2021,8,29.2,24.2,26.7,83.5,14,83.7,6.8,0.8689,southwest_monsoon,0
Unawatuna,2021,9,29.1,23.9,26.5,250.4,17,80.3,6.4,0.7122,southwest_monsoon,0
Unawatuna,2021,10,29.7,23.8,26.8,231.0,16,83.3,6.1,0.7231,northeast_monsoon,0
Unawatuna,2021,11,29.6,23.2,26.4,246.6,15,79.8,6.4,0.7155,northeast_monsoon,0
Unawatuna,2021,12,29.6,23.0,26.3,150.4,9,77.8,7.9,0.8326,dry_season,1
Unawatuna,2022,1,31.5,23.8,27.6,62.6,7,75.6,7.9,0.9107,dry_season,1
Unawatuna,2022,2,31.0,23.5,27.2,55.1,5,76.6,8.8,0.9363,dry_season,1
Unawatuna,2022,3,32.0,24.7,28.4,103.3,6,74.4,8.1,0.8787,dry_season,1
Unawatuna,2022,4,31.8,25.5,28.6,234.2,12,77.6,7.3,0.7455,dry_season,1
Unawatuna,2022,5,30.7,25.5,28.1,386.3,18,84.9,5.7,0.5766,southwest_monsoon,0
Unawatuna,2022,6,29.5,24.7,27.1,256.0,17,85.8,6.7,0.7135,southwest_monsoon,0
Unawatuna,2022,7,29.1,24.3,26.7,133.2,13,82.0,6.6,0.8205,southwest_monsoon,0
Unawatuna,2022,8,29.6,24.4,27.0,124.4,12,82.5,7.0,0.8368,southwest_monsoon,0
Unawatuna,2022,9,30.0,24.4,27.2,247.1,16,81.0,6.1,0.7088,southwest_monsoon,0
Unawatuna,2022,10,29.5,23.8,26.6,332.8,14,84.1,6.4,0.6389,northeast_monsoon,0
Unawatuna,2022,11,30.1,23.5,26.8,258.4,14,79.1,6.2,0.7008,northeast_monsoon,0
Unawatuna,2022,12,30.1,23.3,26.7,145.3,9,77.4,7.1,0.8203,dry_season,1
Unawatuna,2023,1,31.1,23.6,27.4,64.9,5,79.6,9.0,0.9318,dry_season,1
Unawatuna,2023,2,31.2,23.7,27.4,62.9,5,74.2,8.9,0.9315,dry_season,1
Unawatuna,2023,3,31.5,24.4,27.9,136.8,8,78.5,8.4,0.8552,dry_season,1
Unawatuna,2023,4,31.2,25.2,28.2,221.8,11,79.1,7.2,0.7544,dry_season,1
Unawatuna,2023,5,30.2,25.3,27.8,301.1,18,82.9,6.6,0.6713,southwest_monsoon,0
Unawatuna,2023,6,30.0,25.0,27.5,213.9,16,85.5,6.3,0.7425,southwest_monsoon,0
Unawatuna,2023,7,30.1,24.8,27.5,110.9,10,87.3,7.0,0.8488,southwest_monsoon,0
Unawatuna,2023,8,29.6,24.4,27.0,96.5,10,80.9,6.3,0.8469,southwest_monsoon,0
Unawatuna,2023,9,29.7,24.3,27.0,220.8,15,83.6,6.7,0.7448,southwest_monsoon,0
Unawatuna,2023,10,29.6,23.8,26.7,273.2,14,85.3,6.8,0.7003,northeast_monsoon,0
Unawatuna,2023,11,30.0,23.5,26.8,265.0,15,79.8,7.0,0.7118,northeast_monsoon,0
Unawatuna,2023,12,30.1,23.3,26.7,141.6,10,78.0,7.8,0.8383,dry_season,1
Unawatuna,2024,1,30.9,23.6,27.2,96.7,7,74.0,8.6,0.8951,dry_season,1
Unawatuna,2024,2,30.1,23.1,26.6,68.1,4,75.5,8.9,0.9268,dry_season,1
Unawatuna,2024,3,31.8,24.5,28.1,151.4,8,78.0,8.4,0.8423,dry_season,1
Unawatuna,2024,4,31.4,25.3,28.4,251.2,12,79.2,7.3,0.7304,dry_season,1
Unawatuna,2024,5,30.7,25.6,28.1,400.9,15,82.1,6.1,0.5721,southwest_monsoon,0
Unawatuna,2024,6,30.1,25.0,27.6,244.0,20,83.6,5.8,0.7052,southwest_monsoon,0
Unawatuna,2024,7,28.9,24.2,26.5,137.0,13,83.6,6.4,0.813,southwest_monsoon,0
Unawatuna,2024,8,29.8,24.5,27.1,113.3,14,82.3,7.0,0.8467,southwest_monsoon,0
Unawatuna,2024,9,29.9,24.4,27.1,240.5,15,82.0,6.1,0.7146,southwest_monsoon,0
Unawatuna,2024,10,30.0,24.0,27.0,446.9,17,81.9,6.1,0.5312,northeast_monsoon,0
Unawatuna,2024,11,30.2,23.5,26.9,312.0,11,75.2,7.1,0.6721,northeast_monsoon,0
Unawatuna,2024,12,30.0,23.3,26.6,184.2,7,79.1,7.2,0.7878,dry_season,1
Bentota,2015,1,30.8,23.0,26.9,66.6,5,75.2,8.3,0.9155,dry_season,1
Bentota,2015,2,31.0,23.1,27.1,66.7,4,70.7,8.1,0.9112,dry_season,1
Bentota,2015,3,31.9,24.2,28.0,128.7,7,74.1,8.7,0.8688,dry_season,1
Bentota,2015,4,31.9,25.3,28.6,304.3,15,74.4,7.4,0.6853,dry_season,1
Bentota,2015,5,29.9,24.9,27.4,424.4,22,79.3,6.2,0.5533,southwest_monsoon,0
Bentota,2015,6,30.2,24.7,27.4,302.1,19,84.0,6.0,0.6578,southwest_monsoon,0
Bentota,2015,7,29.1,24.0,26.6,169.7,15,79.9,6.2,0.7797,southwest_monsoon,0
Bentota,2015,8,29.3,24.0,26.6,139.1,14,82.8,6.6,0.8153,southwest_monsoon,0
Bentota,2015,9,29.3,23.7,26.5,291.8,17,83.1,6.1,0.669,southwest_monsoon,0
Bentota,2015,10,29.4,23.3,26.4,372.6,18,81.9,6.8,0.612,northeast_monsoon,0
Bentota,2015,11,30.4,23.4,26.9,331.6,14,79.5,6.7,0.6463,northeast_monsoon,0
Bentota,2015,12,30.7,23.0,26.9,167.2,10,75.2,7.9,0.8177,dry_season,1
Bentota,2016,1,31.0,23.1,27.1,78.9,6,74.9,8.8,0.9151,dry_season,1
Bentota,2016,2,31.4,23.3,27.4,69.5,4,74.9,8.4,0.9151,dry_season,1
Bentota,2016,3,31.8,24.1,28.0,137.5,8,70.0,8.1,0.8483,dry_season,1
Bentota,2016,4,31.6,25.0,28.3,246.4,15,78.7,7.2,0.7326,dry_season,1
Bentota,2016,5,31.6,25.7,28.6,336.5,23,80.4,6.5,0.6377,southwest_monsoon,0
Bentota,2016,6,30.0,24.6,27.3,248.7,23,85.2,6.0,0.7052,southwest_monsoon,0
Bentota,2016,7,29.8,24.4,27.1,147.6,15,85.4,6.0,0.7951,southwest_monsoon,0
Bentota,2016,8,29.1,23.9,26.5,110.5,12,81.4,6.7,0.8428,southwest_monsoon,0
Bentota,2016,9,29.7,23.9,26.8,235.1,19,80.4,6.0,0.7173,southwest_monsoon,0
Bentota,2016,10,29.3,23.3,26.3,360.3,18,81.1,6.3,0.6124,northeast_monsoon,0
Bentota,2016,11,29.9,23.1,26.5,272.7,17,78.2,6.7,0.6987,northeast_monsoon,0
Bentota,2016,12,30.6,23.0,26.8,171.4,11,76.3,7.8,0.8119,dry_season,1
Bentota,2017,1,30.8,23.0,26.9,73.5,5,73.5,9.0,0.9241,dry_season,1
Bentota,2017,2,31.8,23.5,27.6,56.8,5,72.2,9.3,0.9453,dry_season,1
Bentota,2017,3,32.4,24.4,28.4,115.1,9,74.9,8.7,0.8808,dry_season,1
Bentota,2017,4,31.5,25.1,28.3,193.6,11,77.4,7.7,0.79,dry_season,1
Bentota,2017,5,31.4,25.6,28.5,383.0,21,80.7,6.8,0.6027,southwest_monsoon,0
Bentota,2017,6,30.1,24.7,27.4,238.3,16,82.9,5.4,0.7019,southwest_monsoon,0
Bentota,2017,7,29.0,24.0,26.5,142.6,11,83.8,6.3,0.8059,southwest_monsoon,0
Bentota,2017,8,30.2,24.5,27.4,118.4,12,84.4,6.6,0.8337,southwest_monsoon,0
Bentota,2017,9,30.2,24.2,27.2,230.7,18,81.8,6.4,0.7297,southwest_monsoon,0
Bentota,2017,10,30.9,24.1,27.5,332.6,16,82.4,6.1,0.6328,northeast_monsoon,0
Bentota,2017,11,29.4,22.9,26.1,293.6,15,81.0,6.3,0.6717,northeast_monsoon,0
Bentota,2017,12,30.7,23.0,26.9,129.2,10,75.4,8.1,0.8557,dry_season,1
Bentota,2018,1,31.0,23.1,27.1,71.6,5,73.8,8.4,0.9132,dry_season,1
Bentota,2018,2,31.3,23.3,27.3,52.9,4,74.2,8.6,0.934,dry_season,1
Bentota,2018,3,32.4,24.5,28.4,138.1,8,75.7,8.6,0.8583,dry_season,1
Bentota,2018,4,31.4,25.0,28.2,202.9,14,79.9,7.2,0.7712,dry_season,1
Bentota,2018,5,31.3,25.6,28.5,397.6,18,81.7,5.9,0.5708,southwest_monsoon,0
Bentota,2018,6,30.5,24.9,27.7,222.5,18,85.8,5.8,0.7243,southwest_monsoon,0
Bentota,2018,7,29.6,24.3,27.0,132.5,10,83.4,6.1,0.8106,southwest_monsoon,0
Bentota,2018,8,30.2,24.5,27.4,111.9,11,78.6,6.1,0.829,southwest_monsoon,0
Bentota,2018,9,30.7,24.5,27.6,209.6,16,81.2,6.7,0.7547,southwest_monsoon,0
Bentota,2018,10,29.7,23.6,26.6,348.1,16,81.0,5.8,0.6127,northeast_monsoon,0
Bentota,2018,11,29.5,22.9,26.2,216.5,13,77.9,6.7,0.7486,northeast_monsoon,0
Bentota,2018,12,30.8,23.1,27.0,193.8,9,78.0,7.4,0.7835,dry_season,1
Bentota,2019,1,30.3,22.7,26.5,81.0,6,71.1,8.8,0.9133,dry_season,1
Bentota,2019,2,31.1,23.2,27.1,58.0,5,76.0,9.0,0.9379,dry_season,1
Bentota,2019,3,31.9,24.2,28.0,133.0,10,76.5,8.8,0.867,dry_season,1
Bentota,2019,4,31.9,25.3,28.6,220.4,12,79.3,7.1,0.7536,dry_season,1
Bentota,2019,5,31.5,25.6,28.6,484.3,22,80.8,6.5,0.5368,southwest_monsoon,0
Bentota,2019,6,29.6,24.5,27.1,279.7,19,84.8,6.0,0.6777,southwest_monsoon,0
Bentota,2019,7,29.9,24.5,27.2,173.2,15,84.7,6.8,0.7892,southwest_monsoon,0
Bentota,2019,8,30.1,24.4,27.2,115.3,11,85.1,6.9,0.8428,southwest_monsoon,0
Bentota,2019,9,29.6,23.9,26.8,280.4,18,82.9,6.0,0.6771,southwest_monsoon,0
Bentota,2019,10,29.5,23.4,26.4,394.8,19,82.0,5.9,0.5733,northeast_monsoon,0
Bentota,2019,11,30.3,23.3,26.8,294.4,15,80.7,6.4,0.673,northeast_monsoon,0
Bentota,2019,12,31.1,23.2,27.1,172.7,8,74.6,7.8,0.8107,dry_season,1
Bentota,2020,1,30.3,22.7,26.5,70.3,7,74.6,8.1,0.908,dry_season,1
Bentota,2020,2,31.5,23.3,27.4,74.7,6,72.9,9.1,0.9252,dry_season,1
Bentota,2020,3,31.5,24.0,27.8,169.8,9,73.6,8.3,0.8238,dry_season,1
Bentota,2020,4,31.3,25.0,28.1,258.9,16,76.2,7.6,0.7299,dry_season,1
Bentota,2020,5,30.7,25.2,27.9,476.5,26,84.4,6.3,0.5326,southwest_monsoon,0
Bentota,2020,6,30.5,24.9,27.7,225.2,20,82.9,6.1,0.7282,southwest_monsoon,0
Bentota,2020,7,29.8,24.4,27.1,178.0,14,84.5,6.6,0.7807,southwest_monsoon,0
Bentota,2020,8,29.5,24.1,26.8,133.3,13,84.5,6.6,0.8205,southwest_monsoon,0
Bentota,2020,9,29.6,23.8,26.7,356.0,17,83.7,5.8,0.6057,southwest_monsoon,0
Bentota,2020,10,30.2,23.8,27.0,395.4,20,81.5,6.1,0.577,northeast_monsoon,0
Bentota,2020,11,30.6,23.4,27.0,389.9,15,78.8,6.9,0.5987,northeast_monsoon,0
Bentota,2020,12,30.2,22.8,26.5,179.0,10,78.3,7.6,0.8009,dry_season,1
Bentota,2021,1,30.2,22.7,26.4,90.7,6,76.6,8.3,0.8941,dry_season,1
Bentota,2021,2,31.0,23.1,27.1,68.1,5,73.0,8.6,0.9205,dry_season,1
Bentota,2021,3,31.7,24.1,27.9,130.1,8,72.5,8.7,0.8675,dry_season,1
Bentota,2021,4,31.5,25.0,28.2,209.6,13,79.7,8.0,0.7821,dry_season,1
Bentota,2021,5,30.9,25.3,28.1,333.4,21,81.6,6.2,0.6342,southwest_monsoon,0
Bentota,2021,6,30.4,24.8,27.6,271.7,17,81.8,6.2,0.689,southwest_monsoon,0
Bentota,2021,7,29.4,24.1,26.8,146.5,11,83.0,6.6,0.8087,southwest_monsoon,0
Bentota,2021,8,29.8,24.2,27.0,112.5,12,85.6,7.1,0.8495,southwest_monsoon,0
Bentota,2021,9,29.8,23.9,26.9,287.6,18,80.8,6.8,0.6875,southwest_monsoon,0
Bentota,2021,10,29.8,23.5,26.6,343.6,18,80.3,6.2,0.6251,northeast_monsoon,0
Bentota,2021,11,29.9,23.1,26.5,240.3,14,79.1,7.0,0.7338,northeast_monsoon,0
Bentota,2021,12,30.1,22.7,26.4,207.4,10,76.8,6.6,0.7546,dry_season,1
Bentota,2022,1,30.7,23.0,26.9,86.4,6,75.7,8.3,0.8979,dry_season,1
Bentota,2022,2,32.0,23.6,27.8,54.1,5,73.9,8.8,0.9372,dry_season,1
Bentota,2022,3,31.6,24.1,27.9,120.1,9,72.6,8.6,0.8743,dry_season,1
Bentota,2022,4,30.7,24.7,27.7,246.8,10,72.3,7.1,0.7301,dry_season,1
Bentota,2022,5,31.4,25.6,28.5,365.2,21,83.3,6.1,0.6038,southwest_monsoon,0
Bentota,2022,6,30.8,25.1,28.0,191.8,14,83.5,5.9,0.7537,southwest_monsoon,0
Bentota,2022,7,29.8,24.4,27.1,146.5,14,84.4,6.4,0.8045,southwest_monsoon,0
Bentota,2022,8,30.9,24.8,27.9,106.6,12,81.4,6.4,0.84,southwest_monsoon,0
Bentota,2022,9,30.8,24.5,27.6,237.6,14,84.4,6.1,0.7172,southwest_monsoon,0
Bentota,2022,10,30.1,23.7,26.9,314.8,15,82.1,6.6,0.6591,northeast_monsoon,0
Bentota,2022,11,30.5,23.4,26.9,242.8,13,80.6,6.7,0.7252,northeast_monsoon,0
Bentota,2022,12,30.1,22.8,26.5,187.9,10,77.5,7.8,0.7972,dry_season,1
Bentota,2023,1,31.0,23.2,27.1,62.5,5,72.9,9.0,0.9339,dry_season,1
Bentota,2023,2,32.0,23.7,27.9,49.9,3,72.0,8.7,0.9388,dry_season,1
Bentota,2023,3,32.4,24.5,28.4,124.0,8,73.6,8.8,0.875,dry_season,1
Bentota,2023,4,32.0,25.4,28.7,231.4,13,77.1,7.9,0.7606,dry_season,1
Bentota,2023,5,30.9,25.4,28.1,279.1,18,83.2,6.4,0.6866,southwest_monsoon,0
Bentota,2023,6,30.3,24.9,27.6,252.7,18,83.9,5.8,0.6975,southwest_monsoon,0
Bentota,2023,7,29.9,24.5,27.2,137.0,13,83.2,6.5,0.8151,southwest_monsoon,0
Bentota,2023,8,30.2,24.5,27.4,133.8,11,83.2,7.1,0.8305,southwest_monsoon,0
Bentota,2023,9,30.8,24.5,27.6,245.3,14,82.8,6.3,0.7146,southwest_monsoon,0
Bentota,2023,10,29.1,23.3,26.2,328.3,18,82.0,6.0,0.6345,northeast_monsoon,0
Bentota,2023,11,29.9,23.2,26.5,281.7,14,79.6,6.3,0.6822,northeast_monsoon,0
Bentota,2023,12,31.1,23.3,27.2,147.4,7,78.4,7.5,0.8269,dry_season,1
Bentota,2024,1,31.2,23.3,27.2,81.2,6,78.2,8.6,0.9089,dry_season,1
Bentota,2024,2,31.5,23.4,27.4,64.0,4,73.2,8.7,0.9263,dry_season,1
Bentota,2024,3,32.7,24.7,28.7,133.3,9,72.9,8.4,0.8584,dry_season,1
Bentota,2024,4,32.1,25.4,28.8,204.1,13,79.4,7.9,0.7849,dry_season,1
Bentota,2024,5,30.7,25.3,28.0,416.3,20,80.0,6.4,0.5647,southwest_monsoon,0
Bentota,2024,6,30.4,24.9,27.6,211.7,20,85.6,5.8,0.7339,southwest_monsoon,0
Bentota,2024,7,30.0,24.6,27.3,128.9,14,78.4,6.6,0.8244,southwest_monsoon,0
Bentota,2024,8,30.4,24.6,27.5,118.3,11,76.6,7.1,0.8443,southwest_monsoon,0
Bentota,2024,9,30.4,24.3,27.4,272.8,15,88.5,5.8,0.6796,southwest_monsoon,0
Bentota,2024,10,30.2,23.8,27.0,397.5,14,81.7,5.9,0.5709,northeast_monsoon,0
Bentota,2024,11,30.2,23.3,26.8,307.9,16,78.7,6.6,0.6653,northeast_monsoon,0
Bentota,2024,12,30.1,22.8,26.5,196.7,8,78.5,6.9,0.7704,dry_season,1
Sigiriya,2015,1,32.3,20.8,26.5,70.9,3,64.5,8.8,0.9222,dry_season,1
Sigiriya,2015,2,32.9,21.0,26.9,55.5,3,59.2,9.8,0.9507,dry_season,1
Sigiriya,2015,3,35.6,23.1,29.4,76.8,4,58.6,9.6,0.9317,dry_season,1
Sigiriya,2015,4,35.6,25.1,30.4,225.0,10,62.4,8.1,0.7705,dry_season,1
Sigiriya,2015,5,33.9,25.4,29.6,173.5,9,68.9,7.5,0.8037,southwest_monsoon,0
Sigiriya,2015,6,32.8,24.8,28.8,93.3,6,68.9,7.7,0.8792,southwest_monsoon,0
Sigiriya,2015,7,32.4,24.4,28.4,68.4,5,66.2,7.8,0.9034,southwest_monsoon,0
Sigiriya,2015,8,32.0,24.2,28.1,74.3,5,68.7,7.6,0.894,southwest_monsoon,0
Sigiriya,2015,9,31.4,23.6,27.5,134.6,7,73.3,7.8,0.8446,southwest_monsoon,0
Sigiriya,2015,10,31.2,23.2,27.2,174.5,10,74.0,7.0,0.7923,northeast_monsoon,0
Sigiriya,2015,11,29.7,21.4,25.5,396.3,12,74.4,7.7,0.6098,northeast_monsoon,0
Sigiriya,2015,12,32.0,21.4,26.7,179.8,7,67.7,8.8,0.8254,dry_season,1
Sigiriya,2016,1,31.8,20.6,26.2,68.6,3,64.8,9.0,0.9285,dry_season,1
Sigiriya,2016,2,32.7,20.9,26.8,66.4,3,59.0,9.6,0.941,dry_season,1
Sigiriya,2016,3,36.4,23.5,29.9,123.8,5,56.8,9.0,0.8794,dry_season,1
Sigiriya,2016,4,35.2,24.9,30.1,173.9,9,64.9,8.5,0.8244,dry_season,1
Sigiriya,2016,5,34.3,25.6,29.9,220.5,10,70.3,7.5,0.7619,southwest_monsoon,0
Sigiriya,2016,6,32.4,24.6,28.5,89.4,6,72.3,8.0,0.889,southwest_monsoon,0
Sigiriya,2016,7,31.7,24.0,27.9,72.7,5,67.9,7.4,0.8912,southwest_monsoon,0
Sigiriya,2016,8,31.9,24.1,28.0,67.0,5,71.2,7.5,0.8983,southwest_monsoon,0
Sigiriya,2016,9,31.4,23.6,27.5,124.9,7,72.3,7.3,0.8427,southwest_monsoon,0
Sigiriya,2016,10,31.3,23.3,27.3,237.0,12,71.4,6.9,0.7346,northeast_monsoon,0
Sigiriya,2016,11,30.4,21.8,26.1,375.2,13,69.5,7.7,0.6286,northeast_monsoon,0
Sigiriya,2016,12,31.1,20.9,26.0,195.7,8,70.6,8.4,0.8029,dry_season,1
Sigiriya,2017,1,32.9,21.1,27.0,71.9,4,65.9,9.4,0.934,dry_season,1
Sigiriya,2017,2,33.4,21.3,27.4,56.0,2,59.7,9.7,0.9502,dry_season,1
Sigiriya,2017,3,35.8,23.2,29.5,71.4,5,57.1,9.9,0.9365,dry_season,1
Sigiriya,2017,4,36.0,25.3,30.6,188.8,10,60.2,8.8,0.8174,dry_season,1
Sigiriya,2017,5,34.3,25.6,29.9,168.1,8,72.5,7.8,0.8148,southwest_monsoon,0
Sigiriya,2017,6,33.2,25.0,29.1,81.8,5,71.9,7.1,0.8768,southwest_monsoon,0
Sigiriya,2017,7,32.3,24.4,28.3,89.2,5,70.7,7.8,0.8849,southwest_monsoon,0
Sigiriya,2017,8,31.5,23.9,27.7,74.7,5,71.0,8.1,0.9041,southwest_monsoon,0
Sigiriya,2017,9,31.7,23.7,27.7,113.5,7,69.7,7.6,0.8591,southwest_monsoon,0
Sigiriya,2017,10,31.0,23.2,27.1,203.6,10,75.9,7.5,0.7769,northeast_monsoon,0
Sigiriya,2017,11,31.4,22.3,26.9,291.9,9,69.1,7.2,0.6921,northeast_monsoon,0
Sigiriya,2017,12,30.7,20.7,25.7,184.3,7,63.6,8.5,0.8151,dry_season,1
Sigiriya,2018,1,31.8,20.6,26.2,72.2,3,66.1,9.3,0.9316,dry_season,1
Sigiriya,2018,2,34.4,21.8,28.1,54.2,2,64.8,9.6,0.9518,dry_season,1
Sigiriya,2018,3,34.7,22.7,28.7,98.7,5,56.7,9.4,0.9102,dry_season,1
Sigiriya,2018,4,35.9,25.3,30.6,192.8,9,61.3,9.3,0.8244,dry_season,1
Sigiriya,2018,5,34.0,25.5,29.8,153.4,8,70.5,7.3,0.8173,southwest_monsoon,0
Sigiriya,2018,6,32.4,24.6,28.5,95.1,5,70.7,7.6,0.8755,southwest_monsoon,0
Sigiriya,2018,7,32.9,24.7,28.8,79.4,4,70.2,7.6,0.8894,southwest_monsoon,0
Sigiriya,2018,8,32.0,24.2,28.1,53.8,4,70.8,8.4,0.929,southwest_monsoon,0
Sigiriya,2018,9,31.9,23.9,27.9,111.2,5,75.6,7.5,0.8591,southwest_monsoon,0
Sigiriya,2018,10,30.7,23.0,26.9,189.3,11,73.0,7.1,0.7812,northeast_monsoon,0
Sigiriya,2018,11,30.4,21.8,26.1,319.2,12,73.4,7.7,0.6784,northeast_monsoon,0
Sigiriya,2018,12,32.3,21.6,26.9,187.8,7,68.8,8.3,0.8078,dry_season,1
Sigiriya,2019,1,32.4,20.9,26.6,58.5,3,66.7,9.1,0.9396,dry_season,1
Sigiriya,2019,2,34.0,21.6,27.8,47.0,3,59.6,9.6,0.9582,dry_season,1
Sigiriya,2019,3,35.7,23.2,29.5,106.9,5,55.6,9.5,0.905,dry_season,1
Sigiriya,2019,4,35.4,25.0,30.2,216.8,9,62.2,8.4,0.7841,dry_season,1
Sigiriya,2019,5,34.0,25.4,29.7,205.4,8,70.5,7.7,0.7795,southwest_monsoon,0
Sigiriya,2019,6,32.7,24.8,28.8,95.4,6,71.6,8.0,0.8836,southwest_monsoon,0
Sigiriya,2019,7,31.7,24.1,27.9,79.9,4,70.4,7.8,0.8932,southwest_monsoon,0
Sigiriya,2019,8,32.1,24.2,28.1,81.4,5,73.0,8.1,0.8982,southwest_monsoon,0
Sigiriya,2019,9,31.4,23.6,27.5,139.4,6,72.9,7.6,0.8361,southwest_monsoon,0
Sigiriya,2019,10,32.0,23.7,27.9,242.5,11,71.6,7.4,0.7402,northeast_monsoon,0
Sigiriya,2019,11,30.1,21.6,25.9,285.7,15,71.8,7.1,0.6955,northeast_monsoon,0
Sigiriya,2019,12,31.1,20.9,26.0,185.3,6,68.1,8.2,0.8079,dry_season,1
Sigiriya,2020,1,32.5,20.9,26.7,82.9,4,65.8,9.3,0.9221,dry_season,1
Sigiriya,2020,2,33.6,21.4,27.5,58.5,3,60.2,9.6,0.948,dry_season,1
Sigiriya,2020,3,35.1,22.8,29.0,142.5,4,57.7,9.4,0.8712,dry_season,1
Sigiriya,2020,4,35.9,25.2,30.5,255.5,8,64.6,8.2,0.7455,dry_season,1
Sigiriya,2020,5,33.4,25.2,29.3,184.2,10,70.4,7.7,0.7984,southwest_monsoon,0
Sigiriya,2020,6,32.4,24.6,28.5,97.9,7,71.2,7.5,0.8709,southwest_monsoon,0
Sigiriya,2020,7,32.3,24.3,28.3,96.3,6,66.8,7.7,0.8765,southwest_monsoon,0
Sigiriya,2020,8,32.0,24.2,28.1,91.2,5,68.7,8.0,0.8874,southwest_monsoon,0
Sigiriya,2020,9,31.5,23.6,27.6,155.5,7,72.8,7.9,0.8281,southwest_monsoon,0
Sigiriya,2020,10,31.0,23.2,27.1,254.9,13,73.7,7.1,0.7229,northeast_monsoon,0
Sigiriya,2020,11,31.6,22.4,27.0,298.4,13,70.3,7.7,0.6969,northeast_monsoon,0
Sigiriya,2020,12,31.1,20.9,26.0,181.2,7,65.7,9.4,0.8368,dry_season,1
Sigiriya,2021,1,32.1,20.7,26.4,52.6,4,66.6,9.2,0.9469,dry_season,1
Sigiriya,2021,2,33.8,21.5,27.6,56.1,2,57.7,9.6,0.9501,dry_season,1
Sigiriya,2021,3,35.3,22.9,29.1,82.9,4,59.1,9.3,0.9221,dry_season,1
Sigiriya,2021,4,36.3,25.4,30.8,160.8,9,63.0,7.8,0.8213,dry_season,1
Sigiriya,2021,5,34.0,25.4,29.7,164.7,9,71.1,7.7,0.8157,southwest_monsoon,0
Sigiriya,2021,6,31.8,24.3,28.1,86.6,5,74.5,7.6,0.883,southwest_monsoon,0
Sigiriya,2021,7,31.7,24.0,27.9,77.9,4,66.3,7.8,0.895,southwest_monsoon,0
Sigiriya,2021,8,31.7,24.0,27.9,86.8,4,71.9,7.7,0.8849,southwest_monsoon,0
Sigiriya,2021,9,31.5,23.6,27.6,122.8,7,75.8,7.6,0.8508,southwest_monsoon,0
Sigiriya,2021,10,31.2,23.2,27.2,264.0,10,73.1,7.0,0.7127,northeast_monsoon,0
Sigiriya,2021,11,30.6,21.9,26.2,259.1,12,72.7,7.4,0.7255,northeast_monsoon,0
Sigiriya,2021,12,31.2,21.0,26.1,165.2,6,65.6,8.3,0.8279,dry_season,1
Sigiriya,2022,1,33.0,21.2,27.1,66.7,3,70.9,9.1,0.9323,dry_season,1
Sigiriya,2022,2,33.3,21.3,27.3,53.9,3,61.9,9.7,0.9521,dry_season,1
Sigiriya,2022,3,36.2,23.4,29.8,98.8,4,58.6,9.1,0.9038,dry_season,1
Sigiriya,2022,4,36.7,25.7,31.2,150.9,8,64.7,8.8,0.7311,dry_season,1
Sigiriya,2022,5,34.2,25.6,29.9,148.9,9,70.9,8.0,0.8361,southwest_monsoon,0
Sigiriya,2022,6,32.9,24.9,28.9,80.0,6,71.8,7.0,0.8763,southwest_monsoon,0
Sigiriya,2022,7,31.9,24.2,28.0,69.7,4,68.4,7.5,0.8959,southwest_monsoon,0
Sigiriya,2022,8,31.7,24.1,27.9,69.9,4,74.0,7.6,0.8979,southwest_monsoon,0
Sigiriya,2022,9,32.4,24.1,28.2,112.8,7,73.4,7.7,0.8618,southwest_monsoon,0
Sigiriya,2022,10,30.9,23.1,27.0,249.4,9,74.4,7.0,0.7257,northeast_monsoon,0
Sigiriya,2022,11,31.4,22.3,26.9,371.2,12,71.2,7.1,0.6195,northeast_monsoon,0
Sigiriya,2022,12,31.6,21.2,26.4,125.1,6,68.2,8.1,0.8593,dry_season,1
Sigiriya,2023,1,32.2,20.9,26.6,67.5,3,68.2,9.5,0.94,dry_season,1
Sigiriya,2023,2,34.1,21.7,27.9,45.6,2,61.8,10.0,0.9595,dry_season,1
Sigiriya,2023,3,36.3,23.5,29.9,92.2,4,60.6,9.0,0.9075,dry_season,1
Sigiriya,2023,4,36.0,25.4,30.7,171.8,8,63.6,8.6,0.8283,dry_season,1
Sigiriya,2023,5,34.3,25.7,30.0,149.6,8,68.5,8.1,0.8375,southwest_monsoon,0
Sigiriya,2023,6,33.5,25.2,29.4,79.7,5,69.0,7.2,0.8807,southwest_monsoon,0
Sigiriya,2023,7,32.4,24.5,28.4,80.3,4,68.7,7.4,0.8844,southwest_monsoon,0
Sigiriya,2023,8,32.3,24.4,28.3,56.5,4,71.1,7.7,0.9119,southwest_monsoon,0
Sigiriya,2023,9,32.2,24.1,28.2,100.0,6,71.4,7.9,0.8774,southwest_monsoon,0
Sigiriya,2023,10,31.4,23.4,27.4,194.1,10,69.5,7.3,0.7812,northeast_monsoon,0
Sigiriya,2023,11,30.9,22.1,26.5,257.7,12,70.5,7.6,0.7309,northeast_monsoon,0
Sigiriya,2023,12,31.3,21.1,26.2,133.8,6,69.5,8.3,0.8558,dry_season,1
Sigiriya,2024,1,32.0,20.7,26.4,75.1,3,64.3,8.7,0.9164,dry_season,1
Sigiriya,2024,2,34.5,21.9,28.2,58.9,2,60.1,8.9,0.935,dry_season,1
Sigiriya,2024,3,35.8,23.3,29.5,104.2,5,56.9,9.5,0.9074,dry_season,1
Sigiriya,2024,4,36.4,25.5,30.9,156.2,7,62.5,8.1,0.8317,dry_season,1
Sigiriya,2024,5,34.3,25.6,29.9,179.9,8,68.6,7.8,0.8043,southwest_monsoon,0
Sigiriya,2024,6,32.4,24.7,28.5,107.5,5,74.2,7.4,0.8602,southwest_monsoon,0
Sigiriya,2024,7,31.9,24.2,28.0,69.0,5,70.9,7.3,0.8924,southwest_monsoon,0
Sigiriya,2024,8,32.6,24.5,28.6,103.1,5,68.9,7.1,0.8578,southwest_monsoon,0
Sigiriya,2024,9,31.8,23.8,27.8,123.4,8,72.7,7.3,0.844,southwest_monsoon,0
Sigiriya,2024,10,31.3,23.4,27.4,274.6,10,68.6,6.7,0.697,northeast_monsoon,0
Sigiriya,2024,11,30.7,22.0,26.4,309.3,12,69.2,7.5,0.683,northeast_monsoon,0
Sigiriya,2024,12,31.7,21.3,26.5,167.4,5,68.6,8.7,0.8344,dry_season,1
Dambulla,2015,1,31.2,20.1,25.6,65.0,4,64.3,9.3,0.938,dry_season,1
Dambulla,2015,2,33.2,21.1,27.2,47.1,3,63.2,9.8,0.9581,dry_season,1
Dambulla,2015,3,34.8,22.5,28.6,88.6,5,57.6,9.1,0.9128,dry_season,1
Dambulla,2015,4,35.6,25.0,30.3,178.3,7,61.6,7.7,0.8036,dry_season,1
Dambulla,2015,5,33.6,25.0,29.3,147.6,9,69.6,8.0,0.8372,southwest_monsoon,0
Dambulla,2015,6,32.6,24.5,28.6,99.6,5,68.5,7.4,0.8673,southwest_monsoon,0
Dambulla,2015,7,31.4,23.7,27.5,71.0,5,72.4,7.5,0.8948,southwest_monsoon,0
Dambulla,2015,8,31.4,23.6,27.5,75.1,5,70.9,8.1,0.9038,southwest_monsoon,0
Dambulla,2015,9,31.1,23.2,27.1,118.4,6,73.5,7.2,0.8463,southwest_monsoon,0
Dambulla,2015,10,30.6,22.7,26.6,191.8,11,71.2,7.6,0.7895,northeast_monsoon,0
Dambulla,2015,11,30.1,21.5,25.8,297.9,11,75.0,7.9,0.7015,northeast_monsoon,0
Dambulla,2015,12,31.3,20.8,26.1,143.7,6,68.6,8.3,0.847,dry_season,1
Dambulla,2016,1,31.6,20.3,26.0,78.6,4,62.1,9.4,0.928,dry_season,1
Dambulla,2016,2,33.1,21.1,27.1,63.8,3,61.2,9.6,0.9433,dry_season,1
Dambulla,2016,3,35.5,22.9,29.2,105.4,5,58.7,9.2,0.9,dry_season,1
Dambulla,2016,4,35.9,25.1,30.5,195.0,8,66.2,8.3,0.8014,dry_season,1
Dambulla,2016,5,34.3,25.4,29.8,193.6,10,65.2,7.7,0.79,southwest_monsoon,0
Dambulla,2016,6,32.5,24.4,28.4,96.7,6,71.2,7.5,0.8719,southwest_monsoon,0
Dambulla,2016,7,31.4,23.7,27.5,91.8,6,71.9,7.4,0.8742,southwest_monsoon,0
Dambulla,2016,8,31.0,23.4,27.2,79.4,4,74.2,7.5,0.8873,southwest_monsoon,0
Dambulla,2016,9,31.5,23.4,27.4,145.4,6,71.0,7.5,0.8287,southwest_monsoon,0
Dambulla,2016,10,30.9,22.8,26.9,213.4,12,73.7,6.3,0.7429,northeast_monsoon,0
Dambulla,2016,11,30.3,21.5,25.9,341.0,13,75.4,7.6,0.6569,northeast_monsoon,0
Dambulla,2016,12,30.0,20.2,25.1,175.8,6,66.0,8.6,0.8248,dry_season,1
Dambulla,2017,1,31.5,20.3,25.9,61.0,3,64.3,9.3,0.9416,dry_season,1
Dambulla,2017,2,33.1,21.1,27.1,63.6,3,60.8,9.5,0.9435,dry_season,1
Dambulla,2017,3,35.6,23.0,29.3,83.5,5,58.7,9.7,0.9258,dry_season,1
Dambulla,2017,4,36.4,25.4,30.9,158.6,7,65.9,8.2,0.8317,dry_season,1
Dambulla,2017,5,34.4,25.4,29.9,200.8,8,69.3,8.1,0.792,southwest_monsoon,0
Dambulla,2017,6,31.7,24.1,27.9,107.9,5,74.7,7.5,0.862,southwest_monsoon,0
Dambulla,2017,7,31.4,23.7,27.5,78.1,5,70.9,7.4,0.8864,southwest_monsoon,0
Dambulla,2017,8,31.1,23.5,27.3,74.1,5,72.6,8.0,0.9026,southwest_monsoon,0
Dambulla,2017,9,31.0,23.2,27.1,124.0,7,72.1,7.3,0.8435,southwest_monsoon,0
Dambulla,2017,10,31.1,22.9,27.0,251.4,11,72.0,7.3,0.7302,northeast_monsoon,0
Dambulla,2017,11,30.4,21.6,26.0,267.3,11,71.0,7.3,0.7161,northeast_monsoon,0
Dambulla,2017,12,30.0,20.2,25.1,138.9,6,69.0,8.5,0.8555,dry_season,1
Dambulla,2018,1,32.7,20.9,26.8,70.1,3,68.3,9.6,0.9377,dry_season,1
Dambulla,2018,2,33.1,21.1,27.1,48.7,3,64.1,8.7,0.9399,dry_season,1
Dambulla,2018,3,35.0,22.7,28.9,83.8,4,61.2,9.1,0.9171,dry_season,1
Dambulla,2018,4,34.8,24.6,29.7,179.3,7,64.9,8.2,0.8133,dry_season,1
Dambulla,2018,5,33.7,25.1,29.4,155.5,9,70.8,7.6,0.8218,southwest_monsoon,0
Dambulla,2018,6,32.6,24.5,28.6,69.2,6,72.1,7.3,0.8922,southwest_monsoon,0
Dambulla,2018,7,32.2,24.1,28.2,84.9,4,70.0,7.8,0.8887,southwest_monsoon,0
Dambulla,2018,8,30.8,23.4,27.1,67.7,4,70.7,7.6,0.8998,southwest_monsoon,0
Dambulla,2018,9,31.4,23.4,27.4,92.1,7,75.4,7.2,0.8697,southwest_monsoon,0
Dambulla,2018,10,30.9,22.9,26.9,217.5,9,74.7,7.4,0.7625,northeast_monsoon,0
Dambulla,2018,11,30.2,21.5,25.9,296.7,11,71.4,7.4,0.6921,northeast_monsoon,0
Dambulla,2018,12,31.2,20.8,26.0,177.6,6,69.5,8.1,0.8127,dry_season,1
Dambulla,2019,1,32.1,20.6,26.4,65.5,4,67.5,8.3,0.9165,dry_season,1
Dambulla,2019,2,32.6,20.9,26.8,55.1,3,62.9,10.0,0.951,dry_season,1
Dambulla,2019,3,35.0,22.7,28.9,98.2,6,57.2,9.3,0.9085,dry_season,1
Dambulla,2019,4,35.1,24.7,29.9,215.5,9,62.7,8.3,0.7832,dry_season,1
Dambulla,2019,5,33.7,25.1,29.4,157.5,8,69.0,7.7,0.8221,southwest_monsoon,0
Dambulla,2019,6,31.8,24.1,28.0,99.4,5,74.7,7.6,0.8716,southwest_monsoon,0
Dambulla,2019,7,32.8,24.4,28.6,79.3,6,68.4,7.3,0.8832,southwest_monsoon,0
Dambulla,2019,8,31.7,23.8,27.8,79.4,5,70.0,8.1,0.8999,southwest_monsoon,0
Dambulla,2019,9,31.0,23.2,27.1,126.4,7,70.9,7.2,0.8392,southwest_monsoon,0
Dambulla,2019,10,30.2,22.5,26.4,270.9,10,73.7,7.0,0.7066,northeast_monsoon,0
Dambulla,2019,11,30.4,21.6,26.0,239.0,11,76.4,7.5,0.7455,northeast_monsoon,0
Dambulla,2019,12,31.0,20.7,25.9,152.2,7,70.2,8.2,0.8373,dry_season,1
Dambulla,2020,1,31.7,20.3,26.0,72.8,4,65.3,9.1,0.9269,dry_season,1
Dambulla,2020,2,32.4,20.7,26.5,70.6,3,64.8,9.6,0.9372,dry_season,1
Dambulla,2020,3,35.0,22.7,28.9,90.6,5,59.8,9.6,0.9195,dry_season,1
Dambulla,2020,4,35.1,24.8,30.0,215.8,9,60.2,8.2,0.7808,dry_season,1
Dambulla,2020,5,33.4,25.0,29.2,227.6,9,69.1,7.5,0.7556,southwest_monsoon,0
Dambulla,2020,6,31.8,24.1,28.0,71.8,6,71.9,7.3,0.8899,southwest_monsoon,0
Dambulla,2020,7,31.6,23.8,27.7,84.4,5,69.9,7.8,0.8892,southwest_monsoon,0
Dambulla,2020,8,31.5,23.7,27.6,88.6,5,71.2,8.1,0.8918,southwest_monsoon,0
Dambulla,2020,9,31.4,23.4,27.4,123.6,6,68.5,7.5,0.848,southwest_monsoon,0
Dambulla,2020,10,30.8,22.8,26.8,239.2,12,72.0,7.2,0.739,northeast_monsoon,0
Dambulla,2020,11,30.3,21.5,25.9,274.4,11,72.6,7.8,0.7203,northeast_monsoon,0
Dambulla,2020,12,30.3,20.3,25.3,181.9,7,70.7,8.3,0.813,dry_season,1
Dambulla,2021,1,31.6,20.3,26.0,71.1,3,66.2,8.8,0.9221,dry_season,1
Dambulla,2021,2,33.0,21.0,27.0,60.9,3,57.8,9.5,0.9459,dry_season,1
Dambulla,2021,3,35.7,22.9,29.3,90.9,4,59.6,9.5,0.9192,dry_season,1
Dambulla,2021,4,34.7,24.5,29.6,193.3,8,65.4,8.2,0.8008,dry_season,1
Dambulla,2021,5,33.0,24.7,28.9,155.0,11,69.7,7.8,0.8264,southwest_monsoon,0
Dambulla,2021,6,32.4,24.4,28.4,86.4,5,72.2,8.0,0.8916,southwest_monsoon,0
Dambulla,2021,7,30.9,23.4,27.1,52.6,5,70.4,7.6,0.9132,southwest_monsoon,0
Dambulla,2021,8,31.5,23.6,27.6,101.7,5,69.7,7.6,0.8696,southwest_monsoon,0
Dambulla,2021,9,31.3,23.3,27.3,122.1,8,74.4,7.4,0.8473,southwest_monsoon,0
Dambulla,2021,10,30.7,22.7,26.7,162.5,14,73.5,7.0,0.8029,northeast_monsoon,0
Dambulla,2021,11,30.6,21.7,26.1,338.3,11,68.1,7.5,0.6572,northeast_monsoon,0
Dambulla,2021,12,30.9,20.6,25.8,137.5,6,68.5,8.5,0.8567,dry_season,1
Dambulla,2022,1,31.9,20.5,26.2,65.8,4,64.8,8.8,0.9268,dry_season,1
Dambulla,2022,2,32.7,20.9,26.8,53.2,2,63.7,9.5,0.9527,dry_season,1
Dambulla,2022,3,35.1,22.7,28.9,86.9,5,59.4,9.0,0.9122,dry_season,1
Dambulla,2022,4,35.3,24.9,30.1,134.6,6,62.8,8.7,0.8635,dry_season,1
Dambulla,2022,5,33.9,25.3,29.6,137.6,6,71.4,7.3,0.8314,southwest_monsoon,0
Dambulla,2022,6,32.3,24.4,28.3,112.6,5,70.9,7.1,0.8494,southwest_monsoon,0
Dambulla,2022,7,32.0,24.0,28.0,67.5,4,68.2,7.7,0.9021,southwest_monsoon,0
Dambulla,2022,8,31.1,23.5,27.3,51.7,4,69.7,7.5,0.9119,southwest_monsoon,0
Dambulla,2022,9,32.0,23.7,27.9,137.2,5,70.9,7.4,0.8338,southwest_monsoon,0
Dambulla,2022,10,30.7,22.8,26.8,196.8,10,73.2,6.9,0.7703,northeast_monsoon,0
Dambulla,2022,11,30.2,21.6,25.9,281.3,10,75.5,7.5,0.7079,northeast_monsoon,0
Dambulla,2022,12,30.5,20.5,25.5,116.9,6,69.6,8.5,0.875,dry_season,1
Dambulla,2023,1,31.1,20.1,25.6,69.8,3,63.0,9.3,0.9337,dry_season,1
Dambulla,2023,2,34.3,21.8,28.0,46.1,2,60.3,9.2,0.9527,dry_season,1
Dambulla,2023,3,35.3,22.9,29.1,89.9,3,59.9,8.9,0.9075,dry_season,1
Dambulla,2023,4,36.1,25.3,30.7,132.9,7,66.2,8.6,0.8629,dry_season,1
Dambulla,2023,5,34.0,25.3,29.6,105.2,9,68.2,7.7,0.8686,southwest_monsoon,0
Dambulla,2023,6,32.5,24.5,28.5,76.5,6,70.2,6.5,0.8688,southwest_monsoon,0
Dambulla,2023,7,32.3,24.2,28.2,66.5,4,70.5,7.9,0.9072,southwest_monsoon,0
Dambulla,2023,8,31.6,23.8,27.7,72.6,4,68.8,7.1,0.8849,southwest_monsoon,0
Dambulla,2023,9,32.2,23.9,28.1,114.4,6,68.5,7.7,0.8604,southwest_monsoon,0
Dambulla,2023,10,30.8,22.8,26.8,216.7,11,74.8,7.1,0.7569,northeast_monsoon,0
Dambulla,2023,11,30.3,21.6,26.0,233.0,8,76.3,7.4,0.7487,northeast_monsoon,0
Dambulla,2023,12,31.3,20.9,26.1,156.2,7,73.5,7.9,0.8275,dry_season,1
Dambulla,2024,1,31.5,20.3,25.9,74.6,3,67.0,9.1,0.9253,dry_season,1
Dambulla,2024,2,33.8,21.5,27.6,53.6,2,58.0,9.8,0.9524,dry_season,1
Dambulla,2024,3,35.4,22.9,29.1,94.8,5,60.1,9.1,0.9073,dry_season,1
Dambulla,2024,4,35.9,25.2,30.5,184.1,8,68.1,8.5,0.8153,dry_season,1
Dambulla,2024,5,33.6,25.1,29.4,215.7,8,72.7,7.7,0.7704,southwest_monsoon,0
Dambulla,2024,6,32.7,24.6,28.7,98.4,6,70.8,7.8,0.8767,southwest_monsoon,0
Dambulla,2024,7,32.4,24.2,28.3,76.7,4,71.9,7.7,0.8939,southwest_monsoon,0
Dambulla,2024,8,31.6,23.8,27.7,90.6,5,72.0,7.9,0.8858,southwest_monsoon,0
Dambulla,2024,9,31.2,23.4,27.3,153.1,7,75.2,8.1,0.8344,southwest_monsoon,0
Dambulla,2024,10,30.8,22.8,26.8,207.0,12,73.2,7.1,0.7655,northeast_monsoon,0
Dambulla,2024,11,30.8,21.9,26.4,304.8,13,74.7,7.1,0.6785,northeast_monsoon,0
Dambulla,2024,12,31.1,20.8,26.0,176.9,7,66.7,8.0,0.8112,dry_season,1
Anuradhapura,2015,1,31.0,19.4,25.2,58.2,3,63.6,9.0,0.9377,dry_season,1
Anuradhapura,2015,2,33.5,20.8,27.1,52.5,3,56.3,9.2,0.947,dry_season,1
Anuradhapura,2015,3,35.2,22.6,28.9,90.7,5,57.0,9.6,0.9194,dry_season,1
Anuradhapura,2015,4,35.9,25.0,30.4,225.2,8,62.9,8.6,0.7809,dry_season,1
Anuradhapura,2015,5,34.8,25.7,30.2,170.5,8,67.4,8.6,0.8295,southwest_monsoon,0
Anuradhapura,2015,6,33.2,25.2,29.2,77.0,4,68.8,7.1,0.881,southwest_monsoon,0
Anuradhapura,2015,7,32.0,24.3,28.1,57.8,3,65.1,8.0,0.917,southwest_monsoon,0
Anuradhapura,2015,8,32.7,24.6,28.7,66.0,4,69.6,7.5,0.8992,southwest_monsoon,0
Anuradhapura,2015,9,32.6,24.3,28.5,138.4,6,69.2,8.5,0.8559,southwest_monsoon,0
Anuradhapura,2015,10,31.0,23.1,27.1,210.0,9,70.3,7.9,0.7796,northeast_monsoon,0
Anuradhapura,2015,11,31.0,21.4,26.2,377.1,14,72.7,7.5,0.6227,northeast_monsoon,0
Anuradhapura,2015,12,30.8,19.9,25.4,185.4,10,68.2,8.9,0.8226,dry_season,1
Anuradhapura,2016,1,31.3,19.6,25.5,73.0,5,64.4,9.2,0.9288,dry_season,1
Anuradhapura,2016,2,33.0,20.5,26.8,52.4,3,57.0,10.0,0.9534,dry_season,1
Anuradhapura,2016,3,35.3,22.7,29.0,75.2,5,59.4,9.6,0.9332,dry_season,1
Anuradhapura,2016,4,35.8,24.9,30.3,161.2,7,63.7,8.2,0.8293,dry_season,1
Anuradhapura,2016,5,35.2,25.9,30.6,180.3,9,67.8,8.3,0.8145,southwest_monsoon,0
Anuradhapura,2016,6,33.0,25.0,29.0,70.1,5,69.9,7.1,0.8872,southwest_monsoon,0
Anuradhapura,2016,7,32.9,24.7,28.8,65.7,4,68.1,7.8,0.9058,southwest_monsoon,0
Anuradhapura,2016,8,32.9,24.6,28.8,55.1,4,66.6,8.0,0.9194,southwest_monsoon,0
Anuradhapura,2016,9,31.9,24.0,27.9,132.4,6,67.2,7.5,0.8402,southwest_monsoon,0
Anuradhapura,2016,10,31.5,23.3,27.4,286.8,11,70.5,7.1,0.6945,northeast_monsoon,0
Anuradhapura,2016,11,30.7,21.3,26.0,304.0,13,71.6,7.7,0.6919,northeast_monsoon,0
Anuradhapura,2016,12,29.7,19.4,24.5,215.3,9,66.3,8.3,0.7834,dry_season,1
Anuradhapura,2017,1,31.5,19.7,25.6,62.3,4,67.1,9.1,0.9362,dry_season,1
Anuradhapura,2017,2,33.0,20.6,26.8,60.5,2,55.1,10.1,0.9462,dry_season,1
Anuradhapura,2017,3,35.4,22.8,29.1,78.1,5,54.4,10.1,0.9306,dry_season,1
Anuradhapura,2017,4,35.8,25.0,30.4,196.1,8,62.9,8.3,0.8004,dry_season,1
Anuradhapura,2017,5,34.6,25.6,30.1,157.2,8,69.2,7.9,0.8266,southwest_monsoon,0
Anuradhapura,2017,6,33.2,25.2,29.2,66.8,4,70.5,7.5,0.8985,southwest_monsoon,0
Anuradhapura,2017,7,33.6,25.1,29.4,52.9,3,69.4,7.6,0.913,southwest_monsoon,0
Anuradhapura,2017,8,33.0,24.7,28.9,57.0,4,64.9,7.7,0.9114,southwest_monsoon,0
Anuradhapura,2017,9,32.4,24.2,28.3,129.6,5,72.2,7.4,0.8406,southwest_monsoon,0
Anuradhapura,2017,10,31.1,23.1,27.1,231.8,10,72.9,7.4,0.7497,northeast_monsoon,0
Anuradhapura,2017,11,30.1,21.0,25.6,331.6,11,72.7,7.5,0.6631,northeast_monsoon,0
Anuradhapura,2017,12,30.2,19.7,24.9,175.1,9,68.8,8.2,0.817,dry_season,1
Anuradhapura,2018,1,32.0,20.0,26.0,55.5,4,63.9,8.8,0.9359,dry_season,1
Anuradhapura,2018,2,33.1,20.6,26.9,52.4,2,60.6,10.1,0.9534,dry_season,1
Anuradhapura,2018,3,35.8,23.0,29.4,68.6,5,50.6,9.3,0.9348,dry_season,1
Anuradhapura,2018,4,36.3,25.3,30.8,135.2,7,60.3,8.4,0.8567,dry_season,1
Anuradhapura,2018,5,34.7,25.7,30.2,129.2,9,65.7,8.6,0.8662,southwest_monsoon,0
Anuradhapura,2018,6,34.0,25.6,29.8,59.4,4,68.7,7.6,0.9072,southwest_monsoon,0
Anuradhapura,2018,7,33.3,25.0,29.1,56.5,3,66.2,7.7,0.9119,southwest_monsoon,0
Anuradhapura,2018,8,32.2,24.4,28.3,54.8,3,70.7,7.6,0.9113,southwest_monsoon,0
Anuradhapura,2018,9,32.9,24.5,28.7,110.0,6,70.0,7.8,0.8664,southwest_monsoon,0
Anuradhapura,2018,10,31.3,23.2,27.2,159.1,10,70.7,7.5,0.8165,northeast_monsoon,0
Anuradhapura,2018,11,30.7,21.3,26.0,293.8,9,71.6,7.5,0.6967,northeast_monsoon,0
Anuradhapura,2018,12,30.8,20.0,25.4,155.3,7,67.7,8.6,0.843,dry_season,1
Anuradhapura,2019,1,31.4,19.7,25.5,57.5,4,62.8,9.7,0.9489,dry_season,1
Anuradhapura,2019,2,33.5,20.8,27.1,59.8,2,60.0,9.9,0.9468,dry_season,1
Anuradhapura,2019,3,35.1,22.6,28.9,84.8,5,55.2,10.3,0.9246,dry_season,1
Anuradhapura,2019,4,35.4,24.8,30.1,214.2,7,60.3,8.1,0.7801,dry_season,1
Anuradhapura,2019,5,35.4,26.0,30.7,182.9,8,66.8,7.9,0.8037,southwest_monsoon,0
Anuradhapura,2019,6,33.4,25.2,29.3,70.8,5,71.0,7.9,0.9034,southwest_monsoon,0
Anuradhapura,2019,7,32.7,24.6,28.7,68.2,3,67.2,7.8,0.9036,southwest_monsoon,0
Anuradhapura,2019,8,32.8,24.6,28.7,68.3,3,68.1,7.9,0.9056,southwest_monsoon,0
Anuradhapura,2019,9,32.3,24.2,28.2,127.0,7,67.8,8.1,0.8576,southwest_monsoon,0
Anuradhapura,2019,10,31.1,23.1,27.1,189.0,12,71.4,7.6,0.792,northeast_monsoon,0
Anuradhapura,2019,11,30.4,21.2,25.8,406.4,14,69.6,7.8,0.603,northeast_monsoon,0
Anuradhapura,2019,12,30.6,19.8,25.2,167.9,8,65.8,8.3,0.8255,dry_season,1
Anuradhapura,2020,1,31.3,19.6,25.5,57.1,5,60.1,9.6,0.9492,dry_season,1
Anuradhapura,2020,2,33.6,20.8,27.2,54.0,3,58.1,10.0,0.952,dry_season,1
Anuradhapura,2020,3,35.1,22.6,28.9,108.0,6,58.2,9.1,0.8956,dry_season,1
Anuradhapura,2020,4,36.5,25.3,30.9,250.0,10,60.8,8.3,0.7525,dry_season,1
Anuradhapura,2020,5,35.2,25.9,30.6,178.1,10,67.0,7.8,0.8059,southwest_monsoon,0
Anuradhapura,2020,6,32.6,24.9,28.8,70.1,6,70.2,7.8,0.9019,southwest_monsoon,0
Anuradhapura,2020,7,33.2,24.9,29.1,55.8,4,67.8,7.7,0.9125,southwest_monsoon,0
Anuradhapura,2020,8,32.7,24.6,28.7,71.0,4,67.9,7.9,0.9032,southwest_monsoon,0
Anuradhapura,2020,9,31.8,24.0,27.9,130.4,6,69.1,7.8,0.8483,southwest_monsoon,0
Anuradhapura,2020,10,31.2,23.2,27.2,218.1,10,70.6,7.8,0.7703,northeast_monsoon,0
Anuradhapura,2020,11,31.5,21.7,26.6,322.2,16,67.8,7.2,0.6652,northeast_monsoon,0
Anuradhapura,2020,12,30.1,19.6,24.9,253.1,7,64.0,8.1,0.7455,dry_season,1
Anuradhapura,2021,1,31.7,19.7,25.7,70.1,4,66.8,9.1,0.9293,dry_season,1
Anuradhapura,2021,2,33.8,20.9,27.3,52.0,2,57.1,9.0,0.9433,dry_season,1
Anuradhapura,2021,3,35.0,22.5,28.8,82.6,5,55.7,9.8,0.9266,dry_season,1
Anuradhapura,2021,4,36.5,25.3,30.9,182.6,8,61.1,8.5,0.8166,dry_season,1
Anuradhapura,2021,5,35.4,26.0,30.7,132.1,8,68.9,7.7,0.8447,southwest_monsoon,0
Anuradhapura,2021,6,33.6,25.3,29.5,66.8,5,71.5,7.2,0.8922,southwest_monsoon,0
Anuradhapura,2021,7,31.8,24.2,28.0,59.7,3,66.2,7.3,0.9006,southwest_monsoon,0
Anuradhapura,2021,8,32.9,24.6,28.8,59.5,4,65.1,7.6,0.9071,southwest_monsoon,0
Anuradhapura,2021,9,32.2,24.1,28.2,106.9,6,70.0,7.7,0.8671,southwest_monsoon,0
Anuradhapura,2021,10,31.6,23.3,27.5,204.0,9,72.4,7.5,0.7766,northeast_monsoon,0
Anuradhapura,2021,11,30.5,21.2,25.9,325.7,13,72.7,7.1,0.66,northeast_monsoon,0
Anuradhapura,2021,12,29.8,19.4,24.6,152.5,8,66.5,9.0,0.8539,dry_season,1
Anuradhapura,2022,1,31.1,19.6,25.4,53.0,3,62.9,9.7,0.9529,dry_season,1
Anuradhapura,2022,2,33.6,20.9,27.2,46.0,3,57.1,10.2,0.9591,dry_season,1
Anuradhapura,2022,3,35.1,22.7,28.9,55.1,4,56.3,9.1,0.9426,dry_season,1
Anuradhapura,2022,4,36.3,25.2,30.8,139.7,8,62.1,8.4,0.8527,dry_season,1
Anuradhapura,2022,5,34.1,25.4,29.8,149.6,8,69.6,7.5,0.8249,southwest_monsoon,0
Anuradhapura,2022,6,33.0,25.1,29.1,57.8,3,70.7,7.5,0.9065,southwest_monsoon,0
Anuradhapura,2022,7,32.8,24.7,28.8,63.5,3,65.0,7.5,0.9015,southwest_monsoon,0
Anuradhapura,2022,8,32.5,24.5,28.5,47.9,3,68.2,8.3,0.9322,southwest_monsoon,0
Anuradhapura,2022,9,32.2,24.2,28.2,95.5,6,66.6,7.7,0.8772,southwest_monsoon,0
Anuradhapura,2022,10,31.7,23.4,27.5,176.0,10,70.7,7.3,0.7972,northeast_monsoon,0
Anuradhapura,2022,11,30.6,21.3,26.0,301.8,9,68.3,7.6,0.6917,northeast_monsoon,0
Anuradhapura,2022,12,30.6,19.9,25.2,192.8,7,67.6,8.3,0.8034,dry_season,1
Anuradhapura,2023,1,32.1,20.1,26.1,41.8,3,65.4,9.0,0.9523,dry_season,1
Anuradhapura,2023,2,34.6,21.4,28.0,46.5,2,60.6,9.3,0.9545,dry_season,1
Anuradhapura,2023,3,35.6,22.9,29.2,67.2,4,53.9,9.8,0.9403,dry_season,1
Anuradhapura,2023,4,36.8,25.5,31.1,175.1,7,60.3,8.9,0.7117,dry_season,1
Anuradhapura,2023,5,35.6,26.2,30.9,121.9,6,70.1,8.0,0.8601,southwest_monsoon,0
Anuradhapura,2023,6,33.5,25.4,29.4,68.9,4,72.8,7.7,0.9009,southwest_monsoon,0
Anuradhapura,2023,7,33.7,25.2,29.5,59.0,3,68.3,7.6,0.9076,southwest_monsoon,0
Anuradhapura,2023,8,32.8,24.7,28.8,63.1,2,68.7,8.0,0.9123,southwest_monsoon,0
Anuradhapura,2023,9,32.5,24.4,28.4,104.8,5,71.2,7.7,0.8689,southwest_monsoon,0
Anuradhapura,2023,10,31.7,23.5,27.6,176.5,9,70.4,7.4,0.7989,northeast_monsoon,0
Anuradhapura,2023,11,31.0,21.5,26.2,310.7,13,70.6,8.1,0.6943,northeast_monsoon,0
Anuradhapura,2023,12,30.9,20.1,25.5,142.6,6,65.0,8.8,0.8585,dry_season,1
Anuradhapura,2024,1,31.8,19.9,25.9,42.8,4,64.2,8.8,0.9472,dry_season,1
Anuradhapura,2024,2,33.4,20.8,27.1,44.3,3,59.2,9.5,0.9606,dry_season,1
Anuradhapura,2024,3,35.5,22.8,29.1,98.1,4,55.4,9.6,0.9128,dry_season,1
Anuradhapura,2024,4,35.9,25.1,30.5,176.2,8,63.8,8.8,0.8286,dry_season,1
Anuradhapura,2024,5,34.9,25.8,30.4,189.0,9,68.0,7.8,0.7962,southwest_monsoon,0
Anuradhapura,2024,6,33.8,25.5,29.6,80.3,5,72.6,7.5,0.8865,southwest_monsoon,0
Anuradhapura,2024,7,32.9,24.8,28.9,51.2,4,68.3,8.4,0.9313,southwest_monsoon,0
Anuradhapura,2024,8,33.5,25.0,29.2,55.5,4,64.4,7.7,0.9128,southwest_monsoon,0
Anuradhapura,2024,9,32.4,24.3,28.4,124.3,5,72.2,7.7,0.8516,southwest_monsoon,0
Anuradhapura,2024,10,31.5,23.4,27.4,246.1,9,72.5,7.3,0.7349,northeast_monsoon,0
Anuradhapura,2024,11,30.6,21.3,26.0,288.5,12,68.3,8.0,0.712,northeast_monsoon,0
Anuradhapura,2024,12,31.0,20.1,25.6,172.6,6,70.5,8.4,0.8234,dry_season,1
Polonnaruwa,2015,1,31.7,19.9,25.8,68.7,5,63.9,9.3,0.9347,dry_season,1
Polonnaruwa,2015,2,33.0,20.6,26.8,52.1,2,60.4,9.5,0.9537,dry_season,1
Polonnaruwa,2015,3,35.7,23.1,29.4,103.1,6,59.5,8.8,0.8936,dry_season,1
Polonnaruwa,2015,4,36.0,25.3,30.6,211.3,8,61.5,9.0,0.8017,dry_season,1
Polonnaruwa,2015,5,33.2,25.2,29.2,169.7,9,66.7,7.8,0.8134,southwest_monsoon,0
Polonnaruwa,2015,6,32.2,24.7,28.5,76.8,4,70.9,7.9,0.898,southwest_monsoon,0
Polonnaruwa,2015,7,31.8,24.3,28.1,68.7,3,67.5,7.5,0.8968,southwest_monsoon,0
Polonnaruwa,2015,8,32.1,24.5,28.3,65.9,4,68.9,7.4,0.8972,southwest_monsoon,0
Polonnaruwa,2015,9,31.6,24.0,27.8,150.6,6,68.0,7.3,0.8198,southwest_monsoon,0
Polonnaruwa,2015,10,32.1,23.7,27.9,229.5,12,72.4,6.9,0.7413,northeast_monsoon,0
Polonnaruwa,2015,11,30.8,21.5,26.1,296.9,13,70.9,7.2,0.6877,northeast_monsoon,0
Polonnaruwa,2015,12,31.7,20.7,26.2,140.6,8,68.6,8.8,0.8603,dry_season,1
Polonnaruwa,2016,1,32.4,20.2,26.3,67.3,4,62.6,9.3,0.936,dry_season,1
Polonnaruwa,2016,2,33.2,20.7,27.0,52.3,3,61.4,9.3,0.9493,dry_season,1
Polonnaruwa,2016,3,35.4,22.9,29.1,90.7,5,59.9,9.3,0.9152,dry_season,1
Polonnaruwa,2016,4,36.2,25.4,30.8,200.1,9,60.9,8.0,0.7906,dry_season,1
Polonnaruwa,2016,5,34.0,25.5,29.8,182.7,10,68.0,7.9,0.8039,southwest_monsoon,0
Polonnaruwa,2016,6,33.0,25.1,29.1,73.5,4,68.6,7.2,0.8862,southwest_monsoon,0
Polonnaruwa,2016,7,32.5,24.7,28.6,63.6,4,70.0,7.5,0.9014,southwest_monsoon,0
Polonnaruwa,2016,8,31.8,24.3,28.1,75.2,3,67.4,8.1,0.9037,southwest_monsoon,0
Polonnaruwa,2016,9,32.4,24.4,28.4,129.8,6,69.5,6.9,0.8299,southwest_monsoon,0
Polonnaruwa,2016,10,30.8,23.0,26.9,218.2,14,71.4,7.2,0.7576,northeast_monsoon,0
Polonnaruwa,2016,11,31.0,21.6,26.3,387.0,13,68.1,7.8,0.6202,northeast_monsoon,0
Polonnaruwa,2016,12,31.1,20.4,25.8,199.2,10,69.7,8.3,0.7977,dry_season,1
Polonnaruwa,2017,1,32.5,20.3,26.4,74.9,3,63.0,9.1,0.925,dry_season,1
Polonnaruwa,2017,2,34.3,21.2,27.8,50.7,2,63.6,9.3,0.9507,dry_season,1
Polonnaruwa,2017,3,36.2,23.3,29.8,80.2,4,59.2,9.2,0.9224,dry_season,1
Polonnaruwa,2017,4,36.3,25.5,30.9,199.2,11,59.9,8.4,0.7998,dry_season,1
Polonnaruwa,2017,5,33.6,25.4,29.5,153.6,7,66.0,7.2,0.815,southwest_monsoon,0
Polonnaruwa,2017,6,32.7,25.0,28.9,63.2,4,69.6,7.7,0.9059,southwest_monsoon,0
Polonnaruwa,2017,7,32.9,24.9,28.9,57.4,4,65.1,7.5,0.9069,southwest_monsoon,0
Polonnaruwa,2017,8,31.4,24.1,27.8,63.7,4,69.3,7.9,0.9097,southwest_monsoon,0
Polonnaruwa,2017,9,32.4,24.5,28.4,117.5,8,65.8,7.7,0.8577,southwest_monsoon,0
Polonnaruwa,2017,10,31.7,23.5,27.6,262.7,13,70.7,7.3,0.7202,northeast_monsoon,0
Polonnaruwa,2017,11,30.8,21.5,26.1,302.1,10,69.8,6.7,0.6725,northeast_monsoon,0
Polonnaruwa,2017,12,31.4,20.6,26.0,178.0,8,67.7,8.4,0.8186,dry_season,1
Polonnaruwa,2018,1,32.9,20.5,26.7,62.5,4,65.4,9.0,0.9339,dry_season,1
Polonnaruwa,2018,2,33.7,21.0,27.4,59.0,2,61.4,9.1,0.9391,dry_season,1
Polonnaruwa,2018,3,35.6,23.1,29.4,79.9,4,57.6,9.5,0.929,dry_season,1
Polonnaruwa,2018,4,36.8,25.8,31.3,202.4,8,64.5,8.8,0.6854,dry_season,1
Polonnaruwa,2018,5,34.0,25.6,29.8,135.2,10,66.3,7.0,0.8272,southwest_monsoon,0
Polonnaruwa,2018,6,33.1,25.3,29.2,59.9,4,67.4,7.7,0.9089,southwest_monsoon,0
Polonnaruwa,2018,7,32.8,24.9,28.8,49.3,3,66.2,7.3,0.9099,southwest_monsoon,0
Polonnaruwa,2018,8,32.6,24.7,28.6,44.0,3,67.9,7.4,0.9167,southwest_monsoon,0
Polonnaruwa,2018,9,33.0,24.8,28.9,138.2,7,71.5,7.3,0.8308,southwest_monsoon,0
Polonnaruwa,2018,10,31.4,23.4,27.4,161.5,10,71.1,7.2,0.808,northeast_monsoon,0
Polonnaruwa,2018,11,31.1,21.7,26.4,257.7,11,72.8,7.1,0.7204,northeast_monsoon,0
Polonnaruwa,2018,12,30.7,20.2,25.4,168.6,7,67.5,7.8,0.8143,dry_season,1
Polonnaruwa,2019,1,32.0,20.1,26.1,65.4,4,68.9,9.6,0.9419,dry_season,1
Polonnaruwa,2019,2,34.0,21.1,27.6,60.1,4,58.0,9.5,0.9466,dry_season,1
Polonnaruwa,2019,3,35.1,22.8,29.0,86.4,4,58.0,9.2,0.9169,dry_season,1
Polonnaruwa,2019,4,36.8,25.7,31.2,195.7,9,63.8,8.2,0.6787,dry_season,1
Polonnaruwa,2019,5,34.0,25.5,29.8,208.4,9,68.0,8.3,0.7895,southwest_monsoon,0
Polonnaruwa,2019,6,33.5,25.4,29.4,85.5,5,67.4,7.3,0.8777,southwest_monsoon,0
Polonnaruwa,2019,7,32.7,24.8,28.8,72.3,4,66.3,7.2,0.8873,southwest_monsoon,0
Polonnaruwa,2019,8,32.0,24.4,28.2,69.1,4,65.7,7.6,0.8986,southwest_monsoon,0
Polonnaruwa,2019,9,32.2,24.3,28.2,126.8,7,70.4,7.4,0.8431,southwest_monsoon,0
Polonnaruwa,2019,10,31.2,23.2,27.2,182.2,11,71.8,7.7,0.8001,northeast_monsoon,0
Polonnaruwa,2019,11,31.2,21.7,26.4,453.5,13,70.6,7.0,0.5474,northeast_monsoon,0
Polonnaruwa,2019,12,30.9,20.3,25.6,155.9,8,65.1,8.0,0.8298,dry_season,1
Polonnaruwa,2020,1,32.6,20.3,26.5,75.2,5,63.3,9.1,0.9247,dry_season,1
Polonnaruwa,2020,2,33.8,21.0,27.4,54.4,3,58.2,9.3,0.9474,dry_season,1
Polonnaruwa,2020,3,34.6,22.5,28.6,117.5,6,60.1,9.0,0.885,dry_season,1
Polonnaruwa,2020,4,35.5,25.1,30.3,178.0,12,61.9,9.1,0.8334,dry_season,1
Polonnaruwa,2020,5,34.3,25.7,30.0,167.9,9,63.9,7.8,0.815,southwest_monsoon,0
Polonnaruwa,2020,6,32.5,24.9,28.7,80.7,5,67.9,7.2,0.8798,southwest_monsoon,0
Polonnaruwa,2020,7,32.1,24.5,28.3,78.6,4,70.8,7.7,0.8922,southwest_monsoon,0
Polonnaruwa,2020,8,32.5,24.6,28.6,81.0,4,66.4,7.7,0.8901,southwest_monsoon,0
Polonnaruwa,2020,9,31.8,24.2,28.0,151.4,8,66.4,8.0,0.8338,southwest_monsoon,0
Polonnaruwa,2020,10,31.8,23.6,27.7,183.7,12,73.4,7.5,0.7946,northeast_monsoon,0
Polonnaruwa,2020,11,30.2,21.2,25.7,386.9,12,70.0,7.0,0.6035,northeast_monsoon,0
Polonnaruwa,2020,12,30.3,20.0,25.1,183.8,11,68.2,8.8,0.8219,dry_season,1
Polonnaruwa,2021,1,32.5,20.3,26.4,68.8,4,64.4,9.1,0.9304,dry_season,1
Polonnaruwa,2021,2,33.8,21.0,27.4,52.7,3,61.7,9.4,0.9511,dry_season,1
Polonnaruwa,2021,3,34.9,22.7,28.8,90.1,5,60.7,9.8,0.9199,dry_season,1
Polonnaruwa,2021,4,35.9,25.3,30.6,190.4,10,58.1,8.6,0.8118,dry_season,1
Polonnaruwa,2021,5,33.6,25.3,29.5,188.3,8,65.5,7.6,0.7926,southwest_monsoon,0
Polonnaruwa,2021,6,32.7,25.0,28.9,60.0,5,69.9,8.1,0.9172,southwest_monsoon,0
Polonnaruwa,2021,7,32.5,24.7,28.6,71.2,4,67.7,7.9,0.903,southwest_monsoon,0
Polonnaruwa,2021,8,32.1,24.4,28.2,67.5,4,69.8,7.6,0.9,southwest_monsoon,0
Polonnaruwa,2021,9,32.2,24.3,28.2,95.6,7,71.4,7.8,0.8792,southwest_monsoon,0
Polonnaruwa,2021,10,31.6,23.4,27.5,251.9,12,74.9,7.6,0.7361,northeast_monsoon,0
Polonnaruwa,2021,11,30.7,21.4,26.0,305.0,13,71.4,7.7,0.691,northeast_monsoon,0
Polonnaruwa,2021,12,31.1,20.4,25.8,162.1,9,68.1,8.0,0.8243,dry_season,1
Polonnaruwa,2022,1,33.2,20.7,27.0,51.3,4,66.3,8.8,0.9397,dry_season,1
Polonnaruwa,2022,2,34.1,21.2,27.6,55.9,2,60.6,9.1,0.9419,dry_season,1
Polonnaruwa,2022,3,35.1,22.8,29.0,80.7,4,61.2,9.4,0.9262,dry_season,1
Polonnaruwa,2022,4,36.7,25.7,31.2,141.5,6,60.4,8.0,0.7226,dry_season,1
Polonnaruwa,2022,5,34.7,25.9,30.3,147.1,7,69.6,7.8,0.8335,southwest_monsoon,0
Polonnaruwa,2022,6,33.0,25.2,29.1,68.7,4,67.7,7.5,0.8968,southwest_monsoon,0
Polonnaruwa,2022,7,33.0,25.0,29.0,63.7,4,69.3,7.9,0.9097,southwest_monsoon,0
Polonnaruwa,2022,8,31.8,24.3,28.1,56.9,4,70.4,7.8,0.9136,southwest_monsoon,0
Polonnaruwa,2022,9,32.8,24.7,28.8,123.9,6,70.5,7.4,0.8457,southwest_monsoon,0
Polonnaruwa,2022,10,31.2,23.3,27.2,191.6,12,67.8,7.1,0.7792,northeast_monsoon,0
Polonnaruwa,2022,11,31.4,21.8,26.6,256.6,13,73.5,7.0,0.7193,northeast_monsoon,0
Polonnaruwa,2022,12,31.7,20.7,26.2,169.7,8,67.7,8.9,0.8365,dry_season,1
Polonnaruwa,2023,1,32.7,20.5,26.6,68.7,4,63.4,8.8,0.9242,dry_season,1
Polonnaruwa,2023,2,33.3,20.8,27.0,51.4,2,61.7,8.8,0.9396,dry_season,1
Polonnaruwa,2023,3,35.6,23.1,29.4,97.3,5,59.4,8.8,0.8988,dry_season,1
Polonnaruwa,2023,4,35.7,25.3,30.5,217.0,7,59.2,8.3,0.7818,dry_season,1
Polonnaruwa,2023,5,34.5,25.9,30.2,143.1,8,69.3,7.7,0.8349,southwest_monsoon,0
Polonnaruwa,2023,6,33.2,25.3,29.2,49.4,3,70.7,7.5,0.914,southwest_monsoon,0
Polonnaruwa,2023,7,32.4,24.7,28.5,58.2,3,71.1,8.0,0.9167,southwest_monsoon,0
Polonnaruwa,2023,8,32.5,24.7,28.6,66.8,3,70.4,7.7,0.9027,southwest_monsoon,0
Polonnaruwa,2023,9,32.2,24.4,28.3,97.6,6,72.7,7.5,0.8711,southwest_monsoon,0
Polonnaruwa,2023,10,31.0,23.2,27.1,189.1,10,74.6,7.4,0.7877,northeast_monsoon,0
Polonnaruwa,2023,11,31.1,21.7,26.4,265.4,11,71.2,7.6,0.7241,northeast_monsoon,0
Polonnaruwa,2023,12,31.6,20.7,26.1,134.0,6,70.7,8.1,0.8514,dry_season,1
Polonnaruwa,2024,1,31.2,19.7,25.4,71.5,4,64.6,9.0,0.9259,dry_season,1
Polonnaruwa,2024,2,34.2,21.2,27.7,61.8,3,58.5,8.6,0.9261,dry_season,1
Polonnaruwa,2024,3,36.0,23.3,29.6,100.6,5,57.2,8.9,0.8979,dry_season,1
Polonnaruwa,2024,4,35.5,25.1,30.3,213.1,8,61.2,8.1,0.7811,dry_season,1
Polonnaruwa,2024,5,34.6,25.9,30.2,164.8,8,66.5,7.9,0.8198,southwest_monsoon,0
Polonnaruwa,2024,6,33.3,25.3,29.3,90.2,5,70.1,7.5,0.8777,southwest_monsoon,0
Polonnaruwa,2024,7,32.5,24.8,28.6,63.2,4,71.7,7.5,0.9017,southwest_monsoon,0
Polonnaruwa,2024,8,32.7,24.8,28.8,72.0,4,67.6,7.5,0.8939,southwest_monsoon,0
Polonnaruwa,2024,9,32.4,24.5,28.4,118.6,6,70.1,7.8,0.8588,southwest_monsoon,0
Polonnaruwa,2024,10,32.0,23.7,27.9,161.9,11,67.9,7.8,0.8203,northeast_monsoon,0
Polonnaruwa,2024,11,31.1,21.7,26.4,311.0,13,73.5,7.4,0.6793,northeast_monsoon,0
Polonnaruwa,2024,12,31.4,20.6,26.0,174.9,9,65.0,8.3,0.8193,dry_season,1
Arugam Bay,2015,1,29.8,21.7,25.8,256.1,13,74.5,7.2,0.7239,dry_season,1
Arugam Bay,2015,2,30.5,22.0,26.2,121.6,7,76.3,8.2,0.8645,dry_season,1
Arugam Bay,2015,3,32.6,23.6,28.1,68.2,5,70.0,8.1,0.9099,dry_season,1
Arugam Bay,2015,4,32.4,24.8,28.6,56.6,3,64.5,9.3,0.9455,dry_season,1
Arugam Bay,2015,5,33.1,25.9,29.5,29.0,4,66.0,8.9,0.9616,southwest_monsoon,0
Arugam Bay,2015,6,31.3,24.9,28.1,29.2,2,66.3,9.1,0.9656,southwest_monsoon,0
Arugam Bay,2015,7,30.8,24.4,27.6,40.4,3,63.7,9.1,0.9557,southwest_monsoon,0
Arugam Bay,2015,8,31.9,24.7,28.3,38.7,2,63.0,9.0,0.9551,southwest_monsoon,0
Arugam Bay,2015,9,31.5,24.3,27.9,67.6,4,69.4,8.2,0.9125,southwest_monsoon,0
Arugam Bay,2015,10,30.1,23.0,26.6,201.9,9,72.1,7.5,0.7784,northeast_monsoon,0
Arugam Bay,2015,11,29.1,22.2,25.6,336.9,19,81.4,6.8,0.6437,northeast_monsoon,0
Arugam Bay,2015,12,29.4,21.7,25.5,372.2,15,84.9,6.7,0.6102,dry_season,1
Arugam Bay,2016,1,30.4,22.0,26.2,271.4,17,77.7,7.1,0.7082,dry_season,1
Arugam Bay,2016,2,30.0,21.7,25.9,138.6,9,72.3,7.8,0.841,dry_season,1
Arugam Bay,2016,3,30.9,22.7,26.8,78.3,5,72.9,8.8,0.9157,dry_season,1
Arugam Bay,2016,4,31.8,24.4,28.1,56.7,4,69.5,8.8,0.9349,dry_season,1
Arugam Bay,2016,5,32.3,25.4,28.8,49.5,3,68.5,9.6,0.956,southwest_monsoon,0
Arugam Bay,2016,6,31.2,24.9,28.0,35.4,2,65.0,9.4,0.9664,southwest_monsoon,0
Arugam Bay,2016,7,29.9,24.0,26.9,33.1,3,65.2,8.8,0.9558,southwest_monsoon,0
Arugam Bay,2016,8,31.1,24.3,27.7,38.3,3,67.2,8.6,0.947,southwest_monsoon,0
Arugam Bay,2016,9,30.8,23.9,27.4,71.5,5,68.9,8.4,0.9133,southwest_monsoon,0
Arugam Bay,2016,10,29.1,22.5,25.8,245.2,11,73.1,7.9,0.7484,northeast_monsoon,0
Arugam Bay,2016,11,28.7,22.0,25.4,358.5,15,77.8,6.6,0.6203,northeast_monsoon,0
Arugam Bay,2016,12,29.2,21.6,25.4,356.3,18,76.4,6.9,0.6286,dry_season,1
Arugam Bay,2017,1,30.1,21.8,26.0,243.4,14,78.9,6.9,0.7289,dry_season,1
Arugam Bay,2017,2,30.8,22.2,26.5,130.4,7,73.1,7.9,0.8504,dry_season,1
Arugam Bay,2017,3,33.0,23.8,28.4,75.4,5,70.5,9.2,0.9267,dry_season,1
Arugam Bay,2017,4,32.4,24.8,28.6,58.9,4,70.4,8.3,0.9224,dry_season,1
Arugam Bay,2017,5,32.6,25.6,29.1,40.7,2,65.1,9.3,0.9596,southwest_monsoon,0
Arugam Bay,2017,6,31.4,25.0,28.2,25.7,1,67.8,8.7,0.9603,southwest_monsoon,0
Arugam Bay,2017,7,30.9,24.5,27.7,33.1,3,67.6,8.8,0.9558,southwest_monsoon,0
Arugam Bay,2017,8,31.8,24.7,28.2,40.2,2,68.9,8.8,0.9495,southwest_monsoon,0
Arugam Bay,2017,9,31.0,24.1,27.6,74.9,4,70.1,8.8,0.9187,southwest_monsoon,0
Arugam Bay,2017,10,30.8,23.4,27.1,240.1,9,74.0,7.4,0.7424,northeast_monsoon,0
Arugam Bay,2017,11,29.2,22.3,25.8,361.5,14,80.9,6.4,0.6134,northeast_monsoon,0
Arugam Bay,2017,12,29.6,21.8,25.7,385.5,17,80.8,6.7,0.5984,dry_season,1
Arugam Bay,2018,1,30.3,22.0,26.1,243.3,12,77.5,6.9,0.729,dry_season,1
Arugam Bay,2018,2,30.7,22.1,26.4,103.4,8,75.7,7.9,0.8744,dry_season,1
Arugam Bay,2018,3,32.4,23.5,27.9,65.9,4,70.1,8.1,0.9119,dry_season,1
Arugam Bay,2018,4,31.7,24.4,28.0,65.0,3,70.7,8.8,0.9275,dry_season,1
Arugam Bay,2018,5,32.6,25.7,29.1,39.0,2,64.5,9.0,0.9548,southwest_monsoon,0
Arugam Bay,2018,6,32.6,25.6,29.1,25.7,1,67.4,9.3,0.9729,southwest_monsoon,0
Arugam Bay,2018,7,31.8,25.0,28.4,31.1,2,69.6,8.9,0.9597,southwest_monsoon,0
Arugam Bay,2018,8,30.9,24.2,27.5,39.9,2,64.5,8.6,0.9456,southwest_monsoon,0
Arugam Bay,2018,9,31.2,24.2,27.7,65.2,5,64.4,8.2,0.9147,southwest_monsoon,0
Arugam Bay,2018,10,30.8,23.4,27.1,179.9,10,71.9,7.1,0.7896,northeast_monsoon,0
Arugam Bay,2018,11,29.2,22.3,25.8,280.2,14,79.1,6.6,0.6899,northeast_monsoon,0
Arugam Bay,2018,12,29.0,21.5,25.2,311.8,13,81.3,6.5,0.6597,dry_season,1
Arugam Bay,2019,1,30.5,22.1,26.3,348.9,16,74.4,7.0,0.6372,dry_season,1
Arugam Bay,2019,2,31.1,22.3,26.7,132.2,9,73.5,7.7,0.8446,dry_season,1
Arugam Bay,2019,3,31.6,23.1,27.4,77.6,5,67.9,8.2,0.9037,dry_season,1
Arugam Bay,2019,4,31.9,24.5,28.2,55.8,4,65.3,9.0,0.9399,dry_season,1
Arugam Bay,2019,5,32.6,25.6,29.1,40.9,2,70.2,8.6,0.9447,southwest_monsoon,0
Arugam Bay,2019,6,31.5,25.0,28.2,29.1,2,66.2,9.0,0.9636,southwest_monsoon,0
Arugam Bay,2019,7,31.7,24.9,28.3,33.3,3,64.8,8.6,0.9515,southwest_monsoon,0
Arugam Bay,2019,8,32.2,24.9,28.6,30.0,3,64.3,9.0,0.9628,southwest_monsoon,0
Arugam Bay,2019,9,31.2,24.2,27.7,76.0,5,67.3,8.3,0.9072,southwest_monsoon,0
Arugam Bay,2019,10,30.2,23.1,26.6,241.7,12,76.6,7.6,0.7452,northeast_monsoon,0
Arugam Bay,2019,11,29.0,22.2,25.6,344.8,18,77.9,6.3,0.6261,northeast_monsoon,0
Arugam Bay,2019,12,28.6,21.3,25.0,362.7,12,79.6,7.1,0.6271,dry_season,1
Arugam Bay,2020,1,30.4,22.0,26.2,282.4,16,76.7,7.2,0.7006,dry_season,1
Arugam Bay,2020,2,29.5,21.5,25.5,132.0,8,73.0,7.6,0.8427,dry_season,1
Arugam Bay,2020,3,32.4,23.5,27.9,100.8,5,67.6,8.6,0.8915,dry_season,1
Arugam Bay,2020,4,32.4,24.7,28.5,81.0,3,69.3,8.7,0.9112,dry_season,1
Arugam Bay,2020,5,33.1,25.8,29.5,35.4,3,65.9,9.1,0.9601,southwest_monsoon,0
Arugam Bay,2020,6,31.4,25.0,28.2,36.1,1,60.9,9.0,0.9574,southwest_monsoon,0
Arugam Bay,2020,7,31.7,24.9,28.3,39.5,3,63.9,9.0,0.9544,southwest_monsoon,0
Arugam Bay,2020,8,31.0,24.2,27.6,41.4,3,64.4,8.3,0.9379,southwest_monsoon,0
Arugam Bay,2020,9,31.4,24.3,27.9,77.8,6,70.1,8.7,0.914,southwest_monsoon,0
Arugam Bay,2020,10,30.6,23.2,26.9,224.6,13,78.4,7.2,0.7519,northeast_monsoon,0
Arugam Bay,2020,11,29.1,22.2,25.6,497.9,17,81.7,6.0,0.5263,northeast_monsoon,0
Arugam Bay,2020,12,28.8,21.4,25.1,476.6,16,79.6,6.5,0.5368,dry_season,1
Arugam Bay,2021,1,29.0,21.3,25.1,215.5,15,78.7,7.3,0.7621,dry_season,1
Arugam Bay,2021,2,29.6,21.5,25.6,110.4,9,72.8,7.4,0.8577,dry_season,1
Arugam Bay,2021,3,31.2,22.9,27.0,70.3,5,68.5,8.3,0.9122,dry_season,1
Arugam Bay,2021,4,31.5,24.3,27.9,44.3,3,65.1,8.8,0.9459,dry_season,1
Arugam Bay,2021,5,33.1,25.8,29.5,42.3,3,67.3,9.0,0.9519,southwest_monsoon,0
Arugam Bay,2021,6,31.3,24.9,28.1,25.2,2,65.3,9.3,0.9734,southwest_monsoon,0
Arugam Bay,2021,7,30.8,24.4,27.6,35.4,3,67.9,8.8,0.9538,southwest_monsoon,0
Arugam Bay,2021,8,31.0,24.2,27.6,31.8,3,65.5,8.6,0.9528,southwest_monsoon,0
Arugam Bay,2021,9,31.0,24.0,27.5,65.8,4,68.6,8.6,0.9226,southwest_monsoon,0
Arugam Bay,2021,10,30.0,22.9,26.4,179.2,10,74.9,7.3,0.7944,northeast_monsoon,0
Arugam Bay,2021,11,29.0,22.1,25.6,202.1,16,83.0,6.3,0.753,northeast_monsoon,0
Arugam Bay,2021,12,28.2,21.1,24.6,375.9,14,80.8,6.9,0.6111,dry_season,1
Arugam Bay,2022,1,29.6,21.6,25.6,222.8,12,83.4,6.8,0.7451,dry_season,1
Arugam Bay,2022,2,30.9,22.2,26.5,124.3,6,74.8,7.9,0.8558,dry_season,1
Arugam Bay,2022,3,32.3,23.5,27.9,59.8,5,73.7,8.8,0.9321,dry_season,1
Arugam Bay,2022,4,32.2,24.7,28.5,49.4,4,64.3,8.7,0.9392,dry_season,1
Arugam Bay,2022,5,32.1,25.4,28.8,37.6,2,67.9,8.9,0.9539,southwest_monsoon,0
Arugam Bay,2022,6,31.7,25.2,28.4,21.3,1,62.9,9.7,0.9811,southwest_monsoon,0
Arugam Bay,2022,7,31.8,25.0,28.4,29.9,3,67.2,9.0,0.9629,southwest_monsoon,0
Arugam Bay,2022,8,31.5,24.5,28.0,44.0,3,63.3,8.3,0.9356,southwest_monsoon,0
Arugam Bay,2022,9,31.9,24.6,28.2,67.8,5,69.8,8.3,0.9145,southwest_monsoon,0
Arugam Bay,2022,10,30.9,23.4,27.1,167.5,10,74.9,7.4,0.8069,northeast_monsoon,0
Arugam Bay,2022,11,29.5,22.4,25.9,261.6,16,78.3,6.6,0.7064,northeast_monsoon,0
Arugam Bay,2022,12,28.6,21.3,25.0,341.8,14,78.2,5.4,0.6099,dry_season,1
Arugam Bay,2023,1,30.3,22.0,26.1,201.1,14,80.0,6.9,0.7665,dry_season,1
Arugam Bay,2023,2,31.2,22.4,26.8,96.9,7,73.6,8.0,0.8823,dry_season,1
Arugam Bay,2023,3,32.3,23.5,27.9,58.1,4,71.2,8.9,0.9357,dry_season,1
Arugam Bay,2023,4,33.2,25.2,29.2,60.0,3,69.7,8.4,0.9235,dry_season,1
Arugam Bay,2023,5,33.5,26.1,29.8,30.3,3,64.5,8.8,0.9583,southwest_monsoon,0
Arugam Bay,2023,6,32.0,25.4,28.7,30.6,1,63.2,9.1,0.9644,southwest_monsoon,0
Arugam Bay,2023,7,31.7,25.0,28.4,24.7,2,67.6,8.9,0.9654,southwest_monsoon,0
Arugam Bay,2023,8,32.1,24.9,28.5,32.0,2,62.5,9.3,0.9673,southwest_monsoon,0
Arugam Bay,2023,9,31.5,24.4,27.9,73.4,4,71.3,8.5,0.9137,southwest_monsoon,0
Arugam Bay,2023,10,30.2,23.1,26.6,151.7,10,75.3,7.0,0.8125,northeast_monsoon,0
Arugam Bay,2023,11,30.0,22.7,26.4,333.3,15,80.2,6.4,0.6385,northeast_monsoon,0
Arugam Bay,2023,12,28.4,21.3,24.9,436.5,15,81.2,6.7,0.5531,dry_season,1
Arugam Bay,2024,1,30.3,22.0,26.1,249.8,15,78.8,6.8,0.7211,dry_season,1
Arugam Bay,2024,2,30.4,22.0,26.2,137.6,9,76.8,7.9,0.844,dry_season,1
Arugam Bay,2024,3,32.0,23.4,27.7,74.1,4,70.1,8.7,0.9173,dry_season,1
Arugam Bay,2024,4,32.6,24.9,28.8,53.9,3,65.4,9.5,0.9521,dry_season,1
Arugam Bay,2024,5,33.5,26.1,29.8,43.3,3,68.9,8.7,0.9447,southwest_monsoon,0
Arugam Bay,2024,6,32.0,25.3,28.6,38.6,2,67.3,8.6,0.9467,southwest_monsoon,0
Arugam Bay,2024,7,31.9,25.0,28.4,32.8,3,66.6,8.9,0.9582,southwest_monsoon,0
Arugam Bay,2024,8,31.9,24.8,28.4,44.9,3,63.1,8.6,0.9411,southwest_monsoon,0
Arugam Bay,2024,9,31.3,24.3,27.8,80.1,6,68.4,8.5,0.9077,southwest_monsoon,0
Arugam Bay,2024,10,30.7,23.4,27.0,207.4,11,77.3,7.3,0.7693,northeast_monsoon,0
Arugam Bay,2024,11,29.3,22.4,25.9,334.4,17,80.1,6.2,0.6333,northeast_monsoon,0
Arugam Bay,2024,12,29.5,21.8,25.6,315.4,17,76.3,6.4,0.6544,dry_season,1
Trincomalee,2015,1,28.7,22.0,25.4,266.2,16,77.7,6.6,0.7023,dry_season,1
Trincomalee,2015,2,29.6,22.3,26.0,139.1,10,70.2,8.1,0.8469,dry_season,1
Trincomalee,2015,3,31.4,23.8,27.6,78.1,5,70.2,8.3,0.9053,dry_season,1
Trincomalee,2015,4,32.5,25.2,28.9,53.7,4,67.5,8.4,0.9291,dry_season,1
Trincomalee,2015,5,33.9,26.8,30.4,42.8,2,64.9,9.1,0.9535,southwest_monsoon,0
Trincomalee,2015,6,33.7,26.4,30.1,22.9,2,59.7,9.2,0.9733,southwest_monsoon,0
Trincomalee,2015,7,32.6,25.6,29.1,32.0,2,62.4,9.3,0.9673,southwest_monsoon,0
Trincomalee,2015,8,32.4,25.3,28.9,39.9,3,62.3,9.0,0.954,southwest_monsoon,0
Trincomalee,2015,9,32.2,25.1,28.7,64.6,4,69.2,8.8,0.9278,southwest_monsoon,0
Trincomalee,2015,10,31.3,24.4,27.9,164.1,9,73.3,7.6,0.8141,northeast_monsoon,0
Trincomalee,2015,11,29.5,23.5,26.5,389.3,19,78.0,6.4,0.5887,northeast_monsoon,0
Trincomalee,2015,12,27.9,22.2,25.0,336.8,12,81.1,6.1,0.629,dry_season,1
Trincomalee,2016,1,29.7,22.5,26.1,314.6,15,77.1,6.4,0.6551,dry_season,1
Trincomalee,2016,2,29.3,22.2,25.8,155.7,8,75.5,7.8,0.8258,dry_season,1
Trincomalee,2016,3,31.7,23.9,27.8,104.6,5,75.6,9.2,0.9007,dry_season,1
Trincomalee,2016,4,32.2,25.0,28.6,57.2,4,67.8,8.8,0.9344,dry_season,1
Trincomalee,2016,5,33.1,26.3,29.7,40.3,2,63.3,9.6,0.9642,southwest_monsoon,0
Trincomalee,2016,6,33.3,26.2,29.8,28.1,2,61.5,8.8,0.9603,southwest_monsoon,0
Trincomalee,2016,7,32.7,25.6,29.2,35.3,2,58.1,8.7,0.9518,southwest_monsoon,0
Trincomalee,2016,8,32.4,25.3,28.9,45.5,2,62.0,9.0,0.949,southwest_monsoon,0
Trincomalee,2016,9,31.5,24.8,28.1,63.0,3,68.2,8.7,0.9272,southwest_monsoon,0
Trincomalee,2016,10,30.6,24.1,27.4,198.0,12,75.6,7.5,0.7819,northeast_monsoon,0
Trincomalee,2016,11,28.7,23.1,25.9,460.4,21,79.3,6.2,0.5305,northeast_monsoon,0
Trincomalee,2016,12,28.1,22.3,25.2,406.2,16,80.9,6.3,0.5716,dry_season,1
Trincomalee,2017,1,29.6,22.5,26.1,321.1,17,77.4,6.4,0.6493,dry_season,1
Trincomalee,2017,2,30.1,22.6,26.4,114.5,9,71.0,7.6,0.8582,dry_season,1
Trincomalee,2017,3,31.5,23.8,27.6,90.0,5,69.6,8.2,0.8926,dry_season,1
Trincomalee,2017,4,32.8,25.4,29.1,41.2,4,66.4,9.4,0.9613,dry_season,1
Trincomalee,2017,5,33.0,26.3,29.6,39.0,2,63.8,8.8,0.9506,southwest_monsoon,0
Trincomalee,2017,6,32.9,26.0,29.4,25.5,2,62.0,9.5,0.9773,southwest_monsoon,0
Trincomalee,2017,7,32.2,25.4,28.8,31.9,1,64.7,9.0,0.9611,southwest_monsoon,0
Trincomalee,2017,8,33.6,25.9,29.8,35.5,3,62.2,9.6,0.9684,southwest_monsoon,0
Trincomalee,2017,9,32.0,25.1,28.6,79.3,4,64.9,8.4,0.9064,southwest_monsoon,0
Trincomalee,2017,10,30.6,24.1,27.4,200.6,9,76.3,7.5,0.7796,northeast_monsoon,0
Trincomalee,2017,11,29.4,23.5,26.4,423.1,17,80.2,6.1,0.5523,northeast_monsoon,0
Trincomalee,2017,12,28.4,22.5,25.4,337.2,16,76.6,6.6,0.6392,dry_season,1
Trincomalee,2018,1,28.8,22.1,25.5,248.9,17,78.5,6.8,0.7219,dry_season,1
Trincomalee,2018,2,29.7,22.4,26.0,124.2,8,75.2,7.5,0.8475,dry_season,1
Trincomalee,2018,3,31.9,24.0,27.9,72.7,5,68.6,8.8,0.9206,dry_season,1
Trincomalee,2018,4,33.5,25.7,29.6,54.9,4,71.2,8.4,0.928,dry_season,1
Trincomalee,2018,5,33.9,26.8,30.4,33.4,2,65.6,9.1,0.9619,southwest_monsoon,0
Trincomalee,2018,6,33.6,26.4,30.0,21.4,1,64.1,9.7,0.981,southwest_monsoon,0
Trincomalee,2018,7,32.8,25.7,29.2,28.3,1,61.2,9.1,0.9664,southwest_monsoon,0
Trincomalee,2018,8,33.4,25.8,29.6,30.6,3,65.0,8.8,0.9581,southwest_monsoon,0
Trincomalee,2018,9,31.4,24.8,28.1,58.2,3,59.7,8.1,0.9188,southwest_monsoon,0
Trincomalee,2018,10,30.8,24.3,27.6,145.0,8,74.2,7.6,0.8311,northeast_monsoon,0
Trincomalee,2018,11,28.7,23.2,25.9,436.2,18,79.3,6.7,0.5533,northeast_monsoon,0
Trincomalee,2018,12,29.2,22.9,26.0,292.9,15,84.5,6.0,0.666,dry_season,1
Trincomalee,2019,1,29.0,22.2,25.6,291.5,17,79.9,6.4,0.6756,dry_season,1
Trincomalee,2019,2,30.2,22.7,26.4,125.8,8,74.2,7.4,0.844,dry_season,1
Trincomalee,2019,3,30.9,23.5,27.2,70.5,5,68.9,8.2,0.91,dry_season,1
Trincomalee,2019,4,32.7,25.3,29.0,60.0,4,65.0,8.6,0.9277,dry_season,1
Trincomalee,2019,5,33.8,26.7,30.2,40.7,2,61.2,8.7,0.947,southwest_monsoon,0
Trincomalee,2019,6,33.3,26.2,29.8,27.1,2,61.3,9.6,0.9759,southwest_monsoon,0
Trincomalee,2019,7,33.2,25.9,29.6,32.7,1,57.9,8.9,0.9583,southwest_monsoon,0
Trincomalee,2019,8,32.9,25.5,29.2,37.4,3,65.7,9.3,0.9625,southwest_monsoon,0
Trincomalee,2019,9,32.0,25.1,28.6,79.8,4,63.1,8.4,0.9059,southwest_monsoon,0
Trincomalee,2019,10,30.9,24.3,27.6,144.0,11,73.0,7.5,0.8299,northeast_monsoon,0
Trincomalee,2019,11,28.4,23.0,25.7,458.0,18,80.1,6.3,0.5326,northeast_monsoon,0
Trincomalee,2019,12,29.4,22.9,26.1,461.1,18,80.3,6.7,0.5411,dry_season,1
Trincomalee,2020,1,28.0,21.7,24.9,291.5,14,75.7,6.7,0.6819,dry_season,1
Trincomalee,2020,2,29.0,22.0,25.5,144.2,11,74.8,7.8,0.836,dry_season,1
Trincomalee,2020,3,30.8,23.4,27.1,67.1,5,68.2,7.8,0.9046,dry_season,1
Trincomalee,2020,4,32.3,25.1,28.7,55.6,4,67.0,8.8,0.9358,dry_season,1
Trincomalee,2020,5,34.2,26.9,30.6,36.5,2,62.3,9.3,0.9633,southwest_monsoon,0
Trincomalee,2020,6,33.6,26.3,30.0,28.0,2,62.6,9.0,0.9646,southwest_monsoon,0
Trincomalee,2020,7,32.6,25.6,29.1,34.5,2,58.9,9.2,0.963,southwest_monsoon,0
Trincomalee,2020,8,32.7,25.4,29.1,35.9,2,63.7,9.2,0.9618,southwest_monsoon,0
Trincomalee,2020,9,31.9,25.0,28.4,68.2,4,68.2,8.2,0.912,southwest_monsoon,0
Trincomalee,2020,10,30.7,24.1,27.4,216.4,11,72.9,8.1,0.7782,northeast_monsoon,0
Trincomalee,2020,11,28.9,23.2,26.0,413.8,17,81.9,6.1,0.5606,northeast_monsoon,0
Trincomalee,2020,12,28.0,22.3,25.1,440.7,19,78.5,6.1,0.5367,dry_season,1
Trincomalee,2021,1,28.8,22.0,25.4,314.2,15,74.5,7.0,0.6681,dry_season,1
Trincomalee,2021,2,30.9,23.0,26.9,157.0,8,73.8,7.8,0.8247,dry_season,1
Trincomalee,2021,3,30.9,23.5,27.2,90.2,4,69.1,8.4,0.8967,dry_season,1
Trincomalee,2021,4,32.7,25.3,29.0,67.5,4,66.5,9.2,0.9337,dry_season,1
Trincomalee,2021,5,32.3,25.9,29.1,39.5,2,63.1,9.2,0.9586,southwest_monsoon,0
Trincomalee,2021,6,32.6,25.8,29.2,24.2,2,63.9,9.5,0.9785,southwest_monsoon,0
Trincomalee,2021,7,32.8,25.7,29.2,27.4,2,62.2,9.1,0.9672,southwest_monsoon,0
Trincomalee,2021,8,33.0,25.6,29.3,38.8,3,63.2,9.6,0.9655,southwest_monsoon,0
Trincomalee,2021,9,30.6,24.3,27.5,76.9,3,65.2,8.4,0.9085,southwest_monsoon,0
Trincomalee,2021,10,30.4,24.0,27.2,193.5,9,74.7,7.1,0.7775,northeast_monsoon,0
Trincomalee,2021,11,28.8,23.2,26.0,427.1,16,79.0,6.1,0.5488,northeast_monsoon,0
Trincomalee,2021,12,28.2,22.3,25.2,455.1,16,77.3,5.8,0.5221,dry_season,1
Trincomalee,2022,1,28.5,21.9,25.2,301.9,15,79.8,7.0,0.679,dry_season,1
Trincomalee,2022,2,29.8,22.5,26.1,117.1,8,75.5,8.3,0.8706,dry_season,1
Trincomalee,2022,3,31.4,23.8,27.6,58.0,4,72.1,7.7,0.9105,dry_season,1
Trincomalee,2022,4,32.9,25.4,29.1,59.8,4,65.1,8.4,0.9237,dry_season,1
Trincomalee,2022,5,34.0,26.8,30.4,36.2,2,61.6,9.1,0.9594,southwest_monsoon,0
Trincomalee,2022,6,32.9,26.0,29.4,21.6,2,63.4,9.2,0.9745,southwest_monsoon,0
Trincomalee,2022,7,32.7,25.7,29.2,24.0,1,62.2,8.5,0.9576,southwest_monsoon,0
Trincomalee,2022,8,33.5,25.9,29.7,38.9,2,63.5,9.1,0.957,southwest_monsoon,0
Trincomalee,2022,9,32.2,25.2,28.7,76.8,3,61.6,8.5,0.9107,southwest_monsoon,0
Trincomalee,2022,10,30.8,24.2,27.5,188.7,9,75.6,7.3,0.786,northeast_monsoon,0
Trincomalee,2022,11,28.3,23.0,25.6,425.2,16,77.8,6.1,0.5505,northeast_monsoon,0
Trincomalee,2022,12,28.6,22.6,25.6,476.0,14,82.3,6.6,0.5389,dry_season,1
Trincomalee,2023,1,29.3,22.4,25.9,295.8,9,76.0,7.0,0.6844,dry_season,1
Trincomalee,2023,2,30.6,22.9,26.8,118.0,7,70.2,7.3,0.8488,dry_season,1
Trincomalee,2023,3,31.6,23.9,27.8,88.5,5,71.8,8.5,0.9003,dry_season,1
Trincomalee,2023,4,33.2,25.6,29.4,62.6,3,69.1,8.8,0.9296,dry_season,1
Trincomalee,2023,5,34.7,27.2,31.0,32.1,1,64.7,9.0,0.9609,southwest_monsoon,0
Trincomalee,2023,6,33.9,26.6,30.2,16.8,1,61.5,9.9,0.9851,southwest_monsoon,0
Trincomalee,2023,7,32.7,25.7,29.2,34.1,1,63.7,9.2,0.9634,southwest_monsoon,0
Trincomalee,2023,8,33.4,25.9,29.6,31.5,2,62.0,9.3,0.9678,southwest_monsoon,0
Trincomalee,2023,9,31.8,25.0,28.4,50.3,4,66.1,9.1,0.9469,southwest_monsoon,0
Trincomalee,2023,10,31.8,24.8,28.3,157.9,9,73.8,7.5,0.8175,northeast_monsoon,0
Trincomalee,2023,11,29.0,23.4,26.2,402.8,17,82.1,6.3,0.5746,northeast_monsoon,0
Trincomalee,2023,12,28.8,22.7,25.8,304.8,14,79.7,6.0,0.6554,dry_season,1
Trincomalee,2024,1,29.3,22.4,25.9,289.2,13,74.0,7.6,0.7029,dry_season,1
Trincomalee,2024,2,30.2,22.7,26.4,126.3,10,76.6,7.7,0.8498,dry_season,1
Trincomalee,2024,3,30.9,23.5,27.2,74.5,5,74.4,8.4,0.9106,dry_season,1
Trincomalee,2024,4,33.1,25.5,29.3,57.4,3,65.8,8.4,0.9258,dry_season,1
Trincomalee,2024,5,34.3,27.0,30.6,40.0,2,64.8,8.8,0.9497,southwest_monsoon,0
Trincomalee,2024,6,33.6,26.4,30.0,24.7,2,62.5,9.4,0.9759,southwest_monsoon,0
Trincomalee,2024,7,32.8,25.8,29.3,26.2,1,61.6,9.2,0.9704,southwest_monsoon,0
Trincomalee,2024,8,32.9,25.6,29.2,30.7,3,63.5,8.7,0.9559,southwest_monsoon,0
Trincomalee,2024,9,32.5,25.4,28.9,70.8,4,66.2,8.6,0.9181,southwest_monsoon,0
Trincomalee,2024,10,30.4,24.1,27.2,219.7,9,71.5,7.7,0.7668,northeast_monsoon,0
Trincomalee,2024,11,29.2,23.4,26.3,398.6,18,78.3,6.8,0.5888,northeast_monsoon,0
Trincomalee,2024,12,28.9,22.7,25.8,437.5,17,79.9,6.5,0.548,dry_season,1
Jaffna,2015,1,28.8,20.7,24.8,209.4,10,74.7,8.2,0.7865,dry_season,1
Jaffna,2015,2,29.3,20.7,25.0,111.2,5,67.9,8.0,0.8696,dry_season,1
Jaffna,2015,3,32.1,22.6,27.4,64.7,4,63.8,8.5,0.9214,dry_season,1
Jaffna,2015,4,33.8,25.2,29.5,43.8,2,64.0,8.5,0.94,dry_season,1
Jaffna,2015,5,34.3,26.7,30.5,40.9,1,67.2,8.5,0.9426,southwest_monsoon,0
Jaffna,2015,6,33.7,26.1,29.9,25.4,1,63.9,8.5,0.9564,southwest_monsoon,0
Jaffna,2015,7,32.9,25.5,29.2,26.0,2,64.4,8.5,0.9558,southwest_monsoon,0
Jaffna,2015,8,33.3,25.5,29.4,34.2,3,66.0,8.7,0.9528,southwest_monsoon,0
Jaffna,2015,9,32.4,25.0,28.7,79.7,3,66.4,8.3,0.9039,southwest_monsoon,0
Jaffna,2015,10,30.4,23.5,26.9,292.5,12,74.7,7.9,0.7063,northeast_monsoon,0
Jaffna,2015,11,28.0,21.8,24.9,456.2,17,75.8,6.2,0.5305,northeast_monsoon,0
Jaffna,2015,12,28.3,21.3,24.8,421.3,14,79.2,7.0,0.5729,dry_season,1
Jaffna,2016,1,28.3,20.4,24.4,145.1,9,74.0,8.1,0.8415,dry_season,1
Jaffna,2016,2,29.9,21.0,25.4,102.1,5,66.9,8.9,0.8966,dry_season,1
Jaffna,2016,3,32.1,22.6,27.4,73.0,4,66.0,8.6,0.9162,dry_season,1
Jaffna,2016,4,33.4,25.0,29.2,47.9,4,62.3,8.0,0.9258,dry_season,1
Jaffna,2016,5,34.0,26.5,30.2,39.0,1,70.0,9.3,0.9611,southwest_monsoon,0
Jaffna,2016,6,33.9,26.2,30.0,25.9,2,63.6,8.5,0.9559,southwest_monsoon,0
Jaffna,2016,7,33.6,25.8,29.7,24.7,2,63.0,8.7,0.9612,southwest_monsoon,0
Jaffna,2016,8,33.4,25.5,29.4,38.1,2,67.1,9.0,0.9556,southwest_monsoon,0
Jaffna,2016,9,33.6,25.6,29.6,68.9,4,63.3,9.0,0.9282,southwest_monsoon,0
Jaffna,2016,10,30.5,23.5,27.0,325.3,13,75.2,6.9,0.6561,northeast_monsoon,0
Jaffna,2016,11,28.6,22.1,25.4,493.8,21,77.1,6.6,0.5389,northeast_monsoon,0
Jaffna,2016,12,28.0,21.1,24.6,356.3,15,78.3,7.4,0.6391,dry_season,1
Jaffna,2017,1,28.7,20.7,24.7,182.8,9,68.5,7.9,0.8038,dry_season,1
Jaffna,2017,2,29.9,21.0,25.4,83.3,6,67.1,8.6,0.907,dry_season,1
Jaffna,2017,3,31.9,22.5,27.2,46.4,4,67.5,8.9,0.9461,dry_season,1
Jaffna,2017,4,34.1,25.4,29.8,46.1,3,66.3,9.0,0.9485,dry_season,1
Jaffna,2017,5,34.2,26.6,30.4,29.9,2,66.1,8.5,0.9524,southwest_monsoon,0
Jaffna,2017,6,34.6,26.6,30.6,22.7,1,64.4,9.2,0.9735,southwest_monsoon,0
Jaffna,2017,7,32.8,25.4,29.1,23.2,2,66.9,8.9,0.9667,southwest_monsoon,0
Jaffna,2017,8,33.4,25.5,29.4,31.3,3,67.3,9.2,0.9659,southwest_monsoon,0
Jaffna,2017,9,32.6,25.1,28.9,71.9,4,61.3,8.7,0.9192,southwest_monsoon,0
Jaffna,2017,10,30.8,23.7,27.2,302.0,13,70.6,7.4,0.6873,northeast_monsoon,0
Jaffna,2017,11,28.5,22.1,25.3,441.0,20,77.7,6.6,0.5469,northeast_monsoon,0
Jaffna,2017,12,28.3,21.3,24.8,365.9,11,76.9,6.7,0.6158,dry_season,1
Jaffna,2018,1,29.0,20.8,24.9,155.5,10,71.5,7.5,0.8197,dry_season,1
Jaffna,2018,2,30.6,21.4,26.0,99.9,5,67.6,7.9,0.8775,dry_season,1
Jaffna,2018,3,33.0,23.1,28.1,42.4,3,64.8,9.4,0.9602,dry_season,1
Jaffna,2018,4,33.8,25.2,29.5,38.2,2,65.7,8.8,0.9513,dry_season,1
Jaffna,2018,5,34.2,26.7,30.5,30.5,2,67.2,9.5,0.9729,southwest_monsoon,0
Jaffna,2018,6,34.4,26.5,30.4,17.5,1,63.5,9.3,0.9802,southwest_monsoon,0
Jaffna,2018,7,33.2,25.7,29.5,25.7,1,65.0,8.8,0.9624,southwest_monsoon,0
Jaffna,2018,8,33.0,25.4,29.2,25.2,3,68.2,8.8,0.9629,southwest_monsoon,0
Jaffna,2018,9,32.6,25.1,28.9,67.6,4,68.0,8.3,0.9146,southwest_monsoon,0
Jaffna,2018,10,31.0,23.8,27.4,237.6,13,72.6,7.5,0.7467,northeast_monsoon,0
Jaffna,2018,11,28.4,22.0,25.2,381.8,19,75.8,7.0,0.608,northeast_monsoon,0
Jaffna,2018,12,27.7,21.0,24.4,396.3,15,74.8,6.7,0.5888,dry_season,1
Jaffna,2019,1,29.4,21.0,25.2,171.5,10,72.5,8.3,0.8223,dry_season,1
Jaffna,2019,2,29.5,20.8,25.1,67.5,6,65.7,8.4,0.9168,dry_season,1
Jaffna,2019,3,31.9,22.5,27.2,63.4,4,66.6,9.0,0.9331,dry_season,1
Jaffna,2019,4,33.3,25.0,29.1,43.4,3,65.3,9.0,0.9509,dry_season,1
Jaffna,2019,5,35.2,27.2,31.2,31.5,2,65.4,8.9,0.8394,southwest_monsoon,0
Jaffna,2019,6,34.1,26.4,30.2,21.0,2,66.6,8.6,0.9624,southwest_monsoon,0
Jaffna,2019,7,33.7,25.9,29.8,32.1,2,64.3,8.7,0.9546,southwest_monsoon,0
Jaffna,2019,8,33.7,25.7,29.7,35.4,3,61.8,8.7,0.9517,southwest_monsoon,0
Jaffna,2019,9,32.4,25.0,28.7,71.1,4,67.7,7.9,0.9031,southwest_monsoon,0
Jaffna,2019,10,30.9,23.8,27.4,241.2,16,74.3,7.6,0.7456,northeast_monsoon,0
Jaffna,2019,11,29.0,22.3,25.6,455.7,19,77.9,6.7,0.5411,northeast_monsoon,0
Jaffna,2019,12,28.5,21.4,24.9,495.5,16,73.6,6.6,0.5389,dry_season,1
Jaffna,2020,1,29.3,21.0,25.1,187.1,12,75.5,7.6,0.7937,dry_season,1
Jaffna,2020,2,30.5,21.3,25.9,100.2,7,66.3,8.6,0.892,dry_season,1
Jaffna,2020,3,32.2,22.6,27.4,59.8,4,67.2,8.4,0.9237,dry_season,1
Jaffna,2020,4,33.9,25.3,29.6,52.0,3,63.4,8.5,0.9327,dry_season,1
Jaffna,2020,5,34.1,26.6,30.4,41.2,2,65.7,8.8,0.9486,southwest_monsoon,0
Jaffna,2020,6,33.5,26.1,29.8,34.9,2,64.5,9.1,0.9606,southwest_monsoon,0
Jaffna,2020,7,33.0,25.5,29.2,28.3,1,61.9,8.8,0.9601,southwest_monsoon,0
Jaffna,2020,8,32.9,25.3,29.1,37.7,3,62.0,8.5,0.9454,southwest_monsoon,0
Jaffna,2020,9,32.4,25.0,28.7,88.4,5,70.1,8.4,0.8983,southwest_monsoon,0
Jaffna,2020,10,30.4,23.5,26.9,293.2,12,73.4,7.1,0.6889,northeast_monsoon,0
Jaffna,2020,11,29.1,22.3,25.7,504.5,19,76.7,6.7,0.5411,northeast_monsoon,0
Jaffna,2020,12,28.5,21.4,24.9,387.1,17,78.9,7.1,0.6054,dry_season,1
Jaffna,2021,1,29.0,20.8,24.9,152.2,10,71.9,7.6,0.8247,dry_season,1
Jaffna,2021,2,29.9,21.0,25.4,98.2,6,69.6,8.6,0.8938,dry_season,1
Jaffna,2021,3,31.9,22.5,27.2,67.3,4,67.9,8.6,0.9212,dry_season,1
Jaffna,2021,4,33.0,24.8,28.9,41.5,3,64.7,8.8,0.9484,dry_season,1
Jaffna,2021,5,33.8,26.4,30.1,40.2,1,63.6,9.1,0.9558,southwest_monsoon,0
Jaffna,2021,6,33.7,26.1,29.9,24.4,2,63.6,8.7,0.9615,southwest_monsoon,0
Jaffna,2021,7,32.3,25.1,28.7,24.4,2,62.7,8.7,0.9615,southwest_monsoon,0
Jaffna,2021,8,32.4,25.0,28.7,30.9,3,67.4,8.9,0.9599,southwest_monsoon,0
Jaffna,2021,9,32.3,24.9,28.6,57.7,4,66.8,8.5,0.9277,southwest_monsoon,0
Jaffna,2021,10,29.8,23.2,26.5,238.1,14,75.5,7.2,0.7399,northeast_monsoon,0
Jaffna,2021,11,28.7,22.1,25.4,441.2,19,78.6,6.5,0.5447,northeast_monsoon,0
Jaffna,2021,12,27.9,21.1,24.5,356.9,16,76.5,7.0,0.6301,dry_season,1
Jaffna,2022,1,29.1,20.9,25.0,199.1,9,73.8,8.1,0.7935,dry_season,1
Jaffna,2022,2,29.9,21.0,25.4,72.5,6,65.5,8.6,0.9166,dry_season,1
Jaffna,2022,3,32.2,22.7,27.5,50.0,4,66.4,8.7,0.9387,dry_season,1
Jaffna,2022,4,33.9,25.3,29.6,38.5,3,66.2,8.1,0.9363,dry_season,1
Jaffna,2022,5,34.1,26.6,30.4,37.3,1,66.9,8.7,0.95,southwest_monsoon,0
Jaffna,2022,6,33.6,26.1,29.9,20.7,1,66.3,8.8,0.9669,southwest_monsoon,0
Jaffna,2022,7,34.1,26.2,30.1,22.3,1,64.7,8.2,0.9528,southwest_monsoon,0
Jaffna,2022,8,33.1,25.4,29.2,32.1,2,61.4,8.6,0.9525,southwest_monsoon,0
Jaffna,2022,9,33.0,25.3,29.1,64.7,3,66.9,8.3,0.9172,southwest_monsoon,0
Jaffna,2022,10,31.4,24.0,27.7,261.3,12,71.3,6.9,0.713,northeast_monsoon,0
Jaffna,2022,11,29.3,22.5,25.9,407.7,17,78.9,6.0,0.5639,northeast_monsoon,0
Jaffna,2022,12,28.1,21.2,24.6,339.2,15,74.7,6.6,0.6374,dry_season,1
Jaffna,2023,1,28.2,20.5,24.4,153.8,8,75.5,8.3,0.838,dry_season,1
Jaffna,2023,2,30.8,21.5,26.1,81.4,5,67.5,8.5,0.9066,dry_season,1
Jaffna,2023,3,32.5,22.9,27.7,53.8,3,62.8,8.5,0.9311,dry_season,1
Jaffna,2023,4,34.9,25.8,30.4,41.1,2,66.2,8.6,0.9445,dry_season,1
Jaffna,2023,5,34.6,26.9,30.8,33.0,1,65.2,8.4,0.9475,southwest_monsoon,0
Jaffna,2023,6,33.8,26.3,30.0,22.0,1,66.4,8.3,0.9552,southwest_monsoon,0
Jaffna,2023,7,33.2,25.7,29.5,20.7,1,64.7,8.6,0.9627,southwest_monsoon,0
Jaffna,2023,8,33.8,25.8,29.8,35.7,2,66.7,8.4,0.9451,southwest_monsoon,0
Jaffna,2023,9,33.8,25.8,29.8,62.6,3,63.8,8.1,0.9149,southwest_monsoon,0
Jaffna,2023,10,31.4,24.0,27.7,198.9,10,74.3,7.1,0.7727,northeast_monsoon,0
Jaffna,2023,11,29.0,22.3,25.6,387.1,14,79.3,6.5,0.5928,northeast_monsoon,0
Jaffna,2023,12,28.4,21.4,24.9,290.3,14,75.7,7.7,0.7041,dry_season,1
Jaffna,2024,1,29.6,21.1,25.4,224.4,10,70.0,8.0,0.769,dry_season,1
Jaffna,2024,2,30.4,21.3,25.9,87.1,6,69.1,8.6,0.9036,dry_season,1
Jaffna,2024,3,32.6,22.9,27.8,49.4,3,64.4,8.5,0.935,dry_season,1
Jaffna,2024,4,34.4,25.6,30.0,37.9,3,64.4,8.4,0.9432,dry_season,1
Jaffna,2024,5,34.7,26.9,30.8,36.1,2,67.3,8.8,0.9532,southwest_monsoon,0
Jaffna,2024,6,33.4,26.0,29.7,22.1,2,68.0,8.9,0.9677,southwest_monsoon,0
Jaffna,2024,7,33.3,25.8,29.5,30.9,2,66.6,8.5,0.9515,southwest_monsoon,0
Jaffna,2024,8,33.1,25.5,29.3,34.8,3,64.6,8.6,0.9501,southwest_monsoon,0
Jaffna,2024,9,32.9,25.3,29.1,79.5,4,65.5,8.4,0.9062,southwest_monsoon,0
Jaffna,2024,10,31.7,24.2,27.9,248.8,15,73.1,7.0,0.7262,northeast_monsoon,0
Jaffna,2024,11,29.6,22.7,26.1,478.9,15,78.0,6.5,0.5368,northeast_monsoon,0
Jaffna,2024,12,28.3,21.4,24.9,428.6,14,77.6,7.5,0.5769,dry_season,1
Yala,2015,1,31.3,22.8,27.1,88.9,5,71.7,8.9,0.9083,dry_season,1
Yala,2015,2,31.2,22.7,26.9,61.5,4,70.3,9.5,0.9453,dry_season,1
Yala,2015,3,33.1,24.2,28.6,66.5,5,65.6,8.2,0.9135,dry_season,1
Yala,2015,4,32.8,25.4,29.1,93.6,7,69.3,8.3,0.8915,dry_season,1
Yala,2015,5,32.8,26.0,29.4,85.2,5,70.1,8.3,0.899,southwest_monsoon,0
Yala,2015,6,32.0,25.3,28.6,41.8,4,69.6,8.8,0.9481,southwest_monsoon,0
Yala,2015,7,31.2,24.6,27.9,45.9,3,69.9,8.6,0.9403,southwest_monsoon,0
Yala,2015,8,31.6,24.5,28.1,54.8,4,70.0,8.9,0.9387,southwest_monsoon,0
Yala,2015,9,31.3,24.2,27.8,104.4,5,71.4,8.3,0.8819,southwest_monsoon,0
Yala,2015,10,29.8,22.8,26.3,296.7,13,78.8,7.5,0.6942,northeast_monsoon,0
Yala,2015,11,29.9,22.7,26.3,279.6,14,73.5,7.6,0.7115,northeast_monsoon,0
Yala,2015,12,29.7,22.5,26.1,152.0,8,76.3,8.3,0.8396,dry_season,1
Yala,2016,1,30.9,22.5,26.7,84.4,6,72.9,8.9,0.9123,dry_season,1
Yala,2016,2,31.5,22.8,27.1,60.0,5,69.4,9.4,0.9446,dry_season,1
Yala,2016,3,33.3,24.3,28.8,78.8,6,70.1,8.5,0.9089,dry_season,1
Yala,2016,4,33.7,25.9,29.8,120.4,7,64.6,8.2,0.8656,dry_season,1
Yala,2016,5,32.6,25.8,29.2,90.8,5,72.8,8.6,0.9003,southwest_monsoon,0
Yala,2016,6,31.4,25.0,28.2,58.5,4,69.8,9.1,0.9396,southwest_monsoon,0
Yala,2016,7,31.4,24.7,28.0,48.3,5,72.4,8.2,0.9297,southwest_monsoon,0
Yala,2016,8,31.4,24.4,27.9,49.4,4,69.0,8.1,0.9266,southwest_monsoon,0
Yala,2016,9,31.0,24.0,27.5,120.7,7,70.0,8.4,0.8696,southwest_monsoon,0
Yala,2016,10,30.2,23.0,26.6,299.4,16,77.8,7.6,0.6939,northeast_monsoon,0
Yala,2016,11,30.3,22.9,26.6,367.3,15,77.0,7.9,0.6398,northeast_monsoon,0
Yala,2016,12,30.3,22.8,26.6,197.8,9,76.8,8.5,0.8031,dry_season,1
Yala,2017,1,30.2,22.3,26.2,63.4,6,73.2,9.0,0.9331,dry_season,1
Yala,2017,2,31.8,23.0,27.4,65.4,4,70.0,9.0,0.9313,dry_season,1
Yala,2017,3,33.6,24.5,29.1,95.0,5,63.0,9.1,0.9071,dry_season,1
Yala,2017,4,33.1,25.6,29.4,111.6,6,69.6,8.8,0.8861,dry_season,1
Yala,2017,5,32.8,26.0,29.4,67.9,4,69.1,8.7,0.9228,southwest_monsoon,0
Yala,2017,6,31.1,24.9,28.0,41.6,3,71.8,8.4,0.9399,southwest_monsoon,0
Yala,2017,7,31.6,24.8,28.2,47.2,4,69.4,8.8,0.9433,southwest_monsoon,0
Yala,2017,8,31.3,24.4,27.9,55.0,4,72.4,8.7,0.9343,southwest_monsoon,0
Yala,2017,9,31.1,24.1,27.6,96.7,6,73.9,8.4,0.8909,southwest_monsoon,0
Yala,2017,10,30.5,23.2,26.9,212.3,13,77.7,7.2,0.7629,northeast_monsoon,0
Yala,2017,11,29.4,22.5,25.9,315.8,12,79.2,7.8,0.6835,northeast_monsoon,0
Yala,2017,12,29.9,22.6,26.2,173.7,8,73.1,8.1,0.8161,dry_season,1
Yala,2018,1,31.2,22.8,27.0,68.6,5,71.7,8.7,0.9222,dry_season,1
Yala,2018,2,31.9,23.1,27.5,45.8,3,71.2,9.3,0.9551,dry_season,1
Yala,2018,3,32.8,24.1,28.4,56.4,4,64.0,9.2,0.9436,dry_season,1
Yala,2018,4,32.8,25.5,29.1,127.4,5,67.1,8.9,0.8741,dry_season,1
Yala,2018,5,33.6,26.4,30.0,61.6,4,67.8,8.5,0.9242,southwest_monsoon,0
Yala,2018,6,31.2,24.9,28.0,45.4,3,72.8,7.9,0.926,southwest_monsoon,0
Yala,2018,7,30.8,24.5,27.6,38.4,4,68.8,8.9,0.9532,southwest_monsoon,0
Yala,2018,8,32.1,24.8,28.5,57.1,3,69.2,8.6,0.9303,southwest_monsoon,0
Yala,2018,9,31.5,24.3,27.9,90.1,4,69.0,8.5,0.8989,southwest_monsoon,0
Yala,2018,10,30.7,23.3,27.0,221.3,10,77.0,7.3,0.757,northeast_monsoon,0
Yala,2018,11,29.9,22.8,26.4,318.9,13,79.4,7.6,0.6765,northeast_monsoon,0
Yala,2018,12,29.7,22.5,26.1,151.2,7,71.6,7.8,0.8298,dry_season,1
Yala,2019,1,31.4,22.9,27.1,80.4,5,71.4,8.8,0.9138,dry_season,1
Yala,2019,2,31.5,22.9,27.2,67.8,4,64.6,8.9,0.9271,dry_season,1
Yala,2019,3,32.8,24.0,28.4,97.3,4,66.4,8.9,0.9009,dry_season,1
Yala,2019,4,33.1,25.6,29.4,108.8,9,67.5,8.2,0.8759,dry_season,1
Yala,2019,5,32.0,25.6,28.8,86.6,4,68.1,8.8,0.9083,southwest_monsoon,0
Yala,2019,6,32.1,25.3,28.7,44.0,5,70.1,7.9,0.9272,southwest_monsoon,0
Yala,2019,7,31.9,25.0,28.4,56.1,4,68.7,8.2,0.9228,southwest_monsoon,0
Yala,2019,8,30.8,24.1,27.5,53.3,4,69.4,8.6,0.9337,southwest_monsoon,0
Yala,2019,9,31.8,24.4,28.1,105.0,6,72.4,7.9,0.873,southwest_monsoon,0
Yala,2019,10,29.5,22.7,26.1,278.2,14,78.8,7.6,0.7127,northeast_monsoon,0
Yala,2019,11,29.5,22.6,26.1,346.1,15,80.9,7.1,0.6418,northeast_monsoon,0
Yala,2019,12,29.7,22.5,26.1,145.3,9,71.9,8.1,0.8414,dry_season,1
Yala,2020,1,31.2,22.7,26.9,95.0,5,74.0,9.0,0.905,dry_season,1
Yala,2020,2,32.1,23.1,27.6,75.9,4,70.1,9.3,0.9283,dry_season,1
Yala,2020,3,33.8,24.5,29.1,76.4,5,65.7,9.3,0.9279,dry_season,1
Yala,2020,4,32.6,25.3,29.0,124.4,7,65.8,8.2,0.8621,dry_season,1
Yala,2020,5,32.5,25.9,29.2,74.4,4,67.1,8.6,0.9149,southwest_monsoon,0
Yala,2020,6,31.8,25.2,28.5,43.7,4,72.2,8.8,0.9464,southwest_monsoon,0
Yala,2020,7,31.8,24.9,28.4,49.8,5,71.0,8.3,0.9305,southwest_monsoon,0
Yala,2020,8,31.3,24.4,27.9,69.8,4,70.0,8.4,0.9148,southwest_monsoon,0
Yala,2020,9,30.8,24.0,27.4,111.4,7,72.1,8.6,0.882,southwest_monsoon,0
Yala,2020,10,30.3,23.1,26.7,292.9,15,76.3,7.7,0.7017,northeast_monsoon,0
Yala,2020,11,29.8,22.7,26.2,374.6,16,72.7,7.3,0.6207,northeast_monsoon,0
Yala,2020,12,30.2,22.7,26.4,183.7,9,74.6,8.5,0.8157,dry_season,1
Yala,2021,1,31.5,22.9,27.2,90.4,6,74.2,8.8,0.9049,dry_season,1
Yala,2021,2,31.0,22.6,26.8,59.4,4,68.7,9.6,0.9472,dry_season,1
Yala,2021,3,32.3,23.8,28.0,76.8,5,64.4,8.8,0.917,dry_season,1
Yala,2021,4,32.7,25.4,29.1,86.8,6,68.3,8.9,0.9102,dry_season,1
Yala,2021,5,32.6,25.9,29.2,61.1,4,68.6,8.2,0.9183,southwest_monsoon,0
Yala,2021,6,31.7,25.1,28.4,39.1,4,72.6,9.0,0.9547,southwest_monsoon,0
Yala,2021,7,31.1,24.5,27.8,54.8,4,70.3,8.4,0.9281,southwest_monsoon,0
Yala,2021,8,31.6,24.5,28.1,57.7,3,71.3,8.4,0.9256,southwest_monsoon,0
Yala,2021,9,31.4,24.2,27.8,94.2,6,73.2,7.7,0.8784,southwest_monsoon,0
Yala,2021,10,31.0,23.4,27.2,216.1,12,79.7,7.4,0.7637,northeast_monsoon,0
Yala,2021,11,29.6,22.6,26.1,282.7,13,74.6,7.8,0.7129,northeast_monsoon,0
Yala,2021,12,29.5,22.4,25.9,184.2,9,73.5,8.4,0.8131,dry_season,1
Yala,2022,1,31.3,22.8,27.1,76.0,5,73.7,8.9,0.9198,dry_season,1
Yala,2022,2,31.9,23.1,27.5,51.9,3,72.1,9.0,0.9433,dry_season,1
Yala,2022,3,33.5,24.5,29.0,66.2,4,69.1,8.9,0.9285,dry_season,1
Yala,2022,4,32.8,25.5,29.1,111.3,7,67.8,8.5,0.88,dry_season,1
Yala,2022,5,32.2,25.7,29.0,64.6,4,72.9,8.3,0.9173,southwest_monsoon,0
Yala,2022,6,31.2,24.9,28.0,37.2,3,72.5,8.3,0.9417,southwest_monsoon,0
Yala,2022,7,31.3,24.7,28.0,46.3,4,71.6,8.3,0.9336,southwest_monsoon,0
Yala,2022,8,31.3,24.4,27.9,55.7,4,69.6,8.5,0.9294,southwest_monsoon,0
Yala,2022,9,31.6,24.4,28.0,93.6,6,73.1,8.2,0.8894,southwest_monsoon,0
Yala,2022,10,30.1,23.0,26.6,281.4,11,76.8,6.9,0.6951,northeast_monsoon,0
Yala,2022,11,30.1,22.9,26.5,358.9,13,72.7,7.0,0.6283,northeast_monsoon,0
Yala,2022,12,30.2,22.8,26.5,149.8,8,76.1,8.8,0.8521,dry_season,1
Yala,2023,1,31.6,23.0,27.3,65.4,5,69.0,8.4,0.9187,dry_season,1
Yala,2023,2,32.6,23.5,28.1,54.1,3,68.5,9.6,0.9519,dry_season,1
Yala,2023,3,33.5,24.5,29.0,68.6,4,64.1,8.9,0.9264,dry_season,1
Yala,2023,4,33.1,25.7,29.4,118.4,6,71.3,8.7,0.8779,dry_season,1
Yala,2023,5,33.0,26.2,29.6,72.5,4,73.7,8.7,0.9187,southwest_monsoon,0
Yala,2023,6,32.5,25.6,29.1,38.1,3,72.7,8.7,0.9493,southwest_monsoon,0
Yala,2023,7,30.6,24.4,27.5,36.3,3,70.4,8.8,0.953,southwest_monsoon,0
Yala,2023,8,31.3,24.5,27.9,58.4,3,69.2,8.9,0.9355,southwest_monsoon,0
Yala,2023,9,32.0,24.6,28.3,109.3,6,70.2,8.5,0.8818,southwest_monsoon,0
Yala,2023,10,30.5,23.3,26.9,193.2,12,76.7,7.6,0.7883,northeast_monsoon,0
Yala,2023,11,30.4,23.1,26.8,325.3,12,78.6,7.1,0.6603,northeast_monsoon,0
Yala,2023,12,30.2,22.8,26.5,123.1,7,73.4,8.6,0.8716,dry_season,1
Yala,2024,1,31.4,22.9,27.1,73.3,5,74.8,9.0,0.9243,dry_season,1
Yala,2024,2,31.9,23.1,27.5,68.1,3,63.9,9.4,0.9374,dry_season,1
Yala,2024,3,33.4,24.4,28.9,79.4,5,65.1,9.2,0.9231,dry_season,1
Yala,2024,4,34.3,26.3,30.3,96.8,6,67.3,8.7,0.8971,dry_season,1
Yala,2024,5,32.9,26.1,29.5,64.5,5,70.9,8.8,0.9279,southwest_monsoon,0
Yala,2024,6,32.0,25.4,28.7,38.9,5,70.2,8.7,0.9486,southwest_monsoon,0
Yala,2024,7,31.3,24.8,28.1,44.1,3,70.8,8.4,0.9376,southwest_monsoon,0
Yala,2024,8,31.4,24.5,27.9,44.0,3,69.3,8.7,0.944,southwest_monsoon,0
Yala,2024,9,32.1,24.6,28.4,83.8,6,74.3,7.7,0.8876,southwest_monsoon,0
Yala,2024,10,30.1,23.0,26.6,269.8,10,78.6,7.7,0.7223,northeast_monsoon,0
Yala,2024,11,30.4,23.0,26.7,311.3,16,77.2,8.0,0.6917,northeast_monsoon,0
Yala,2024,12,30.1,22.8,26.5,137.3,9,73.4,8.3,0.8527,dry_season,1
Pinnawala,2015,1,29.5,19.2,24.4,99.2,8,75.7,7.9,0.8781,dry_season,1
Pinnawala,2015,2,32.0,20.6,26.3,46.7,5,71.0,8.5,0.9374,dry_season,1
Pinnawala,2015,3,32.8,22.0,27.4,144.7,8,69.1,7.9,0.8377,dry_season,1
Pinnawala,2015,4,32.6,23.2,27.9,253.3,16,72.7,6.8,0.718,dry_season,1
Pinnawala,2015,5,31.5,23.7,27.6,254.3,19,76.5,6.5,0.7108,southwest_monsoon,0
Pinnawala,2015,6,30.1,23.0,26.6,209.3,15,85.1,6.6,0.7529,southwest_monsoon,0
Pinnawala,2015,7,30.8,23.0,26.9,153.6,13,79.9,6.1,0.7919,southwest_monsoon,0
Pinnawala,2015,8,29.6,22.3,26.0,122.8,11,79.5,6.9,0.8361,southwest_monsoon,0
Pinnawala,2015,9,29.7,22.1,25.9,224.9,14,79.6,6.2,0.7306,southwest_monsoon,0
Pinnawala,2015,10,29.8,22.1,26.0,354.0,17,81.4,5.9,0.6095,northeast_monsoon,0
Pinnawala,2015,11,30.0,21.4,25.7,395.1,19,80.8,6.4,0.5835,northeast_monsoon,0
Pinnawala,2015,12,30.2,20.2,25.2,211.8,13,77.3,6.5,0.7486,dry_season,1
Pinnawala,2016,1,30.3,19.6,25.0,94.9,9,72.8,7.7,0.8777,dry_season,1
Pinnawala,2016,2,31.8,20.5,26.1,74.0,6,70.5,8.3,0.909,dry_season,1
Pinnawala,2016,3,32.7,21.9,27.3,150.0,9,71.3,7.7,0.8288,dry_season,1
Pinnawala,2016,4,32.9,23.4,28.1,211.1,16,74.0,7.7,0.7745,dry_season,1
Pinnawala,2016,5,31.1,23.5,27.3,241.0,17,77.4,6.7,0.7268,southwest_monsoon,0
Pinnawala,2016,6,30.7,23.3,27.0,169.1,17,81.6,5.4,0.7634,southwest_monsoon,0
Pinnawala,2016,7,30.1,22.7,26.4,159.8,15,79.5,7.0,0.8053,southwest_monsoon,0
Pinnawala,2016,8,29.8,22.3,26.1,134.1,15,77.0,6.7,0.8219,southwest_monsoon,0
Pinnawala,2016,9,30.2,22.3,26.2,241.9,15,81.1,6.3,0.7176,southwest_monsoon,0
Pinnawala,2016,10,29.5,21.9,25.7,422.7,15,78.8,6.2,0.5548,northeast_monsoon,0
Pinnawala,2016,11,29.1,20.9,25.0,421.5,17,80.9,5.9,0.5495,northeast_monsoon,0
Pinnawala,2016,12,29.6,19.9,24.8,217.1,13,75.8,6.8,0.7502,dry_season,1
Pinnawala,2017,1,30.4,19.6,25.0,86.0,8,72.5,7.8,0.8878,dry_season,1
Pinnawala,2017,2,31.4,20.4,25.9,68.4,5,70.8,8.0,0.9076,dry_season,1
Pinnawala,2017,3,32.3,21.8,27.0,148.7,8,72.7,8.4,0.8447,dry_season,1
Pinnawala,2017,4,32.4,23.2,27.8,230.3,15,74.8,7.1,0.7448,dry_season,1
Pinnawala,2017,5,31.2,23.5,27.4,226.4,17,80.1,6.0,0.7251,southwest_monsoon,0
Pinnawala,2017,6,30.8,23.3,27.1,196.1,15,83.3,5.6,0.7436,southwest_monsoon,0
Pinnawala,2017,7,29.9,22.6,26.2,153.6,14,79.1,5.9,0.7877,southwest_monsoon,0
Pinnawala,2017,8,30.7,22.8,26.8,131.5,12,78.9,6.4,0.8178,southwest_monsoon,0
Pinnawala,2017,9,29.9,22.2,26.0,187.6,14,80.3,6.2,0.7638,southwest_monsoon,0
Pinnawala,2017,10,29.9,22.1,26.0,360.7,17,77.5,5.9,0.6036,northeast_monsoon,0
Pinnawala,2017,11,28.1,20.4,24.2,367.0,15,79.4,5.9,0.598,northeast_monsoon,0
Pinnawala,2017,12,30.4,20.3,25.4,201.0,12,77.7,7.1,0.7708,dry_season,1
Pinnawala,2018,1,30.4,19.7,25.0,88.8,7,70.9,7.5,0.879,dry_season,1
Pinnawala,2018,2,31.7,20.5,26.1,65.8,4,68.8,8.9,0.9289,dry_season,1
Pinnawala,2018,3,33.2,22.2,27.7,127.8,8,68.8,8.1,0.8569,dry_season,1
Pinnawala,2018,4,33.1,23.5,28.3,205.1,13,71.6,7.3,0.7714,dry_season,1
Pinnawala,2018,5,32.0,24.0,28.0,262.6,14,80.6,7.1,0.7161,southwest_monsoon,0
Pinnawala,2018,6,30.1,23.0,26.6,190.7,12,80.6,6.2,0.761,southwest_monsoon,0
Pinnawala,2018,7,30.0,22.7,26.4,130.1,14,79.7,6.3,0.817,southwest_monsoon,0
Pinnawala,2018,8,30.5,22.7,26.6,114.8,10,82.2,6.5,0.8348,southwest_monsoon,0
Pinnawala,2018,9,30.7,22.6,26.6,206.1,12,79.6,5.9,0.741,southwest_monsoon,0
Pinnawala,2018,10,29.5,22.0,25.8,243.4,16,79.7,5.7,0.7036,northeast_monsoon,0
Pinnawala,2018,11,29.4,21.1,25.2,301.4,14,84.3,6.2,0.6626,northeast_monsoon,0
Pinnawala,2018,12,30.3,20.3,25.3,202.7,9,74.6,7.5,0.7777,dry_season,1
Pinnawala,2019,1,30.1,19.5,24.8,102.7,7,73.1,7.6,0.8687,dry_season,1
Pinnawala,2019,2,31.4,20.4,25.9,74.7,5,71.4,8.5,0.9125,dry_season,1
Pinnawala,2019,3,32.5,21.9,27.2,135.6,10,68.9,8.2,0.8521,dry_season,1
Pinnawala,2019,4,32.7,23.3,28.0,208.3,15,78.1,7.1,0.7643,dry_season,1
Pinnawala,2019,5,31.7,23.8,27.8,294.4,16,79.2,6.6,0.6773,southwest_monsoon,0
Pinnawala,2019,6,30.5,23.2,26.9,218.7,17,80.4,5.9,0.7298,southwest_monsoon,0
Pinnawala,2019,7,30.1,22.7,26.4,136.3,17,80.6,6.1,0.8073,southwest_monsoon,0
Pinnawala,2019,8,30.3,22.6,26.5,156.4,11,83.4,6.1,0.7894,southwest_monsoon,0
Pinnawala,2019,9,30.5,22.5,26.5,215.0,15,81.1,5.7,0.7289,southwest_monsoon,0
Pinnawala,2019,10,29.6,22.0,25.8,337.7,17,78.8,5.8,0.6219,northeast_monsoon,0
Pinnawala,2019,11,30.2,21.5,25.9,417.1,16,79.7,6.2,0.5598,northeast_monsoon,0
Pinnawala,2019,12,29.5,19.9,24.7,192.2,13,78.9,7.0,0.7765,dry_season,1
Pinnawala,2020,1,30.8,19.8,25.3,98.5,9,75.9,7.5,0.8703,dry_season,1
Pinnawala,2020,2,30.9,20.1,25.5,82.9,7,72.8,9.1,0.9179,dry_season,1
Pinnawala,2020,3,32.8,22.0,27.4,164.3,12,71.3,7.8,0.8182,dry_season,1
Pinnawala,2020,4,32.5,23.2,27.9,286.3,15,74.2,7.0,0.6929,dry_season,1
Pinnawala,2020,5,31.0,23.4,27.2,304.8,21,79.1,5.9,0.6533,southwest_monsoon,0
Pinnawala,2020,6,30.2,23.0,26.6,201.8,19,82.1,5.8,0.7427,southwest_monsoon,0
Pinnawala,2020,7,29.7,22.5,26.1,152.9,14,80.1,6.4,0.7988,southwest_monsoon,0
Pinnawala,2020,8,30.2,22.6,26.4,140.8,12,76.2,6.8,0.818,southwest_monsoon,0
Pinnawala,2020,9,30.2,22.3,26.2,286.7,19,79.6,6.7,0.6862,southwest_monsoon,0
Pinnawala,2020,10,29.2,21.8,25.5,262.9,18,83.6,5.7,0.6863,northeast_monsoon,0
Pinnawala,2020,11,29.9,21.3,25.6,411.1,16,80.5,6.0,0.5609,northeast_monsoon,0
Pinnawala,2020,12,30.0,20.1,25.1,226.4,13,77.9,6.8,0.7419,dry_season,1
Pinnawala,2021,1,29.9,19.4,24.6,76.5,8,77.2,8.0,0.9004,dry_season,1
Pinnawala,2021,2,31.5,20.4,25.9,65.0,6,68.5,8.4,0.9191,dry_season,1
Pinnawala,2021,3,32.2,21.7,27.0,142.9,10,73.0,8.3,0.8477,dry_season,1
Pinnawala,2021,4,32.1,23.0,27.6,265.9,12,70.5,6.9,0.7089,dry_season,1
Pinnawala,2021,5,31.1,23.5,27.3,249.7,17,76.6,6.6,0.717,southwest_monsoon,0
Pinnawala,2021,6,30.1,23.0,26.6,191.9,14,79.5,5.4,0.7431,southwest_monsoon,0
Pinnawala,2021,7,30.5,22.9,26.7,155.9,12,82.4,6.4,0.7962,southwest_monsoon,0
Pinnawala,2021,8,30.6,22.7,26.6,92.4,12,81.3,6.3,0.8505,southwest_monsoon,0
Pinnawala,2021,9,30.0,22.2,26.1,203.4,14,82.4,5.9,0.7434,southwest_monsoon,0
Pinnawala,2021,10,29.5,21.9,25.7,366.9,15,82.6,5.7,0.5939,northeast_monsoon,0
Pinnawala,2021,11,29.9,21.3,25.6,395.1,15,81.6,5.9,0.573,northeast_monsoon,0
Pinnawala,2021,12,29.6,19.9,24.8,168.7,10,80.6,7.2,0.8016,dry_season,1
Pinnawala,2022,1,31.2,20.1,25.6,86.2,7,75.5,8.2,0.896,dry_season,1
Pinnawala,2022,2,32.2,20.8,26.5,67.6,4,69.8,8.3,0.9146,dry_season,1
Pinnawala,2022,3,33.2,22.2,27.7,139.7,9,66.0,8.2,0.8485,dry_season,1
Pinnawala,2022,4,32.4,23.2,27.8,203.0,14,78.0,7.1,0.769,dry_season,1
Pinnawala,2022,5,31.6,23.8,27.7,246.3,16,77.3,6.3,0.7137,southwest_monsoon,0
Pinnawala,2022,6,30.6,23.3,27.0,201.4,16,81.9,6.0,0.7473,southwest_monsoon,0
Pinnawala,2022,7,29.5,22.4,25.9,156.1,12,77.8,6.0,0.7876,southwest_monsoon,0
Pinnawala,2022,8,30.6,22.8,26.7,112.6,12,77.1,6.0,0.8262,southwest_monsoon,0
Pinnawala,2022,9,30.7,22.6,26.6,206.6,16,77.3,6.4,0.7511,southwest_monsoon,0
Pinnawala,2022,10,30.1,22.3,26.2,301.3,16,80.3,6.0,0.6585,northeast_monsoon,0
Pinnawala,2022,11,29.6,21.2,25.4,295.3,16,81.8,6.6,0.6765,northeast_monsoon,0
Pinnawala,2022,12,29.8,20.0,24.9,169.7,11,74.9,6.8,0.7923,dry_season,1
Pinnawala,2023,1,31.5,20.3,25.9,63.6,8,75.2,7.9,0.9098,dry_season,1
Pinnawala,2023,2,31.9,20.7,26.3,54.5,5,73.0,8.0,0.92,dry_season,1
Pinnawala,2023,3,32.9,22.1,27.5,101.7,8,69.8,7.3,0.8633,dry_season,1
Pinnawala,2023,4,33.4,23.7,28.5,213.8,12,72.8,7.3,0.7636,dry_season,1
Pinnawala,2023,5,32.4,24.2,28.3,243.1,14,77.3,5.8,0.706,southwest_monsoon,0
Pinnawala,2023,6,30.6,23.3,27.0,191.5,14,83.6,5.9,0.754,southwest_monsoon,0
Pinnawala,2023,7,30.1,22.8,26.5,166.6,12,79.4,6.0,0.7782,southwest_monsoon,0
Pinnawala,2023,8,30.6,22.8,26.7,114.4,10,77.8,6.6,0.8373,southwest_monsoon,0
Pinnawala,2023,9,31.8,23.2,27.5,177.6,10,79.4,6.3,0.7748,southwest_monsoon,0
Pinnawala,2023,10,30.2,22.4,26.3,309.2,14,78.7,5.1,0.6325,northeast_monsoon,0
Pinnawala,2023,11,30.1,21.5,25.8,280.3,14,77.9,6.0,0.6772,northeast_monsoon,0
Pinnawala,2023,12,29.9,20.1,25.0,148.2,11,74.4,6.6,0.8072,dry_season,1
Pinnawala,2024,1,30.6,19.8,25.2,93.9,7,74.5,7.6,0.8765,dry_season,1
Pinnawala,2024,2,32.1,20.8,26.5,60.5,5,69.2,8.4,0.9231,dry_season,1
Pinnawala,2024,3,33.0,22.2,27.6,120.6,9,70.2,7.9,0.8591,dry_season,1
Pinnawala,2024,4,33.1,23.6,28.4,196.0,15,76.4,7.0,0.7731,dry_season,1
Pinnawala,2024,5,31.1,23.6,27.4,265.4,17,74.0,6.5,0.7009,southwest_monsoon,0
Pinnawala,2024,6,30.9,23.5,27.2,242.1,15,80.0,5.9,0.709,southwest_monsoon,0
Pinnawala,2024,7,31.0,23.2,27.1,172.4,15,78.7,6.4,0.7815,southwest_monsoon,0
Pinnawala,2024,8,30.4,22.7,26.5,122.7,14,82.2,6.7,0.832,southwest_monsoon,0
Pinnawala,2024,9,30.1,22.4,26.2,221.0,15,78.7,6.3,0.7362,southwest_monsoon,0
Pinnawala,2024,10,31.4,22.9,27.1,282.7,17,85.2,5.6,0.6666,northeast_monsoon,0
Pinnawala,2024,11,29.6,21.2,25.4,353.7,16,79.3,6.6,0.6245,northeast_monsoon,0
Pinnawala,2024,12,30.2,20.3,25.2,203.9,13,77.6,7.4,0.7745,dry_season,1
Adams Peak,2015,1,14.8,7.0,10.9,156.2,16,82.0,4.9,0.4843,dry_season,1
Adams Peak,2015,2,16.0,7.6,11.8,134.0,12,76.6,5.1,0.5083,dry_season,1
Adams Peak,2015,3,16.9,8.6,12.8,162.9,14,73.2,5.6,0.4931,dry_season,1
Adams Peak,2015,4,17.3,10.4,13.9,331.4,21,82.0,3.8,0.3054,dry_season,1
Adams Peak,2015,5,17.5,11.6,14.6,438.7,24,90.5,2.9,0.1911,southwest_monsoon,0
Adams Peak,2015,6,16.1,11.1,13.6,526.7,24,89.4,2.8,0.1789,southwest_monsoon,0
Adams Peak,2015,7,15.4,10.5,12.9,460.3,22,88.0,2.6,0.1747,southwest_monsoon,0
Adams Peak,2015,8,15.3,10.5,12.9,508.4,19,91.7,3.1,0.1853,southwest_monsoon,0
Adams Peak,2015,9,16.4,11.0,13.7,372.9,23,93.2,3.0,0.2517,southwest_monsoon,0
Adams Peak,2015,10,15.0,10.0,12.5,439.3,26,90.0,3.1,0.1948,northeast_monsoon,0
Adams Peak,2015,11,14.5,9.2,11.8,546.5,21,89.1,3.5,0.1937,northeast_monsoon,0
Adams Peak,2015,12,13.7,7.4,10.6,301.2,18,84.9,4.1,0.3386,dry_season,1
Adams Peak,2016,1,14.6,6.9,10.8,179.8,17,83.5,5.0,0.4654,dry_season,1
Adams Peak,2016,2,15.6,7.4,11.5,114.8,13,79.0,5.6,0.5359,dry_season,1
Adams Peak,2016,3,16.8,8.5,12.7,158.0,17,75.5,6.0,0.5059,dry_season,1
Adams Peak,2016,4,17.8,10.7,14.2,323.7,20,83.4,4.7,0.3312,dry_season,1
Adams Peak,2016,5,17.0,11.3,14.2,475.8,25,88.2,3.8,0.2,southwest_monsoon,0
Adams Peak,2016,6,15.7,10.9,13.3,603.5,26,89.5,2.8,0.1789,southwest_monsoon,0
Adams Peak,2016,7,14.5,10.1,12.3,477.7,26,91.2,2.6,0.1747,southwest_monsoon,0
Adams Peak,2016,8,15.0,10.3,12.7,341.4,27,90.9,3.7,0.2944,southwest_monsoon,0
Adams Peak,2016,9,16.4,11.0,13.7,380.6,21,90.5,3.7,0.2596,southwest_monsoon,0
Adams Peak,2016,10,14.6,9.8,12.2,558.7,25,91.4,3.0,0.1832,northeast_monsoon,0
Adams Peak,2016,11,14.6,9.3,11.9,488.2,26,87.7,3.1,0.1853,northeast_monsoon,0
Adams Peak,2016,12,14.5,7.8,11.2,340.3,22,89.1,3.7,0.2954,dry_season,1
Adams Peak,2017,1,14.9,7.1,11.0,158.5,15,82.4,5.1,0.4865,dry_season,1
Adams Peak,2017,2,15.1,7.1,11.1,112.0,12,80.1,5.7,0.5404,dry_season,1
Adams Peak,2017,3,16.8,8.6,12.7,141.3,14,77.4,6.0,0.5207,dry_season,1
Adams Peak,2017,4,17.8,10.7,14.2,262.0,17,78.7,5.1,0.3945,dry_season,1
Adams Peak,2017,5,16.9,11.3,14.1,331.7,20,89.2,3.3,0.2946,southwest_monsoon,0
Adams Peak,2017,6,15.5,10.9,13.2,615.1,27,90.6,3.2,0.1874,southwest_monsoon,0
Adams Peak,2017,7,15.2,10.4,12.8,426.7,22,92.4,2.9,0.2018,southwest_monsoon,0
Adams Peak,2017,8,16.3,11.0,13.7,459.5,21,90.2,2.6,0.1747,southwest_monsoon,0
Adams Peak,2017,9,15.8,10.7,13.2,358.3,18,88.1,3.2,0.2689,southwest_monsoon,0
Adams Peak,2017,10,15.6,10.3,12.9,446.1,20,93.5,3.1,0.1887,northeast_monsoon,0
Adams Peak,2017,11,14.5,9.3,11.9,461.6,21,89.3,3.4,0.1916,northeast_monsoon,0
Adams Peak,2017,12,14.5,7.8,11.2,301.5,18,84.7,4.4,0.3446,dry_season,1
Adams Peak,2018,1,15.8,7.5,11.7,155.1,15,81.3,4.5,0.4769,dry_season,1
Adams Peak,2018,2,15.6,7.5,11.6,88.4,13,79.2,5.5,0.5572,dry_season,1
Adams Peak,2018,3,16.2,8.3,12.2,162.8,12,78.4,5.7,0.4953,dry_season,1
Adams Peak,2018,4,17.6,10.6,14.1,258.2,16,77.3,5.0,0.3958,dry_season,1
Adams Peak,2018,5,17.2,11.5,14.3,407.0,21,87.2,3.9,0.2403,southwest_monsoon,0
Adams Peak,2018,6,16.3,11.3,13.8,530.8,26,91.4,2.6,0.1747,southwest_monsoon,0
Adams Peak,2018,7,15.2,10.5,12.8,502.0,21,91.0,2.6,0.1747,southwest_monsoon,0
Adams Peak,2018,8,15.3,10.5,12.9,470.3,22,90.0,3.3,0.1895,southwest_monsoon,0
Adams Peak,2018,9,16.3,11.0,13.7,387.2,20,88.1,3.1,0.2411,southwest_monsoon,0
Adams Peak,2018,10,15.6,10.4,13.0,475.8,24,87.5,2.7,0.1768,northeast_monsoon,0
Adams Peak,2018,11,14.7,9.4,12.1,501.5,21,89.5,3.4,0.1916,northeast_monsoon,0
Adams Peak,2018,12,14.5,7.8,11.2,208.1,20,83.7,4.1,0.4213,dry_season,1
Adams Peak,2019,1,14.7,6.9,10.8,146.4,16,83.0,4.8,0.4909,dry_season,1
Adams Peak,2019,2,15.7,7.4,11.6,127.5,12,77.5,5.3,0.5182,dry_season,1
Adams Peak,2019,3,17.3,8.8,13.1,144.6,16,75.0,5.7,0.5115,dry_season,1
Adams Peak,2019,4,17.6,10.6,14.1,288.2,18,84.4,5.4,0.3775,dry_season,1
Adams Peak,2019,5,16.6,11.2,13.9,407.3,21,87.5,3.3,0.2274,southwest_monsoon,0
Adams Peak,2019,6,15.5,10.9,13.2,530.7,28,92.9,3.1,0.1853,southwest_monsoon,0
Adams Peak,2019,7,15.3,10.5,12.9,559.1,23,91.7,2.8,0.1789,southwest_monsoon,0
Adams Peak,2019,8,14.8,10.3,12.6,404.3,28,90.8,3.5,0.2343,southwest_monsoon,0
Adams Peak,2019,9,16.2,10.9,13.6,403.5,24,91.1,2.7,0.2182,southwest_monsoon,0
Adams Peak,2019,10,15.3,10.2,12.8,522.2,22,88.5,3.2,0.1874,northeast_monsoon,0
Adams Peak,2019,11,14.4,9.2,11.8,507.3,22,87.6,3.0,0.1832,northeast_monsoon,0
Adams Peak,2019,12,14.2,7.7,10.9,235.1,21,85.3,4.2,0.3994,dry_season,1
Adams Peak,2020,1,15.3,7.2,11.2,193.4,18,82.0,5.0,0.4534,dry_season,1
Adams Peak,2020,2,15.8,7.5,11.7,118.4,14,75.7,5.0,0.52,dry_season,1
Adams Peak,2020,3,16.6,8.4,12.5,170.2,13,77.3,5.4,0.4824,dry_season,1
Adams Peak,2020,4,18.1,10.8,14.5,283.4,17,85.2,5.0,0.3734,dry_season,1
Adams Peak,2020,5,16.8,11.3,14.1,500.8,25,88.5,2.9,0.1811,southwest_monsoon,0
Adams Peak,2020,6,15.7,10.9,13.3,584.4,28,91.1,2.5,0.1726,southwest_monsoon,0
Adams Peak,2020,7,15.6,10.6,13.1,551.6,28,87.8,2.8,0.1789,southwest_monsoon,0
Adams Peak,2020,8,14.7,10.2,12.4,553.1,20,93.7,2.8,0.1789,southwest_monsoon,0
Adams Peak,2020,9,15.1,10.4,12.8,452.5,17,89.5,3.1,0.1853,southwest_monsoon,0
Adams Peak,2020,10,15.4,10.2,12.8,597.0,25,91.4,3.2,0.1874,northeast_monsoon,0
Adams Peak,2020,11,14.4,9.2,11.8,444.2,21,91.0,2.9,0.1862,northeast_monsoon,0
Adams Peak,2020,12,13.6,7.3,10.4,314.8,20,87.7,4.1,0.3265,dry_season,1
Adams Peak,2021,1,14.4,6.8,10.6,160.3,16,86.6,4.8,0.4786,dry_season,1
Adams Peak,2021,2,14.8,7.0,10.9,128.4,11,81.3,5.8,0.528,dry_season,1
Adams Peak,2021,3,16.2,8.2,12.2,142.9,15,74.8,5.0,0.4982,dry_season,1
Adams Peak,2021,4,17.8,10.7,14.2,287.0,19,80.5,4.5,0.3596,dry_season,1
Adams Peak,2021,5,16.5,11.1,13.8,589.0,17,86.3,3.4,0.1916,southwest_monsoon,0
Adams Peak,2021,6,15.1,10.6,12.8,617.0,26,90.3,2.9,0.1811,southwest_monsoon,0
Adams Peak,2021,7,14.8,10.2,12.5,503.9,26,91.7,2.9,0.1811,southwest_monsoon,0
Adams Peak,2021,8,15.3,10.5,12.9,464.0,23,90.7,3.5,0.1937,southwest_monsoon,0
Adams Peak,2021,9,16.1,10.8,13.5,364.9,19,90.4,2.8,0.2546,southwest_monsoon,0
Adams Peak,2021,10,14.4,9.7,12.1,541.4,26,88.7,2.9,0.1811,northeast_monsoon,0
Adams Peak,2021,11,14.5,9.2,11.8,543.4,21,89.4,3.7,0.1979,northeast_monsoon,0
Adams Peak,2021,12,14.2,7.6,10.9,285.2,20,81.2,4.1,0.3528,dry_season,1
Adams Peak,2022,1,14.7,7.0,10.8,149.7,17,84.4,4.9,0.4901,dry_season,1
Adams Peak,2022,2,15.6,7.4,11.5,122.3,12,81.6,5.4,0.525,dry_season,1
Adams Peak,2022,3,17.7,9.0,13.3,146.9,11,77.6,5.3,0.501,dry_season,1
Adams Peak,2022,4,17.5,10.6,14.1,252.7,16,80.9,4.2,0.3838,dry_season,1
Adams Peak,2022,5,17.3,11.5,14.4,389.2,21,86.4,3.8,0.254,southwest_monsoon,0
Adams Peak,2022,6,16.0,11.1,13.6,659.9,23,87.9,2.9,0.1811,southwest_monsoon,0
Adams Peak,2022,7,15.1,10.4,12.8,515.9,19,89.3,2.8,0.1789,southwest_monsoon,0
Adams Peak,2022,8,16.0,10.9,13.4,488.2,23,87.6,2.9,0.1811,southwest_monsoon,0
Adams Peak,2022,9,16.5,11.1,13.8,388.4,17,91.4,3.4,0.2463,southwest_monsoon,0
Adams Peak,2022,10,15.4,10.3,12.9,537.9,22,88.8,3.2,0.1874,northeast_monsoon,0
Adams Peak,2022,11,15.2,9.6,12.4,452.4,19,86.0,3.0,0.1832,northeast_monsoon,0
Adams Peak,2022,12,14.2,7.7,10.9,294.1,16,86.6,4.3,0.3491,dry_season,1
Adams Peak,2023,1,14.8,7.1,10.9,134.9,15,78.8,4.7,0.499,dry_season,1
Adams Peak,2023,2,15.6,7.4,11.5,79.8,12,77.0,5.5,0.5649,dry_season,1
Adams Peak,2023,3,17.2,8.8,13.0,150.4,12,78.4,5.7,0.5063,dry_season,1
Adams Peak,2023,4,17.7,10.7,14.2,305.6,17,76.8,5.2,0.3578,dry_season,1
Adams Peak,2023,5,17.2,11.5,14.3,422.7,22,89.2,3.4,0.2158,southwest_monsoon,0
Adams Peak,2023,6,15.8,11.1,13.4,503.3,22,89.9,2.5,0.1726,southwest_monsoon,0
Adams Peak,2023,7,15.9,10.9,13.4,590.6,17,90.5,2.5,0.1726,southwest_monsoon,0
Adams Peak,2023,8,15.0,10.4,12.7,393.2,23,90.4,3.4,0.2421,southwest_monsoon,0
Adams Peak,2023,9,16.0,10.9,13.4,270.1,19,91.3,3.1,0.3452,southwest_monsoon,0
Adams Peak,2023,10,15.3,10.3,12.8,434.2,16,87.8,2.5,0.1867,northeast_monsoon,0
Adams Peak,2023,11,14.5,9.3,11.9,445.1,19,87.0,3.1,0.1896,northeast_monsoon,0
Adams Peak,2023,12,13.3,7.3,10.3,287.9,15,82.1,3.9,0.3462,dry_season,1
Adams Peak,2024,1,15.4,7.3,11.3,154.9,16,85.4,4.6,0.4792,dry_season,1
Adams Peak,2024,2,15.8,7.5,11.7,110.9,10,77.7,5.3,0.533,dry_season,1
Adams Peak,2024,3,17.4,8.9,13.1,175.9,13,75.8,4.7,0.4626,dry_season,1
Adams Peak,2024,4,18.0,10.8,14.4,294.0,19,79.2,4.6,0.3555,dry_season,1
Adams Peak,2024,5,17.7,11.7,14.7,472.8,26,91.1,3.4,0.1916,southwest_monsoon,0
Adams Peak,2024,6,16.4,11.3,13.8,365.0,28,95.0,3.3,0.265,southwest_monsoon,0
Adams Peak,2024,7,15.8,10.8,13.3,639.4,28,95.0,3.2,0.1874,southwest_monsoon,0
Adams Peak,2024,8,15.6,10.7,13.1,362.1,24,90.1,3.1,0.2634,southwest_monsoon,0
Adams Peak,2024,9,15.5,10.6,13.1,325.1,23,93.2,2.9,0.2921,southwest_monsoon,0
Adams Peak,2024,10,15.9,10.5,13.2,589.3,19,89.1,2.9,0.1811,northeast_monsoon,0
Adams Peak,2024,11,14.9,9.5,12.2,459.1,24,90.7,3.3,0.1895,northeast_monsoon,0
Adams Peak,2024,12,14.4,7.8,11.1,214.7,18,87.4,4.1,0.4155,dry_season,1
Horton Plains,2015,1,15.8,7.5,11.7,153.8,15,82.9,5.1,0.4907,dry_season,1
Horton Plains,2015,2,16.4,7.8,12.1,99.7,10,78.0,5.8,0.5535,dry_season,1
Horton Plains,2015,3,17.7,9.2,13.4,153.1,13,75.1,5.6,0.5018,dry_season,1
Horton Plains,2015,4,18.3,11.1,14.7,292.1,17,83.4,4.9,0.3635,dry_season,1
Horton Plains,2015,5,17.3,11.4,14.4,432.4,22,84.8,3.2,0.203,southwest_monsoon,0
Horton Plains,2015,6,16.3,11.1,13.7,533.7,23,88.8,3.1,0.1853,southwest_monsoon,0
Horton Plains,2015,7,16.3,10.9,13.6,540.8,23,93.3,2.9,0.1811,southwest_monsoon,0
Horton Plains,2015,8,15.9,10.7,13.3,396.8,20,87.8,3.2,0.2347,southwest_monsoon,0
Horton Plains,2015,9,15.9,10.7,13.3,337.9,22,88.2,3.1,0.2849,southwest_monsoon,0
Horton Plains,2015,10,15.9,10.3,13.1,586.9,22,87.7,3.5,0.1937,northeast_monsoon,0
Horton Plains,2015,11,15.1,9.5,12.3,514.1,21,86.4,3.4,0.1916,northeast_monsoon,0
Horton Plains,2015,12,14.7,8.0,11.3,278.0,19,82.9,4.0,0.3571,dry_season,1
Horton Plains,2016,1,15.8,7.5,11.7,129.8,16,80.9,5.0,0.5099,dry_season,1
Horton Plains,2016,2,17.2,8.2,12.7,116.7,11,78.2,5.6,0.5342,dry_season,1
Horton Plains,2016,3,18.4,9.5,13.9,164.4,15,78.8,5.8,0.496,dry_season,1
Horton Plains,2016,4,17.5,10.7,14.1,332.7,16,78.2,5.1,0.3316,dry_season,1
Horton Plains,2016,5,17.3,11.4,14.4,424.2,24,88.7,3.6,0.2187,southwest_monsoon,0
Horton Plains,2016,6,16.7,11.3,14.0,535.9,28,91.3,2.7,0.1768,southwest_monsoon,0
Horton Plains,2016,7,15.6,10.6,13.1,589.4,27,89.3,3.1,0.1853,southwest_monsoon,0
Horton Plains,2016,8,16.0,10.7,13.3,377.8,21,88.3,3.2,0.2515,southwest_monsoon,0
Horton Plains,2016,9,15.9,10.7,13.3,390.0,23,88.8,2.8,0.2323,southwest_monsoon,0
Horton Plains,2016,10,15.2,9.9,12.6,488.8,23,87.6,3.2,0.1874,northeast_monsoon,0
Horton Plains,2016,11,15.3,9.6,12.4,527.1,24,86.4,3.1,0.1853,northeast_monsoon,0
Horton Plains,2016,12,14.9,8.1,11.5,284.4,17,83.4,4.2,0.3556,dry_season,1
Horton Plains,2017,1,16.8,8.0,12.4,117.8,14,81.1,5.5,0.5311,dry_season,1
Horton Plains,2017,2,16.4,7.8,12.1,94.4,10,76.6,5.6,0.554,dry_season,1
Horton Plains,2017,3,17.9,9.3,13.6,177.0,13,76.5,5.3,0.4742,dry_season,1
Horton Plains,2017,4,18.1,11.0,14.6,303.6,13,81.3,4.7,0.3491,dry_season,1
Horton Plains,2017,5,17.4,11.5,14.4,370.1,20,88.8,3.9,0.2731,southwest_monsoon,0
Horton Plains,2017,6,17.0,11.5,14.2,500.6,22,94.5,3.2,0.1874,southwest_monsoon,0
Horton Plains,2017,7,15.5,10.6,13.1,570.5,24,88.7,3.4,0.1916,southwest_monsoon,0
Horton Plains,2017,8,16.0,10.8,13.4,311.6,22,89.3,3.5,0.3167,southwest_monsoon,0
Horton Plains,2017,9,15.3,10.4,12.9,321.8,20,89.6,3.1,0.2992,southwest_monsoon,0
Horton Plains,2017,10,16.0,10.4,13.2,532.4,23,89.9,2.8,0.1789,northeast_monsoon,0
Horton Plains,2017,11,15.7,9.8,12.8,451.0,22,86.1,4.0,0.2042,northeast_monsoon,0
Horton Plains,2017,12,15.2,8.3,11.8,283.6,19,84.8,4.2,0.3563,dry_season,1
Horton Plains,2018,1,15.3,7.3,11.3,137.2,15,82.9,4.9,0.5012,dry_season,1
Horton Plains,2018,2,17.0,8.1,12.6,117.5,11,78.6,5.7,0.5356,dry_season,1
Horton Plains,2018,3,18.2,9.5,13.8,149.1,11,73.4,5.4,0.5012,dry_season,1
Horton Plains,2018,4,18.7,11.3,15.0,274.3,17,79.4,5.2,0.3857,dry_season,1
Horton Plains,2018,5,17.4,11.5,14.4,419.1,21,89.2,4.0,0.2317,southwest_monsoon,0
Horton Plains,2018,6,16.5,11.2,13.8,482.1,22,89.8,2.8,0.1789,southwest_monsoon,0
Horton Plains,2018,7,16.0,10.8,13.4,470.7,20,91.9,3.1,0.1853,southwest_monsoon,0
Horton Plains,2018,8,16.2,10.9,13.6,387.2,17,91.6,3.2,0.2432,southwest_monsoon,0
Horton Plains,2018,9,16.8,11.2,14.0,287.5,20,89.2,3.5,0.3381,southwest_monsoon,0
Horton Plains,2018,10,16.8,10.8,13.8,477.7,21,89.5,2.7,0.1768,northeast_monsoon,0
Horton Plains,2018,11,15.4,9.7,12.6,463.8,22,86.2,3.0,0.1832,northeast_monsoon,0
Horton Plains,2018,12,14.8,8.1,11.4,241.5,16,82.5,4.5,0.4001,dry_season,1
Horton Plains,2019,1,15.9,7.6,11.8,128.8,17,81.0,4.9,0.5087,dry_season,1
Horton Plains,2019,2,17.1,8.2,12.7,129.4,11,81.3,5.6,0.5229,dry_season,1
Horton Plains,2019,3,18.7,9.7,14.2,122.6,14,77.7,5.7,0.531,dry_season,1
Horton Plains,2019,4,18.2,11.1,14.6,267.1,17,81.6,4.6,0.3794,dry_season,1
Horton Plains,2019,5,17.3,11.5,14.4,414.7,24,89.5,3.2,0.2187,southwest_monsoon,0
Horton Plains,2019,6,16.4,11.1,13.8,554.0,28,90.8,3.1,0.1853,southwest_monsoon,0
Horton Plains,2019,7,15.5,10.6,13.1,433.4,25,88.7,2.8,0.1937,southwest_monsoon,0
Horton Plains,2019,8,16.2,10.8,13.5,415.4,20,92.1,3.1,0.216,southwest_monsoon,0
Horton Plains,2019,9,16.9,11.2,14.0,485.2,20,91.6,3.5,0.1937,southwest_monsoon,0
Horton Plains,2019,10,16.1,10.4,13.2,537.7,16,92.2,3.1,0.1853,northeast_monsoon,0
Horton Plains,2019,11,15.7,9.8,12.8,507.5,23,86.8,3.5,0.1937,northeast_monsoon,0
Horton Plains,2019,12,15.3,8.3,11.8,232.2,19,83.6,4.5,0.4083,dry_season,1
Horton Plains,2020,1,16.1,7.7,11.9,139.8,17,82.4,4.7,0.4947,dry_season,1
Horton Plains,2020,2,16.0,7.6,11.8,124.6,12,74.3,5.6,0.5271,dry_season,1
Horton Plains,2020,3,17.7,9.2,13.4,182.2,14,75.8,5.6,0.4759,dry_season,1
Horton Plains,2020,4,18.6,11.2,14.9,333.0,21,81.9,4.8,0.3251,dry_season,1
Horton Plains,2020,5,17.9,11.7,14.8,480.4,24,89.1,3.9,0.2021,southwest_monsoon,0
Horton Plains,2020,6,16.8,11.3,14.1,537.0,25,92.0,2.7,0.1768,southwest_monsoon,0
Horton Plains,2020,7,15.1,10.3,12.7,599.8,28,90.4,3.2,0.1874,southwest_monsoon,0
Horton Plains,2020,8,15.5,10.5,13.0,419.3,22,88.6,3.0,0.2104,southwest_monsoon,0
Horton Plains,2020,9,15.9,10.7,13.3,503.3,26,91.4,2.9,0.1811,southwest_monsoon,0
Horton Plains,2020,10,16.4,10.5,13.4,511.3,22,90.8,3.2,0.1874,northeast_monsoon,0
Horton Plains,2020,11,15.4,9.6,12.5,494.3,18,85.9,3.1,0.1853,northeast_monsoon,0
Horton Plains,2020,12,15.4,8.4,11.9,279.1,20,87.6,4.3,0.3624,dry_season,1
Horton Plains,2021,1,16.4,7.8,12.1,125.6,19,85.5,4.4,0.501,dry_season,1
Horton Plains,2021,2,16.7,7.9,12.3,89.0,11,76.8,6.1,0.5693,dry_season,1
Horton Plains,2021,3,18.3,9.4,13.9,152.1,12,77.3,5.2,0.4943,dry_season,1
Horton Plains,2021,4,18.5,11.2,14.8,292.2,16,80.4,5.1,0.3676,dry_season,1
Horton Plains,2021,5,16.2,10.9,13.6,404.4,20,86.1,3.9,0.2426,southwest_monsoon,0
Horton Plains,2021,6,15.9,10.9,13.4,613.9,26,86.5,3.2,0.1874,southwest_monsoon,0
Horton Plains,2021,7,15.5,10.5,13.0,495.7,22,89.3,3.0,0.1832,southwest_monsoon,0
Horton Plains,2021,8,16.2,10.8,13.5,327.0,22,88.9,3.9,0.3114,southwest_monsoon,0
Horton Plains,2021,9,16.7,11.1,13.9,316.4,20,91.7,3.1,0.304,southwest_monsoon,0
Horton Plains,2021,10,15.9,10.3,13.1,526.5,23,92.4,2.9,0.1811,northeast_monsoon,0
Horton Plains,2021,11,15.7,9.8,12.8,461.0,22,89.0,3.7,0.1979,northeast_monsoon,0
Horton Plains,2021,12,15.3,8.3,11.8,297.5,18,83.2,4.4,0.3482,dry_season,1
Horton Plains,2022,1,15.8,7.6,11.7,130.9,12,82.7,5.0,0.5089,dry_season,1
Horton Plains,2022,2,15.8,7.5,11.7,132.5,10,77.0,6.3,0.5349,dry_season,1
Horton Plains,2022,3,18.3,9.5,13.9,129.3,12,75.8,5.7,0.5251,dry_season,1
Horton Plains,2022,4,18.7,11.3,15.0,227.0,16,80.3,4.8,0.4193,dry_season,1
Horton Plains,2022,5,17.8,11.7,14.8,462.2,21,89.6,3.6,0.1958,southwest_monsoon,0
Horton Plains,2022,6,16.6,11.3,14.0,534.8,26,89.5,3.0,0.1832,southwest_monsoon,0
Horton Plains,2022,7,16.4,11.0,13.7,482.0,24,89.4,2.8,0.1789,southwest_monsoon,0
Horton Plains,2022,8,16.4,11.0,13.7,271.5,19,86.9,3.4,0.3502,southwest_monsoon,0
Horton Plains,2022,9,16.4,11.0,13.7,339.5,16,89.6,3.3,0.2877,southwest_monsoon,0
Horton Plains,2022,10,16.7,10.8,13.8,491.3,23,91.5,3.3,0.1895,northeast_monsoon,0
Horton Plains,2022,11,16.3,10.2,13.2,416.4,22,89.4,3.3,0.2193,northeast_monsoon,0
Horton Plains,2022,12,15.5,8.4,11.9,306.6,17,82.0,4.4,0.3401,dry_season,1
Horton Plains,2023,1,17.3,8.3,12.8,121.8,13,79.7,4.9,0.5149,dry_season,1
Horton Plains,2023,2,16.8,8.1,12.4,87.9,9,80.9,5.4,0.5556,dry_season,1
Horton Plains,2023,3,18.7,9.8,14.2,145.2,14,72.5,6.0,0.5172,dry_season,1
Horton Plains,2023,4,18.3,11.2,14.8,228.6,15,79.1,4.7,0.4157,dry_season,1
Horton Plains,2023,5,18.2,12.0,15.1,383.4,15,85.0,3.5,0.2529,southwest_monsoon,0
Horton Plains,2023,6,16.6,11.3,14.0,474.9,20,87.7,2.7,0.1768,southwest_monsoon,0
Horton Plains,2023,7,16.0,10.9,13.4,399.2,18,89.7,2.8,0.2241,southwest_monsoon,0
Horton Plains,2023,8,16.1,10.8,13.5,420.3,19,87.4,3.5,0.2201,southwest_monsoon,0
Horton Plains,2023,9,17.0,11.3,14.2,370.6,21,89.9,3.3,0.2601,southwest_monsoon,0
Horton Plains,2023,10,16.8,10.8,13.8,453.4,18,88.1,3.3,0.1895,northeast_monsoon,0
Horton Plains,2023,11,15.9,10.0,12.9,432.9,21,85.2,3.7,0.2131,northeast_monsoon,0
Horton Plains,2023,12,15.0,8.2,11.6,241.1,20,85.0,4.2,0.3941,dry_season,1
Horton Plains,2024,1,16.3,7.8,12.1,135.9,15,81.2,4.9,0.5024,dry_season,1
Horton Plains,2024,2,16.8,8.1,12.4,103.6,13,77.5,6.2,0.5584,dry_season,1
Horton Plains,2024,3,17.8,9.3,13.6,158.7,15,77.5,6.1,0.5074,dry_season,1
Horton Plains,2024,4,19.3,11.6,15.4,290.6,16,80.6,5.0,0.367,dry_season,1
Horton Plains,2024,5,18.5,12.1,15.3,404.9,22,86.5,3.4,0.2317,southwest_monsoon,0
Horton Plains,2024,6,17.0,11.5,14.2,528.2,21,92.5,3.5,0.1937,southwest_monsoon,0
Horton Plains,2024,7,15.7,10.7,13.2,410.2,23,87.8,3.2,0.2227,southwest_monsoon,0
Horton Plains,2024,8,15.6,10.6,13.1,432.2,23,89.1,3.7,0.2137,southwest_monsoon,0
Horton Plains,2024,9,16.9,11.2,14.0,389.3,18,88.6,2.9,0.235,southwest_monsoon,0
Horton Plains,2024,10,16.2,10.5,13.3,561.3,24,88.4,3.3,0.1895,northeast_monsoon,0
Horton Plains,2024,11,15.1,9.6,12.3,498.1,16,86.3,3.7,0.1979,northeast_monsoon,0
Horton Plains,2024,12,15.0,8.2,11.6,271.6,17,83.6,4.2,0.367,dry_season,1
Negombo,2015,1,30.9,22.6,26.8,74.9,5,73.8,8.3,0.9082,dry_season,1
Negombo,2015,2,31.8,23.1,27.5,61.9,5,74.1,9.5,0.945,dry_season,1
Negombo,2015,3,32.0,23.8,27.9,109.7,9,72.1,8.6,0.8835,dry_season,1
Negombo,2015,4,31.9,24.8,28.4,245.7,14,76.7,7.4,0.7374,dry_season,1
Negombo,2015,5,31.5,25.3,28.4,411.3,19,77.7,6.1,0.5628,southwest_monsoon,0
Negombo,2015,6,30.4,24.6,27.5,142.1,18,83.1,5.7,0.7937,southwest_monsoon,0
Negombo,2015,7,30.1,24.3,27.2,144.4,14,77.6,5.8,0.7937,southwest_monsoon,0
Negombo,2015,8,29.7,24.0,26.9,109.8,13,81.0,7.2,0.854,southwest_monsoon,0
Negombo,2015,9,30.4,24.1,27.2,235.2,17,78.2,6.1,0.7194,southwest_monsoon,0
Negombo,2015,10,30.6,23.9,27.2,345.4,20,77.7,6.3,0.6256,northeast_monsoon,0
Negombo,2015,11,30.2,23.1,26.6,294.0,15,83.9,6.2,0.6692,northeast_monsoon,0
Negombo,2015,12,30.9,22.9,26.9,236.4,9,75.2,7.8,0.7541,dry_season,1
Negombo,2016,1,31.1,22.7,26.9,91.9,5,79.6,8.3,0.893,dry_season,1
Negombo,2016,2,31.4,22.8,27.1,70.0,5,71.2,9.0,0.9273,dry_season,1
Negombo,2016,3,32.7,24.1,28.4,152.2,9,71.1,8.2,0.8373,dry_season,1
Negombo,2016,4,32.7,25.2,29.0,300.2,13,72.5,7.6,0.6932,dry_season,1
Negombo,2016,5,31.3,25.2,28.2,425.3,20,78.8,6.1,0.5504,southwest_monsoon,0
Negombo,2016,6,30.4,24.6,27.5,179.9,18,84.4,5.6,0.758,southwest_monsoon,0
Negombo,2016,7,29.8,24.1,27.0,151.0,17,83.5,6.6,0.8047,southwest_monsoon,0
Negombo,2016,8,30.1,24.2,27.1,113.0,13,80.1,6.6,0.8385,southwest_monsoon,0
Negombo,2016,9,30.5,24.2,27.4,288.2,20,84.7,6.5,0.6807,southwest_monsoon,0
Negombo,2016,10,30.3,23.7,27.0,437.4,22,83.1,6.0,0.5375,northeast_monsoon,0
Negombo,2016,11,30.7,23.4,27.0,353.4,15,78.9,6.5,0.6227,northeast_monsoon,0
Negombo,2016,12,31.2,23.0,27.1,197.3,12,75.4,7.8,0.7888,dry_season,1
Negombo,2017,1,31.6,23.0,27.3,51.8,5,71.4,8.1,0.9245,dry_season,1
Negombo,2017,2,31.8,23.1,27.5,68.6,5,69.1,9.1,0.9306,dry_season,1
Negombo,2017,3,31.9,23.8,27.9,147.5,7,73.9,8.3,0.8436,dry_season,1
Negombo,2017,4,32.9,25.3,29.1,284.5,15,77.7,7.7,0.7092,dry_season,1
Negombo,2017,5,31.2,25.2,28.2,421.9,21,80.4,6.3,0.5576,southwest_monsoon,0
Negombo,2017,6,31.1,25.0,28.1,235.7,21,80.1,5.5,0.7063,southwest_monsoon,0
Negombo,2017,7,30.8,24.7,27.8,133.2,15,81.9,6.9,0.8269,southwest_monsoon,0
Negombo,2017,8,30.5,24.4,27.4,114.7,12,78.8,6.2,0.8286,southwest_monsoon,0
Negombo,2017,9,30.6,24.2,27.4,215.6,18,83.1,5.9,0.7326,southwest_monsoon,0
Negombo,2017,10,30.5,23.8,27.1,359.7,19,79.6,6.0,0.6066,northeast_monsoon,0
Negombo,2017,11,30.9,23.5,27.2,308.6,16,77.8,6.6,0.6646,northeast_monsoon,0
Negombo,2017,12,30.9,22.9,26.9,174.6,11,74.6,7.7,0.8069,dry_season,1
Negombo,2018,1,31.1,22.8,27.0,79.0,6,74.1,8.4,0.9066,dry_season,1
Negombo,2018,2,32.2,23.3,27.8,57.9,4,69.1,8.7,0.9317,dry_season,1
Negombo,2018,3,32.7,24.2,28.5,114.0,9,72.0,9.2,0.8924,dry_season,1
Negombo,2018,4,32.7,25.3,29.0,181.3,12,74.8,8.4,0.8157,dry_season,1
Negombo,2018,5,30.9,25.0,27.9,370.8,18,78.9,5.9,0.5946,southwest_monsoon,0
Negombo,2018,6,30.3,24.6,27.5,195.2,15,80.5,6.0,0.7528,southwest_monsoon,0
Negombo,2018,7,30.7,24.6,27.6,166.3,12,80.3,6.6,0.7911,southwest_monsoon,0
Negombo,2018,8,30.4,24.4,27.4,98.4,11,82.8,7.1,0.862,southwest_monsoon,0
Negombo,2018,9,30.5,24.2,27.4,272.6,13,85.4,6.3,0.6903,southwest_monsoon,0
Negombo,2018,10,29.9,23.5,26.7,301.8,21,84.6,5.9,0.6559,northeast_monsoon,0
Negombo,2018,11,31.2,23.7,27.4,287.6,15,81.0,7.4,0.7001,northeast_monsoon,0
Negombo,2018,12,31.0,22.9,26.9,174.6,9,77.2,7.5,0.8027,dry_season,1
Negombo,2019,1,31.2,22.8,27.0,83.9,4,74.0,9.0,0.9149,dry_season,1
Negombo,2019,2,32.0,23.2,27.6,79.9,5,73.0,9.0,0.9185,dry_season,1
Negombo,2019,3,33.0,24.3,28.6,143.7,11,67.8,8.6,0.8533,dry_season,1
Negombo,2019,4,32.0,24.9,28.4,298.4,15,74.1,7.9,0.7011,dry_season,1
Negombo,2019,5,31.1,25.1,28.1,366.2,19,80.2,6.7,0.6155,southwest_monsoon,0
Negombo,2019,6,30.3,24.6,27.5,267.6,19,78.6,5.7,0.6821,southwest_monsoon,0
Negombo,2019,7,29.7,24.1,26.9,142.7,18,76.9,6.1,0.8016,southwest_monsoon,0
Negombo,2019,8,30.0,24.1,27.1,115.8,11,79.1,6.7,0.8381,southwest_monsoon,0
Negombo,2019,9,30.1,24.0,27.1,255.5,17,83.4,6.9,0.7182,southwest_monsoon,0
Negombo,2019,10,30.7,23.9,27.3,422.4,18,83.6,5.3,0.5361,northeast_monsoon,0
Negombo,2019,11,30.3,23.2,26.8,408.2,16,78.0,7.1,0.5866,northeast_monsoon,0
Negombo,2019,12,30.4,22.6,26.5,182.7,11,73.1,7.2,0.7892,dry_season,1
Negombo,2020,1,31.2,22.8,27.0,96.5,7,74.0,8.0,0.8826,dry_season,1
Negombo,2020,2,31.9,23.1,27.5,67.9,6,70.8,9.2,0.9333,dry_season,1
Negombo,2020,3,33.1,24.3,28.7,159.5,10,73.2,8.8,0.8435,dry_season,1
Negombo,2020,4,31.5,24.6,28.1,282.3,14,78.5,7.4,0.7049,dry_season,1
Negombo,2020,5,31.3,25.2,28.2,369.2,19,82.9,6.1,0.6002,southwest_monsoon,0
Negombo,2020,6,30.2,24.5,27.4,275.2,19,83.1,6.3,0.688,southwest_monsoon,0
Negombo,2020,7,29.8,24.1,27.0,196.4,15,79.5,6.8,0.7686,southwest_monsoon,0
Negombo,2020,8,30.2,24.2,27.2,118.0,12,81.3,7.4,0.8509,southwest_monsoon,0
Negombo,2020,9,30.4,24.1,27.2,277.8,18,82.7,6.3,0.6857,southwest_monsoon,0
Negombo,2020,10,30.6,23.9,27.2,416.7,21,77.7,5.2,0.5391,northeast_monsoon,0
Negombo,2020,11,30.7,23.4,27.0,422.3,17,77.8,6.4,0.5594,northeast_monsoon,0
Negombo,2020,12,31.2,23.0,27.1,212.8,11,76.5,8.1,0.7814,dry_season,1
Negombo,2021,1,30.9,22.6,26.8,88.2,6,72.9,8.0,0.89,dry_season,1
Negombo,2021,2,31.8,23.0,27.4,65.4,5,68.8,8.7,0.925,dry_season,1
Negombo,2021,3,31.4,23.5,27.4,154.5,9,74.6,8.7,0.8458,dry_season,1
Negombo,2021,4,31.8,24.7,28.2,200.5,13,73.3,7.6,0.7818,dry_season,1
Negombo,2021,5,31.3,25.2,28.2,348.4,18,77.7,5.6,0.6082,southwest_monsoon,0
Negombo,2021,6,30.5,24.6,27.6,213.5,21,83.4,6.2,0.7407,southwest_monsoon,0
Negombo,2021,7,29.5,24.0,26.8,160.5,14,83.6,7.0,0.8047,southwest_monsoon,0
Negombo,2021,8,29.9,24.1,27.0,85.5,14,78.0,6.6,0.8629,southwest_monsoon,0
Negombo,2021,9,30.3,24.1,27.2,253.4,15,81.1,6.1,0.7032,southwest_monsoon,0
Negombo,2021,10,30.1,23.6,26.9,294.7,20,82.7,6.2,0.6686,northeast_monsoon,0
Negombo,2021,11,30.0,23.0,26.5,273.1,19,80.3,6.6,0.6962,northeast_monsoon,0
Negombo,2021,12,30.9,22.8,26.9,208.6,10,77.3,7.7,0.7767,dry_season,1
Negombo,2022,1,31.0,22.7,26.9,63.5,6,70.8,8.7,0.9267,dry_season,1
Negombo,2022,2,32.1,23.2,27.6,76.5,4,71.2,9.0,0.9215,dry_season,1
Negombo,2022,3,32.3,24.0,28.1,125.2,7,69.1,8.6,0.8698,dry_season,1
Negombo,2022,4,32.4,25.1,28.8,229.7,16,75.2,7.7,0.7579,dry_season,1
Negombo,2022,5,31.8,25.5,28.6,315.8,17,80.1,6.4,0.654,southwest_monsoon,0
Negombo,2022,6,30.7,24.8,27.8,247.8,13,81.6,5.5,0.6955,southwest_monsoon,0
Negombo,2022,7,30.6,24.6,27.6,131.7,14,79.9,6.9,0.8282,southwest_monsoon,0
Negombo,2022,8,29.5,23.9,26.7,101.9,11,81.1,7.1,0.8589,southwest_monsoon,0
Negombo,2022,9,30.8,24.4,27.6,210.8,18,80.7,6.5,0.7495,southwest_monsoon,0
Negombo,2022,10,30.1,23.7,26.9,335.4,18,81.9,5.4,0.6156,northeast_monsoon,0
Negombo,2022,11,31.3,23.7,27.5,298.6,14,78.3,6.8,0.6777,northeast_monsoon,0
Negombo,2022,12,30.3,22.6,26.5,175.1,10,74.8,7.5,0.8023,dry_season,1
Negombo,2023,1,31.4,22.9,27.1,68.9,5,73.1,8.4,0.9156,dry_season,1
Negombo,2023,2,32.3,23.4,27.8,58.9,4,69.6,8.9,0.935,dry_season,1
Negombo,2023,3,32.6,24.1,28.4,157.9,8,71.2,8.2,0.8323,dry_season,1
Negombo,2023,4,32.5,25.2,28.9,207.6,10,77.1,7.7,0.7776,dry_season,1
Negombo,2023,5,32.1,25.6,28.9,285.7,15,79.5,5.5,0.6618,southwest_monsoon,0
Negombo,2023,6,31.9,25.4,28.6,220.5,15,81.9,5.4,0.7177,southwest_monsoon,0
Negombo,2023,7,30.7,24.7,27.7,102.3,11,78.8,6.5,0.8459,southwest_monsoon,0
Negombo,2023,8,30.7,24.6,27.6,107.6,11,80.0,7.1,0.8538,southwest_monsoon,0
Negombo,2023,9,31.1,24.6,27.9,233.8,13,80.0,6.3,0.7248,southwest_monsoon,0
Negombo,2023,10,30.8,24.0,27.4,410.3,15,79.3,6.2,0.5658,northeast_monsoon,0
Negombo,2023,11,30.6,23.4,27.0,362.0,16,78.2,6.6,0.6172,northeast_monsoon,0
Negombo,2023,12,31.2,23.1,27.1,184.4,8,79.3,7.4,0.7919,dry_season,1
Negombo,2024,1,31.7,23.0,27.4,89.7,6,77.0,8.7,0.9034,dry_season,1
Negombo,2024,2,31.9,23.2,27.5,73.0,4,68.6,8.6,0.9162,dry_season,1
Negombo,2024,3,33.1,24.4,28.8,100.5,6,70.3,8.4,0.8875,dry_season,1
Negombo,2024,4,32.3,25.1,28.7,287.8,13,77.1,7.7,0.7063,dry_season,1
Negombo,2024,5,31.7,25.5,28.6,385.0,17,78.3,5.8,0.5799,southwest_monsoon,0
Negombo,2024,6,30.8,24.9,27.9,238.5,19,76.6,6.4,0.7227,southwest_monsoon,0
Negombo,2024,7,30.6,24.6,27.6,114.5,13,79.7,6.2,0.8287,southwest_monsoon,0
Negombo,2024,8,29.9,24.2,27.0,115.1,13,85.5,6.4,0.8324,southwest_monsoon,0
Negombo,2024,9,30.2,24.1,27.1,248.5,16,82.3,5.5,0.6949,southwest_monsoon,0
Negombo,2024,10,31.0,24.1,27.6,365.6,23,84.4,6.4,0.6098,northeast_monsoon,0
Negombo,2024,11,30.5,23.3,26.9,270.6,15,79.9,6.6,0.6984,northeast_monsoon,0
Negombo,2024,12,30.5,22.7,26.6,190.5,10,74.1,7.9,0.797,dry_season,1
