destination,year,month,month_name,predicted_tourist_arrivals,predicted_foreign_visitors,predicted_local_visitors,confidence_lower,confidence_upper,estimated_revenue_lkr,estimated_foreign_revenue_lkr,estimated_local_revenue_lkr,national_arrivals,national_lower,national_upper,model_used,mape_pct,forecast_horizon_years,calibration_basis,data_source
Sigiriya,2026,1,January,117569,68402,49167,105812,129325,437125446,432361749,4763697,279687,262523,296851,SARIMA,6.78,1,official_ticket_count,forecast
Yala,2026,1,January,123736,73312,50424,111362,136109,489566554,482495051,7071502,279687,262523,296851,SARIMA,6.78,1,official_ticket_count,forecast
Horton Plains,2026,1,January,38773,6077,32696,34895,42650,48930039,44204765,4725273,279687,262523,296851,SARIMA,6.78,1,official_ticket_count,forecast
Polonnaruwa,2026,1,January,25326,13520,11806,22793,27858,104662053,102914145,1747908,279687,262523,296851,SARIMA,6.78,1,official_ticket_count,forecast
Anuradhapura,2026,1,January,34127,20099,14028,30714,37539,103012689,100399829,2612859,279687,262523,296851,SARIMA,6.78,1,official_ticket_count,forecast
Mirissa,2026,1,January,15836,12598,3238,14252,17419,27907230,27589957,317272,279687,262523,296851,SARIMA,6.78,1,official_ticket_count,forecast
Jaffna,2026,1,January,24657,1705,22952,22191,27122,3117124,1979655,1137468,279687,262523,296851,SARIMA,6.78,1,official_ticket_count,forecast
Trincomalee,2026,1,January,12771,3426,9345,11493,14048,19923650,18651664,1271985,279687,262523,296851,SARIMA,6.78,1,official_ticket_count,forecast
Kandy,2026,1,January,85889,31061,54828,77300,94477,187283900,170835500,16448400,279687,262523,296851,SARIMA,6.78,1,sltda_district_telecom,forecast
Dambulla,2026,1,January,54495,19708,34787,49045,59944,118830100,108394000,10436100,279687,262523,296851,SARIMA,6.78,1,sltda_district_telecom,forecast
Galle Fort,2026,1,January,116551,42150,74401,104895,128206,254145300,231825000,22320300,279687,262523,296851,SARIMA,6.78,1,sltda_district_telecom,forecast
Nuwara Eliya,2026,1,January,42196,15260,26936,37976,46415,92010800,83930000,8080800,279687,262523,296851,SARIMA,6.78,1,sltda_district_telecom,forecast
Unawatuna,2026,1,January,66599,24085,42514,59939,73258,145221700,132467500,12754200,279687,262523,296851,SARIMA,6.78,1,sltda_district_telecom,forecast
Adams Peak,2026,1,January,14064,5086,8978,12657,15470,30666400,27973000,2693400,279687,262523,296851,SARIMA,6.78,1,sltda_district_telecom,forecast
Bentota,2026,1,January,49950,18064,31886,44955,54945,108917800,99352000,9565800,279687,262523,296851,SARIMA,6.78,1,sltda_district_telecom,forecast
Arugam Bay,2026,1,January,31461,11378,20083,28314,34607,68603900,62579000,6024900,279687,262523,296851,SARIMA,6.78,1,sltda_district_telecom,forecast
Colombo,2026,1,January,52267,18902,33365,47040,57493,113970500,103961000,10009500,279687,262523,296851,SARIMA,6.78,1,sltda_district_telecom,forecast
Negombo,2026,1,January,65463,23674,41789,58916,72009,142743700,130207000,12536700,279687,262523,296851,SARIMA,6.78,1,sltda_district_telecom,forecast
Ella,2026,1,January,35691,12907,22784,32121,39260,77823700,70988500,6835200,279687,262523,296851,SARIMA,6.78,1,sltda_district_telecom,forecast
Pinnawala,2026,1,January,31570,11417,20153,28413,34727,68839400,62793500,6045900,279687,262523,296851,SARIMA,6.78,1,sltda_district_telecom,forecast
Sigiriya,2026,2,February,115310,66831,48479,103779,126841,427128663,422431625,4697038,273265,251317,295213,SARIMA,6.78,1,official_ticket_count,forecast
Yala,2026,2,February,121347,71629,49718,109212,133481,478391060,471418568,6972492,273265,251317,295213,SARIMA,6.78,1,official_ticket_count,forecast
Horton Plains,2026,2,February,38175,5937,32238,34357,41992,47845472,43186390,4659082,273265,251317,295213,SARIMA,6.78,1,official_ticket_count,forecast
Polonnaruwa,2026,2,February,24851,13210,11641,22365,27336,102277907,100554427,1723480,273265,251317,295213,SARIMA,6.78,1,official_ticket_count,forecast
Anuradhapura,2026,2,February,33469,19638,13831,30122,36815,100673179,98097012,2576166,273265,251317,295213,SARIMA,6.78,1,official_ticket_count,forecast
Mirissa,2026,2,February,15502,12309,3193,13951,17052,27269903,26957039,312863,273265,251317,295213,SARIMA,6.78,1,official_ticket_count,forecast
Jaffna,2026,2,February,24296,1666,22630,21866,26725,3055884,1934373,1121511,273265,251317,295213,SARIMA,6.78,1,official_ticket_count,forecast
Trincomalee,2026,2,February,12562,3348,9214,11305,13818,19481175,18227021,1254154,273265,251317,295213,SARIMA,6.78,1,official_ticket_count,forecast
Kandy,2026,2,February,84407,30348,54059,75966,92847,183131700,166914000,16217700,273265,251317,295213,SARIMA,6.78,1,sltda_district_telecom,forecast
Dambulla,2026,2,February,53555,19255,34300,48199,58910,116192500,105902500,10290000,273265,251317,295213,SARIMA,6.78,1,sltda_district_telecom,forecast
Galle Fort,2026,2,February,114540,41182,73358,103086,125994,248508400,226501000,22007400,273265,251317,295213,SARIMA,6.78,1,sltda_district_telecom,forecast
Nuwara Eliya,2026,2,February,41469,14910,26559,37322,45615,89972700,82005000,7967700,273265,251317,295213,SARIMA,6.78,1,sltda_district_telecom,forecast
Unawatuna,2026,2,February,65451,23532,41919,58905,71996,142001700,129426000,12575700,273265,251317,295213,SARIMA,6.78,1,sltda_district_telecom,forecast
Adams Peak,2026,2,February,13823,4970,8853,12440,15205,29990900,27335000,2655900,273265,251317,295213,SARIMA,6.78,1,sltda_district_telecom,forecast
Bentota,2026,2,February,49088,17649,31439,44179,53996,106501200,97069500,9431700,273265,251317,295213,SARIMA,6.78,1,sltda_district_telecom,forecast
Arugam Bay,2026,2,February,30918,11116,19802,27826,34009,67078600,61138000,5940600,273265,251317,295213,SARIMA,6.78,1,sltda_district_telecom,forecast
Colombo,2026,2,February,51366,18468,32898,46229,56502,111443400,101574000,9869400,273265,251317,295213,SARIMA,6.78,1,sltda_district_telecom,forecast
Negombo,2026,2,February,64334,23131,41203,57900,70767,139581400,127220500,12360900,273265,251317,295213,SARIMA,6.78,1,sltda_district_telecom,forecast
Ella,2026,2,February,35075,12611,22464,31567,38582,76099700,69360500,6739200,273265,251317,295213,SARIMA,6.78,1,sltda_district_telecom,forecast
Pinnawala,2026,2,February,31026,11155,19871,27923,34128,67313800,61352500,5961300,273265,251317,295213,SARIMA,6.78,1,sltda_district_telecom,forecast
Sigiriya,2026,3,March,112350,64745,47605,101115,123585,413858600,409246242,4612357,264736,238554,290917,SARIMA,6.78,1,official_ticket_count,forecast
Yala,2026,3,March,118215,69393,48822,106393,130036,463549411,456702574,6846837,264736,238554,290917,SARIMA,6.78,1,official_ticket_count,forecast
Horton Plains,2026,3,March,37409,5752,31657,33668,41149,46415795,41840680,4575115,264736,238554,290917,SARIMA,6.78,1,official_ticket_count,forecast
Polonnaruwa,2026,3,March,24228,12797,11431,21805,26650,99103063,97410674,1692388,264736,238554,290917,SARIMA,6.78,1,official_ticket_count,forecast
Anuradhapura,2026,3,March,32607,19025,13582,29346,35867,97564703,95034915,2529787,264736,238554,290917,SARIMA,6.78,1,official_ticket_count,forecast
Mirissa,2026,3,March,15060,11925,3135,13554,16566,26423249,26116069,307180,264736,238554,290917,SARIMA,6.78,1,official_ticket_count,forecast
Jaffna,2026,3,March,23836,1614,22222,21452,26219,2975288,1873996,1101291,264736,238554,290917,SARIMA,6.78,1,official_ticket_count,forecast
Trincomalee,2026,3,March,12291,3243,9048,11061,13520,18886944,17655385,1231559,264736,238554,290917,SARIMA,6.78,1,official_ticket_count,forecast
Kandy,2026,3,March,82487,29401,53086,74238,90735,177631300,161705500,15925800,264736,238554,290917,SARIMA,6.78,1,sltda_district_telecom,forecast
Dambulla,2026,3,March,52336,18654,33682,47102,57569,112701600,102597000,10104600,264736,238554,290917,SARIMA,6.78,1,sltda_district_telecom,forecast
Galle Fort,2026,3,March,111934,39897,72037,100740,123127,241044600,219433500,21611100,264736,238554,290917,SARIMA,6.78,1,sltda_district_telecom,forecast
Nuwara Eliya,2026,3,March,40524,14444,26080,36471,44576,87266000,79442000,7824000,264736,238554,290917,SARIMA,6.78,1,sltda_district_telecom,forecast
Unawatuna,2026,3,March,63962,22798,41164,57565,70358,137738200,125389000,12349200,264736,238554,290917,SARIMA,6.78,1,sltda_district_telecom,forecast
Adams Peak,2026,3,March,13507,4814,8693,12156,14857,29084900,26477000,2607900,264736,238554,290917,SARIMA,6.78,1,sltda_district_telecom,forecast
Bentota,2026,3,March,47971,17098,30873,43173,52768,103300900,94039000,9261900,264736,238554,290917,SARIMA,6.78,1,sltda_district_telecom,forecast
Arugam Bay,2026,3,March,30214,10769,19445,27192,33235,65063000,59229500,5833500,264736,238554,290917,SARIMA,6.78,1,sltda_district_telecom,forecast
Colombo,2026,3,March,50197,17892,32305,45177,55216,108097500,98406000,9691500,264736,238554,290917,SARIMA,6.78,1,sltda_district_telecom,forecast
Negombo,2026,3,March,62870,22409,40461,56583,69157,135387800,123249500,12138300,264736,238554,290917,SARIMA,6.78,1,sltda_district_telecom,forecast
Ella,2026,3,March,34277,12217,22060,30849,37704,73811500,67193500,6618000,264736,238554,290917,SARIMA,6.78,1,sltda_district_telecom,forecast
Pinnawala,2026,3,March,30320,10807,19513,27288,33352,65292400,59438500,5853900,264736,238554,290917,SARIMA,6.78,1,sltda_district_telecom,forecast
Sigiriya,2026,4,April,88817,51680,37137,79935,97698,330261903,326663770,3598133,211314,181495,241133,SARIMA,6.78,1,official_ticket_count,forecast
Yala,2026,4,April,93476,55390,38086,84128,102823,369884545,364543334,5341211,211314,181495,241133,SARIMA,6.78,1,official_ticket_count,forecast
Horton Plains,2026,4,April,29287,4591,24696,26358,32215,36964540,33395438,3569101,211314,181495,241133,SARIMA,6.78,1,official_ticket_count,forecast
Polonnaruwa,2026,4,April,19132,10215,8917,17218,21045,79076693,77756508,1320184,211314,181495,241133,SARIMA,6.78,1,official_ticket_count,forecast
Anuradhapura,2026,4,April,25781,15186,10595,23202,28359,77831521,75858093,1973428,211314,181495,241133,SARIMA,6.78,1,official_ticket_count,forecast
Mirissa,2026,4,April,11964,9518,2446,10767,13160,21084344,20844674,239669,211314,181495,241133,SARIMA,6.78,1,official_ticket_count,forecast
Jaffna,2026,4,April,18624,1288,17336,16761,20486,2354629,1495482,859147,211314,181495,241133,SARIMA,6.78,1,official_ticket_count,forecast
Trincomalee,2026,4,April,9647,2589,7058,8682,10611,15055602,14094909,960692,211314,181495,241133,SARIMA,6.78,1,official_ticket_count,forecast
Kandy,2026,4,April,64880,23468,41412,58392,71368,141497600,129074000,12423600,211314,181495,241133,SARIMA,6.78,1,sltda_district_telecom,forecast
Dambulla,2026,4,April,41165,14890,26275,37048,45281,89777500,81895000,7882500,211314,181495,241133,SARIMA,6.78,1,sltda_district_telecom,forecast
Galle Fort,2026,4,April,88042,31846,56196,79237,96846,192011800,175153000,16858800,211314,181495,241133,SARIMA,6.78,1,sltda_district_telecom,forecast
Nuwara Eliya,2026,4,April,31874,11529,20345,28686,35061,69513000,63409500,6103500,211314,181495,241133,SARIMA,6.78,1,sltda_district_telecom,forecast
Unawatuna,2026,4,April,50309,18197,32112,45278,55339,109717100,100083500,9633600,211314,181495,241133,SARIMA,6.78,1,sltda_district_telecom,forecast
Adams Peak,2026,4,April,10624,3843,6781,9561,11686,23170800,21136500,2034300,211314,181495,241133,SARIMA,6.78,1,sltda_district_telecom,forecast
Bentota,2026,4,April,37732,13648,24084,33958,41505,82289200,75064000,7225200,211314,181495,241133,SARIMA,6.78,1,sltda_district_telecom,forecast
Arugam Bay,2026,4,April,23765,8596,15169,21388,26141,51828700,47278000,4550700,211314,181495,241133,SARIMA,6.78,1,sltda_district_telecom,forecast
Colombo,2026,4,April,39482,14281,25201,35533,43430,86105800,78545500,7560300,211314,181495,241133,SARIMA,6.78,1,sltda_district_telecom,forecast
Negombo,2026,4,April,49451,17887,31564,44505,54396,107847700,98378500,9469200,211314,181495,241133,SARIMA,6.78,1,sltda_district_telecom,forecast
Ella,2026,4,April,26961,9752,17209,24264,29657,58798700,53636000,5162700,211314,181495,241133,SARIMA,6.78,1,sltda_district_telecom,forecast
Pinnawala,2026,4,April,23848,8626,15222,21463,26232,52009600,47443000,4566600,211314,181495,241133,SARIMA,6.78,1,sltda_district_telecom,forecast
Sigiriya,2026,5,May,72719,42047,30672,65447,79990,268746355,265774604,2971751,171926,138867,204984,SARIMA,6.78,1,official_ticket_count,forecast
Yala,2026,5,May,76521,45065,31456,68868,84173,301001871,296590455,4411415,171926,138867,204984,SARIMA,6.78,1,official_ticket_count,forecast
Horton Plains,2026,5,May,24132,3735,20397,21718,26545,30116604,27168800,2947803,171926,138867,204984,SARIMA,6.78,1,official_ticket_count,forecast
Polonnaruwa,2026,5,May,15676,8311,7365,14108,17243,64353680,63263273,1090407,171926,138867,204984,SARIMA,6.78,1,official_ticket_count,forecast
Anuradhapura,2026,5,May,21106,12355,8751,18995,23216,63346462,61716498,1629964,171926,138867,204984,SARIMA,6.78,1,official_ticket_count,forecast
Mirissa,2026,5,May,9764,7744,2020,8787,10740,17157495,16959567,197928,171926,138867,204984,SARIMA,6.78,1,official_ticket_count,forecast
Jaffna,2026,5,May,15366,1048,14318,13829,16902,1926400,1216820,709579,171926,138867,204984,SARIMA,6.78,1,official_ticket_count,forecast
Trincomalee,2026,5,May,7935,2106,5829,7141,8728,12258792,11465384,793408,171926,138867,204984,SARIMA,6.78,1,official_ticket_count,forecast
Kandy,2026,5,May,53296,19093,34203,47966,58625,115272400,105011500,10260900,171926,138867,204984,SARIMA,6.78,1,sltda_district_telecom,forecast
Dambulla,2026,5,May,33815,12114,21701,30433,37196,73137300,66627000,6510300,171926,138867,204984,SARIMA,6.78,1,sltda_district_telecom,forecast
Galle Fort,2026,5,May,72323,25910,46413,65090,79555,156428900,142505000,13923900,171926,138867,204984,SARIMA,6.78,1,sltda_district_telecom,forecast
Nuwara Eliya,2026,5,May,26183,9380,16803,23564,28801,56630900,51590000,5040900,171926,138867,204984,SARIMA,6.78,1,sltda_district_telecom,forecast
Unawatuna,2026,5,May,41326,14805,26521,37193,45458,89383800,81427500,7956300,171926,138867,204984,SARIMA,6.78,1,sltda_district_telecom,forecast
Adams Peak,2026,5,May,8727,3126,5601,7854,9599,18873300,17193000,1680300,171926,138867,204984,SARIMA,6.78,1,sltda_district_telecom,forecast
Bentota,2026,5,May,30995,11104,19891,27895,34094,67039300,61072000,5967300,171926,138867,204984,SARIMA,6.78,1,sltda_district_telecom,forecast
Arugam Bay,2026,5,May,19522,6994,12528,17569,21474,42225400,38467000,3758400,171926,138867,204984,SARIMA,6.78,1,sltda_district_telecom,forecast
Colombo,2026,5,May,32433,11619,20814,29189,35676,70148700,63904500,6244200,171926,138867,204984,SARIMA,6.78,1,sltda_district_telecom,forecast
Negombo,2026,5,May,40622,14553,26069,36559,44684,87862200,80041500,7820700,171926,138867,204984,SARIMA,6.78,1,sltda_district_telecom,forecast
Ella,2026,5,May,22147,7934,14213,19932,24361,47900900,43637000,4263900,171926,138867,204984,SARIMA,6.78,1,sltda_district_telecom,forecast
Pinnawala,2026,5,May,19590,7018,12572,17631,21549,42370600,38599000,3771600,171926,138867,204984,SARIMA,6.78,1,sltda_district_telecom,forecast
Sigiriya,2026,6,June,76476,43329,33147,68828,84123,277089539,273877989,3211549,177166,141158,213175,SARIMA,6.78,1,official_ticket_count,forecast
Yala,2026,6,June,80433,46439,33994,72389,88476,310400635,305633289,4767346,177166,141158,213175,SARIMA,6.78,1,official_ticket_count,forecast
Horton Plains,2026,6,June,25892,3849,22043,23302,28481,31183735,27998049,3185686,177166,141158,213175,SARIMA,6.78,1,official_ticket_count,forecast
Polonnaruwa,2026,6,June,16523,8564,7959,14870,18175,66367458,65189107,1178350,177166,141158,213175,SARIMA,6.78,1,official_ticket_count,forecast
Anuradhapura,2026,6,June,22189,12732,9457,19970,24407,65361176,63599713,1761463,177166,141158,213175,SARIMA,6.78,1,official_ticket_count,forecast
Mirissa,2026,6,June,10163,7980,2183,9146,11179,17690313,17476413,213899,177166,141158,213175,SARIMA,6.78,1,official_ticket_count,forecast
Jaffna,2026,6,June,16553,1080,15473,14897,18208,2020795,1253975,766820,177166,141158,213175,SARIMA,6.78,1,official_ticket_count,forecast
Trincomalee,2026,6,June,8470,2170,6300,7623,9317,12671328,11813809,857518,177166,141158,213175,SARIMA,6.78,1,official_ticket_count,forecast
Kandy,2026,6,June,56638,19675,36963,50974,62301,119301400,108212500,11088900,177166,141158,213175,SARIMA,6.78,1,sltda_district_telecom,forecast
Dambulla,2026,6,June,35936,12484,23452,32342,39529,75697600,68662000,7035600,177166,141158,213175,SARIMA,6.78,1,sltda_district_telecom,forecast
Galle Fort,2026,6,June,76858,26700,50158,69172,84543,161897400,146850000,15047400,177166,141158,213175,SARIMA,6.78,1,sltda_district_telecom,forecast
Nuwara Eliya,2026,6,June,27825,9666,18159,25042,30607,58610700,53163000,5447700,177166,141158,213175,SARIMA,6.78,1,sltda_district_telecom,forecast
Unawatuna,2026,6,June,43919,15257,28662,39527,48310,92512100,83913500,8598600,177166,141158,213175,SARIMA,6.78,1,sltda_district_telecom,forecast
Adams Peak,2026,6,June,9275,3222,6053,8347,10202,19536900,17721000,1815900,177166,141158,213175,SARIMA,6.78,1,sltda_district_telecom,forecast
Bentota,2026,6,June,32938,11442,21496,29644,36231,69379800,62931000,6448800,177166,141158,213175,SARIMA,6.78,1,sltda_district_telecom,forecast
Arugam Bay,2026,6,June,20746,7207,13539,18671,22820,43700200,39638500,4061700,177166,141158,213175,SARIMA,6.78,1,sltda_district_telecom,forecast
Colombo,2026,6,June,34467,11973,22494,31020,37913,72599700,65851500,6748200,177166,141158,213175,SARIMA,6.78,1,sltda_district_telecom,forecast
Negombo,2026,6,June,43168,14996,28172,38851,47484,90929600,82478000,8451600,177166,141158,213175,SARIMA,6.78,1,sltda_district_telecom,forecast
Ella,2026,6,June,23536,8176,15360,21182,25889,49576000,44968000,4608000,177166,141158,213175,SARIMA,6.78,1,sltda_district_telecom,forecast
Pinnawala,2026,6,June,20819,7232,13587,18737,22900,43852100,39776000,4076100,177166,141158,213175,SARIMA,6.78,1,sltda_district_telecom,forecast
Sigiriya,2026,7,July,108325,58766,49559,97492,119157,376255297,371453620,4801677,240287,201554,279021,SARIMA,6.78,1,official_ticket_count,forecast
Yala,2026,7,July,113810,62985,50825,102429,125191,421656750,414529010,7127739,240287,201554,279021,SARIMA,6.78,1,official_ticket_count,forecast
Horton Plains,2026,7,July,38177,5221,32956,34359,41994,42740976,37978127,4762848,240287,201554,279021,SARIMA,6.78,1,official_ticket_count,forecast
Polonnaruwa,2026,7,July,23515,11615,11900,21163,25866,90175124,88413298,1761825,240287,201554,279021,SARIMA,6.78,1,official_ticket_count,forecast
Anuradhapura,2026,7,July,31407,17268,14139,28266,34547,88891769,86258234,2633534,240287,201554,279021,SARIMA,6.78,1,official_ticket_count,forecast
Mirissa,2026,7,July,14088,10824,3264,12679,15496,24024670,23704849,319820,240287,201554,279021,SARIMA,6.78,1,official_ticket_count,forecast
Jaffna,2026,7,July,24599,1465,23134,22139,27058,2847483,1700994,1146488,240287,201554,279021,SARIMA,6.78,1,official_ticket_count,forecast
Trincomalee,2026,7,July,12363,2944,9419,11126,13599,17309641,16027583,1282058,240287,201554,279021,SARIMA,6.78,1,official_ticket_count,forecast
Kandy,2026,7,July,81950,26686,55264,73755,90145,163352200,146773000,16579200,240287,201554,279021,SARIMA,6.78,1,sltda_district_telecom,forecast
Dambulla,2026,7,July,51995,16931,35064,46795,57194,103639700,93120500,10519200,240287,201554,279021,SARIMA,6.78,1,sltda_district_telecom,forecast
Galle Fort,2026,7,July,111205,36212,74993,100084,122325,221663900,199166000,22497900,240287,201554,279021,SARIMA,6.78,1,sltda_district_telecom,forecast
Nuwara Eliya,2026,7,July,40261,13110,27151,36234,44287,80250300,72105000,8145300,240287,201554,279021,SARIMA,6.78,1,sltda_district_telecom,forecast
Unawatuna,2026,7,July,63545,20692,42853,57190,69899,126661900,113806000,12855900,240287,201554,279021,SARIMA,6.78,1,sltda_district_telecom,forecast
Adams Peak,2026,7,July,13420,4370,9050,12078,14762,26750000,24035000,2715000,240287,201554,279021,SARIMA,6.78,1,sltda_district_telecom,forecast
Bentota,2026,7,July,47658,15519,32139,42892,52423,94996200,85354500,9641700,240287,201554,279021,SARIMA,6.78,1,sltda_district_telecom,forecast
Arugam Bay,2026,7,July,30018,9775,20243,27016,33019,59835400,53762500,6072900,240287,201554,279021,SARIMA,6.78,1,sltda_district_telecom,forecast
Colombo,2026,7,July,49870,16239,33631,44883,54857,99403800,89314500,10089300,240287,201554,279021,SARIMA,6.78,1,sltda_district_telecom,forecast
Negombo,2026,7,July,62460,20339,42121,56214,68706,124500800,111864500,12636300,240287,201554,279021,SARIMA,6.78,1,sltda_district_telecom,forecast
Ella,2026,7,July,34054,11089,22965,30648,37459,67879000,60989500,6889500,240287,201554,279021,SARIMA,6.78,1,sltda_district_telecom,forecast
Pinnawala,2026,7,July,30123,9809,20314,27110,33135,60043700,53949500,6094200,240287,201554,279021,SARIMA,6.78,1,sltda_district_telecom,forecast
Sigiriya,2026,8,August,103836,57024,46812,93452,114219,364978149,360442624,4535525,233164,191885,274443,SARIMA,6.78,1,official_ticket_count,forecast
Yala,2026,8,August,109125,61117,48008,98212,120037,408967650,402234969,6732681,233164,191885,274443,SARIMA,6.78,1,official_ticket_count,forecast
Horton Plains,2026,8,August,36196,5066,31130,32576,39815,41349593,36850640,4498952,233164,191885,274443,SARIMA,6.78,1,official_ticket_count,forecast
Polonnaruwa,2026,8,August,22512,11271,11241,20260,24763,87459031,85794772,1664259,233164,191885,274443,SARIMA,6.78,1,official_ticket_count,forecast
Anuradhapura,2026,8,August,30112,16756,13356,27100,33123,86188352,83700659,2487692,233164,191885,274443,SARIMA,6.78,1,official_ticket_count,forecast
Mirissa,2026,8,August,13586,10503,3083,12227,14944,23303936,23001851,302085,233164,191885,274443,SARIMA,6.78,1,official_ticket_count,forecast
Jaffna,2026,8,August,23274,1422,21852,20946,25601,2734022,1651067,1082954,233164,191885,274443,SARIMA,6.78,1,official_ticket_count,forecast
Trincomalee,2026,8,August,11753,2856,8897,10577,12928,16759504,15548498,1211006,233164,191885,274443,SARIMA,6.78,1,official_ticket_count,forecast
Kandy,2026,8,August,78096,25895,52201,70286,85905,158082800,142422500,15660300,233164,191885,274443,SARIMA,6.78,1,sltda_district_telecom,forecast
Dambulla,2026,8,August,49551,16430,33121,44595,54506,100301300,90365000,9936300,233164,191885,274443,SARIMA,6.78,1,sltda_district_telecom,forecast
Galle Fort,2026,8,August,105975,35139,70836,95377,116572,214515300,193264500,21250800,233164,191885,274443,SARIMA,6.78,1,sltda_district_telecom,forecast
Nuwara Eliya,2026,8,August,38368,12722,25646,34531,42204,77664800,69971000,7693800,233164,191885,274443,SARIMA,6.78,1,sltda_district_telecom,forecast
Unawatuna,2026,8,August,60557,20079,40478,54501,66612,122577900,110434500,12143400,233164,191885,274443,SARIMA,6.78,1,sltda_district_telecom,forecast
Adams Peak,2026,8,August,12788,4240,8548,11509,14066,25884400,23320000,2564400,233164,191885,274443,SARIMA,6.78,1,sltda_district_telecom,forecast
Bentota,2026,8,August,45417,15059,30358,40875,49958,91931900,82824500,9107400,233164,191885,274443,SARIMA,6.78,1,sltda_district_telecom,forecast
Arugam Bay,2026,8,August,28606,9485,19121,25745,31466,57903800,52167500,5736300,233164,191885,274443,SARIMA,6.78,1,sltda_district_telecom,forecast
Colombo,2026,8,August,47525,15758,31767,42772,52277,96199100,86669000,9530100,233164,191885,274443,SARIMA,6.78,1,sltda_district_telecom,forecast
Negombo,2026,8,August,59523,19736,39787,53570,65475,120484100,108548000,11936100,233164,191885,274443,SARIMA,6.78,1,sltda_district_telecom,forecast
Ella,2026,8,August,32452,10760,21692,29206,35697,65687600,59180000,6507600,233164,191885,274443,SARIMA,6.78,1,sltda_district_telecom,forecast
Pinnawala,2026,8,August,28706,9518,19188,25835,31576,58105400,52349000,5756400,233164,191885,274443,SARIMA,6.78,1,sltda_district_telecom,forecast
Sigiriya,2026,9,September,84456,47464,36992,76010,92901,303598968,300014883,3584084,194075,150399,237752,SARIMA,6.78,1,official_ticket_count,forecast
Yala,2026,9,September,88808,50871,37937,79927,97688,340122337,334802021,5320315,194075,150399,237752,SARIMA,6.78,1,official_ticket_count,forecast
Horton Plains,2026,9,September,28816,4217,24599,25934,31697,34230004,30674921,3555083,194075,150399,237752,SARIMA,6.78,1,official_ticket_count,forecast
Polonnaruwa,2026,9,September,18264,9381,8883,16437,20090,72723257,71408106,1315151,194075,150399,237752,SARIMA,6.78,1,official_ticket_count,forecast
Anuradhapura,2026,9,September,24501,13947,10554,22050,26951,71634751,69668959,1965791,194075,150399,237752,SARIMA,6.78,1,official_ticket_count,forecast
Mirissa,2026,9,September,11178,8742,2436,10060,12295,19383903,19145214,238689,194075,150399,237752,SARIMA,6.78,1,official_ticket_count,forecast
Jaffna,2026,9,September,18451,1183,17268,16605,20296,2229345,1373567,855777,194075,150399,237752,SARIMA,6.78,1,official_ticket_count,forecast
Trincomalee,2026,9,September,9407,2377,7030,8466,10347,13897631,12940749,956881,194075,150399,237752,SARIMA,6.78,1,official_ticket_count,forecast
Kandy,2026,9,September,62803,21553,41250,56522,69083,130916500,118541500,12375000,194075,150399,237752,SARIMA,6.78,1,sltda_district_telecom,forecast
Dambulla,2026,9,September,39847,13675,26172,35862,43831,83064100,75212500,7851600,194075,150399,237752,SARIMA,6.78,1,sltda_district_telecom,forecast
Galle Fort,2026,9,September,85224,29248,55976,76701,93746,177656800,160864000,16792800,194075,150399,237752,SARIMA,6.78,1,sltda_district_telecom,forecast
Nuwara Eliya,2026,9,September,30855,10589,20266,27769,33940,64319300,58239500,6079800,194075,150399,237752,SARIMA,6.78,1,sltda_district_telecom,forecast
Unawatuna,2026,9,September,48699,16713,31986,43829,53568,101517300,91921500,9595800,194075,150399,237752,SARIMA,6.78,1,sltda_district_telecom,forecast
Adams Peak,2026,9,September,10284,3529,6755,9255,11312,21436000,19409500,2026500,194075,150399,237752,SARIMA,6.78,1,sltda_district_telecom,forecast
Bentota,2026,9,September,36523,12534,23989,32870,40175,76133700,68937000,7196700,194075,150399,237752,SARIMA,6.78,1,sltda_district_telecom,forecast
Arugam Bay,2026,9,September,23005,7895,15110,20704,25305,47955500,43422500,4533000,194075,150399,237752,SARIMA,6.78,1,sltda_district_telecom,forecast
Colombo,2026,9,September,38219,13116,25103,34397,42040,79668900,72138000,7530900,194075,150399,237752,SARIMA,6.78,1,sltda_district_telecom,forecast
Negombo,2026,9,September,47868,16428,31440,43081,52654,99786000,90354000,9432000,194075,150399,237752,SARIMA,6.78,1,sltda_district_telecom,forecast
Ella,2026,9,September,26097,8956,17141,23487,28706,54400300,49258000,5142300,194075,150399,237752,SARIMA,6.78,1,sltda_district_telecom,forecast
Pinnawala,2026,9,September,23084,7922,15162,20775,25392,48119600,43571000,4548600,194075,150399,237752,SARIMA,6.78,1,sltda_district_telecom,forecast
Sigiriya,2026,10,October,88420,49171,39249,79578,97262,314607409,310804648,3802760,201056,155107,247005,SARIMA,6.78,1,official_ticket_count,forecast
Yala,2026,10,October,92953,52701,40252,83657,102248,352490942,346845969,5644973,201056,155107,247005,SARIMA,6.78,1,official_ticket_count,forecast
Horton Plains,2026,10,October,30468,4368,26100,27421,33514,35545321,31773312,3772009,201056,155107,247005,SARIMA,6.78,1,official_ticket_count,forecast
Polonnaruwa,2026,10,October,19144,9719,9425,17229,21058,75376355,73980959,1395395,201056,155107,247005,SARIMA,6.78,1,official_ticket_count,forecast
Anuradhapura,2026,10,October,25646,14448,11198,23081,28210,74257330,72171587,2085743,201056,155107,247005,SARIMA,6.78,1,official_ticket_count,forecast
Mirissa,2026,10,October,11641,9056,2585,10476,12805,20086171,19832882,253289,201056,155107,247005,SARIMA,6.78,1,official_ticket_count,forecast
Jaffna,2026,10,October,19548,1226,18322,17593,21502,2331507,1423494,908012,201056,155107,247005,SARIMA,6.78,1,official_ticket_count,forecast
Trincomalee,2026,10,October,9922,2463,7459,8929,10914,14424221,13408946,1015274,201056,155107,247005,SARIMA,6.78,1,official_ticket_count,forecast
Kandy,2026,10,October,66096,22329,43767,59486,72705,135939600,122809500,13130100,201056,155107,247005,SARIMA,6.78,1,sltda_district_telecom,forecast
Dambulla,2026,10,October,41936,14167,27769,37742,46129,86249200,77918500,8330700,201056,155107,247005,SARIMA,6.78,1,sltda_district_telecom,forecast
Galle Fort,2026,10,October,89692,30300,59392,80722,98661,184467600,166650000,17817600,201056,155107,247005,SARIMA,6.78,1,sltda_district_telecom,forecast
Nuwara Eliya,2026,10,October,32472,10970,21502,29224,35719,66785600,60335000,6450600,201056,155107,247005,SARIMA,6.78,1,sltda_district_telecom,forecast
Unawatuna,2026,10,October,51252,17314,33938,46126,56377,105408400,95227000,10181400,201056,155107,247005,SARIMA,6.78,1,sltda_district_telecom,forecast
Adams Peak,2026,10,October,10823,3656,7167,9740,11905,22258100,20108000,2150100,201056,155107,247005,SARIMA,6.78,1,sltda_district_telecom,forecast
Bentota,2026,10,October,38438,12985,25453,34594,42281,79053400,71417500,7635900,201056,155107,247005,SARIMA,6.78,1,sltda_district_telecom,forecast
Arugam Bay,2026,10,October,24211,8179,16032,21789,26632,49794100,44984500,4809600,201056,155107,247005,SARIMA,6.78,1,sltda_district_telecom,forecast
Colombo,2026,10,October,40222,13588,26634,36199,44244,82724200,74734000,7990200,201056,155107,247005,SARIMA,6.78,1,sltda_district_telecom,forecast
Negombo,2026,10,October,50377,17018,33359,45339,55414,103606700,93599000,10007700,201056,155107,247005,SARIMA,6.78,1,sltda_district_telecom,forecast
Ella,2026,10,October,27466,9279,18187,24719,30212,56490600,51034500,5456100,201056,155107,247005,SARIMA,6.78,1,sltda_district_telecom,forecast
Pinnawala,2026,10,October,24295,8207,16088,21865,26724,49964900,45138500,4826400,201056,155107,247005,SARIMA,6.78,1,sltda_district_telecom,forecast
Sigiriya,2026,11,November,105989,60704,45285,95390,116587,388091089,383703511,4387577,248211,200097,296325,SARIMA,6.78,1,official_ticket_count,forecast
Yala,2026,11,November,111505,65062,46443,100354,122655,434711767,428198563,6513204,248211,200097,296325,SARIMA,6.78,1,official_ticket_count,forecast
Horton Plains,2026,11,November,35507,5393,30114,31956,39057,43581393,39229274,4352118,248211,200097,296325,SARIMA,6.78,1,official_ticket_count,forecast
Polonnaruwa,2026,11,November,22872,11998,10874,20584,25159,92938615,91328691,1609923,248211,200097,296325,SARIMA,6.78,1,official_ticket_count,forecast
Anuradhapura,2026,11,November,30757,17837,12920,27681,33832,91507023,89100540,2406483,248211,200097,296325,SARIMA,6.78,1,official_ticket_count,forecast
Mirissa,2026,11,November,14163,11181,2982,12746,15579,24778878,24486689,292188,248211,200097,296325,SARIMA,6.78,1,official_ticket_count,forecast
Jaffna,2026,11,November,22652,1513,21139,20386,24917,2804346,1756726,1047619,248211,200097,296325,SARIMA,6.78,1,official_ticket_count,forecast
Trincomalee,2026,11,November,11648,3041,8607,10483,12812,17727199,16555666,1171533,248211,200097,296325,SARIMA,6.78,1,official_ticket_count,forecast
Kandy,2026,11,November,78065,27566,50499,70258,85871,166762700,151613000,15149700,248211,200097,296325,SARIMA,6.78,1,sltda_district_telecom,forecast
Dambulla,2026,11,November,49530,17490,32040,44577,54483,105807000,96195000,9612000,248211,200097,296325,SARIMA,6.78,1,sltda_district_telecom,forecast
Galle Fort,2026,11,November,105932,37406,68526,95338,116525,226290800,205733000,20557800,248211,200097,296325,SARIMA,6.78,1,sltda_district_telecom,forecast
Nuwara Eliya,2026,11,November,38352,13543,24809,34516,42187,81929200,74486500,7442700,248211,200097,296325,SARIMA,6.78,1,sltda_district_telecom,forecast
Unawatuna,2026,11,November,60532,21375,39157,54478,66585,129309600,117562500,11747100,248211,200097,296325,SARIMA,6.78,1,sltda_district_telecom,forecast
Adams Peak,2026,11,November,12783,4514,8269,11504,14061,27307700,24827000,2480700,248211,200097,296325,SARIMA,6.78,1,sltda_district_telecom,forecast
Bentota,2026,11,November,45399,16031,29368,40859,49938,96980900,88170500,8810400,248211,200097,296325,SARIMA,6.78,1,sltda_district_telecom,forecast
Arugam Bay,2026,11,November,28595,10097,18498,25735,31454,61082900,55533500,5549400,248211,200097,296325,SARIMA,6.78,1,sltda_district_telecom,forecast
Colombo,2026,11,November,47506,16775,30731,42755,52256,101481800,92262500,9219300,248211,200097,296325,SARIMA,6.78,1,sltda_district_telecom,forecast
Negombo,2026,11,November,59499,21010,38489,53549,65448,127101700,115555000,11546700,248211,200097,296325,SARIMA,6.78,1,sltda_district_telecom,forecast
Ella,2026,11,November,32440,11455,20985,29196,35684,69298000,63002500,6295500,248211,200097,296325,SARIMA,6.78,1,sltda_district_telecom,forecast
Pinnawala,2026,11,November,28694,10132,18562,25824,31563,61294600,55726000,5568600,248211,200097,296325,SARIMA,6.78,1,sltda_district_telecom,forecast
Sigiriya,2026,12,December,136885,76594,60291,123196,150573,489983988,484142507,5841480,313186,263000,363372,SARIMA,6.78,1,official_ticket_count,forecast
Yala,2026,12,December,143925,82093,61832,129532,158317,548957630,540286259,8671370,313186,263000,363372,SARIMA,6.78,1,official_ticket_count,forecast
Horton Plains,2026,12,December,46898,6805,40093,42208,51587,55294616,49500317,5794298,313186,263000,363372,SARIMA,6.78,1,official_ticket_count,forecast
Polonnaruwa,2026,12,December,29616,15139,14477,26654,32577,117381318,115237961,2143357,313186,263000,363372,SARIMA,6.78,1,official_ticket_count,forecast
Anuradhapura,2026,12,December,39708,22507,17201,35737,43678,115632291,112428427,3203863,313186,263000,363372,SARIMA,6.78,1,official_ticket_count,forecast
Mirissa,2026,12,December,18078,14107,3971,16270,19885,31283803,30894707,389095,313186,263000,363372,SARIMA,6.78,1,official_ticket_count,forecast
Jaffna,2026,12,December,30054,1910,28144,27048,33059,3612456,2217679,1394777,313186,263000,363372,SARIMA,6.78,1,official_ticket_count,forecast
Trincomalee,2026,12,December,15296,3837,11459,13766,16825,22448942,20889211,1559730,313186,263000,363372,SARIMA,6.78,1,official_ticket_count,forecast
Kandy,2026,12,December,102013,34782,67231,91811,112214,211470300,191301000,20169300,313186,263000,363372,SARIMA,6.78,1,sltda_district_telecom,forecast
Dambulla,2026,12,December,64725,22068,42657,58252,71197,134171100,121374000,12797100,313186,263000,363372,SARIMA,6.78,1,sltda_district_telecom,forecast
Galle Fort,2026,12,December,138430,47198,91232,124587,152273,286958600,259589000,27369600,313186,263000,363372,SARIMA,6.78,1,sltda_district_telecom,forecast
Nuwara Eliya,2026,12,December,50118,17088,33030,45106,55129,103893000,93984000,9909000,313186,263000,363372,SARIMA,6.78,1,sltda_district_telecom,forecast
Unawatuna,2026,12,December,79102,26970,52132,71191,87012,163974600,148335000,15639600,313186,263000,363372,SARIMA,6.78,1,sltda_district_telecom,forecast
Adams Peak,2026,12,December,16706,5696,11010,15035,18376,34631000,31328000,3303000,313186,263000,363372,SARIMA,6.78,1,sltda_district_telecom,forecast
Bentota,2026,12,December,59327,20228,39099,53394,65259,122983700,111254000,11729700,313186,263000,363372,SARIMA,6.78,1,sltda_district_telecom,forecast
Arugam Bay,2026,12,December,37367,12740,24627,33630,41103,77458100,70070000,7388100,313186,263000,363372,SARIMA,6.78,1,sltda_district_telecom,forecast
Colombo,2026,12,December,62080,21166,40914,55872,68288,128687200,116413000,12274200,313186,263000,363372,SARIMA,6.78,1,sltda_district_telecom,forecast
Negombo,2026,12,December,77753,26510,51243,69977,85528,161177900,145805000,15372900,313186,263000,363372,SARIMA,6.78,1,sltda_district_telecom,forecast
Ella,2026,12,December,42392,14454,27938,38152,46631,87878400,79497000,8381400,313186,263000,363372,SARIMA,6.78,1,sltda_district_telecom,forecast
Pinnawala,2026,12,December,37498,12785,24713,33748,41247,77731400,70317500,7413900,313186,263000,363372,SARIMA,6.78,1,sltda_district_telecom,forecast
Sigiriya,2027,1,January,127966,76832,51134,108771,147160,490601156,485646880,4954275,314158,257450,370867,SARIMA,6.78,2,official_ticket_count,forecast
Yala,2027,1,January,134789,82348,52441,114570,155007,549318883,541964515,7354368,314158,257450,370867,SARIMA,6.78,2,official_ticket_count,forecast
Horton Plains,2027,1,January,40830,6826,34004,34705,46954,54567381,49653074,4914307,314158,257450,370867,SARIMA,6.78,2,official_ticket_count,forecast
Polonnaruwa,2027,1,January,27465,15186,12279,23345,31584,117413662,115595725,1817937,314158,257450,370867,SARIMA,6.78,2,official_ticket_count,forecast
Anuradhapura,2027,1,January,37165,22576,14589,31590,42739,115490452,112773101,2717351,314158,257450,370867,SARIMA,6.78,2,official_ticket_count,forecast
Mirissa,2027,1,January,17519,14151,3368,14891,20146,31321079,30991068,330010,314158,257450,370867,SARIMA,6.78,2,official_ticket_count,forecast
Jaffna,2027,1,January,25786,1916,23870,21918,29653,3407609,2224645,1182963,314158,257450,370867,SARIMA,6.78,2,official_ticket_count,forecast
Trincomalee,2027,1,January,13567,3849,9718,11531,15602,22277297,20954541,1322756,314158,257450,370867,SARIMA,6.78,2,official_ticket_count,forecast
Kandy,2027,1,January,91911,34890,57021,78124,105697,209001300,191895000,17106300,314158,257450,370867,SARIMA,6.78,2,sltda_district_telecom,forecast
Dambulla,2027,1,January,58316,22137,36179,49568,67063,132607200,121753500,10853700,314158,257450,370867,SARIMA,6.78,2,sltda_district_telecom,forecast
Galle Fort,2027,1,January,124722,47345,77377,106013,143430,283610600,260397500,23213100,314158,257450,370867,SARIMA,6.78,2,sltda_district_telecom,forecast
Nuwara Eliya,2027,1,January,45155,17141,28014,38381,51928,102679700,94275500,8404200,314158,257450,370867,SARIMA,6.78,2,sltda_district_telecom,forecast
Unawatuna,2027,1,January,71269,27054,44215,60578,81959,162061500,148797000,13264500,314158,257450,370867,SARIMA,6.78,2,sltda_district_telecom,forecast
Adams Peak,2027,1,January,15051,5713,9338,12793,17308,34222900,31421500,2801400,314158,257450,370867,SARIMA,6.78,2,sltda_district_telecom,forecast
Bentota,2027,1,January,53451,20290,33161,45433,61468,121543300,111595000,9948300,314158,257450,370867,SARIMA,6.78,2,sltda_district_telecom,forecast
Arugam Bay,2027,1,January,33667,12780,20887,28616,38717,76556100,70290000,6266100,314158,257450,370867,SARIMA,6.78,2,sltda_district_telecom,forecast
Colombo,2027,1,January,55932,21232,34700,47542,64321,127186000,116776000,10410000,314158,257450,370867,SARIMA,6.78,2,sltda_district_telecom,forecast
Negombo,2027,1,January,70052,26592,43460,59544,80559,159294000,146256000,13038000,314158,257450,370867,SARIMA,6.78,2,sltda_district_telecom,forecast
Ella,2027,1,January,38193,14498,23695,32464,43921,86847500,79739000,7108500,314158,257450,370867,SARIMA,6.78,2,sltda_district_telecom,forecast
Pinnawala,2027,1,January,33783,12824,20959,28715,38850,76819700,70532000,6287700,314158,257450,370867,SARIMA,6.78,2,sltda_district_telecom,forecast
Sigiriya,2027,2,February,125670,75252,50418,106819,144520,480544773,475659868,4884904,307696,246152,369240,SARIMA,6.78,2,official_ticket_count,forecast
Yala,2027,2,February,132360,80654,51706,112506,152214,538066927,530815636,7251291,307696,246152,369240,SARIMA,6.78,2,official_ticket_count,forecast
Horton Plains,2027,2,February,40213,6685,33528,34181,46244,53472939,48627424,4845515,307696,246152,369240,SARIMA,6.78,2,official_ticket_count,forecast
Polonnaruwa,2027,2,February,26981,14874,12107,22933,31028,115013256,113220783,1792472,307696,246152,369240,SARIMA,6.78,2,official_ticket_count,forecast
Anuradhapura,2027,2,February,36496,22112,14384,31021,41970,113134466,110455298,2679168,307696,246152,369240,SARIMA,6.78,2,official_ticket_count,forecast
Mirissa,2027,2,February,17180,13860,3320,14603,19757,30679078,30353771,325307,307696,246152,369240,SARIMA,6.78,2,official_ticket_count,forecast
Jaffna,2027,2,February,25411,1876,23535,21599,29222,3344563,2178202,1166361,307696,246152,369240,SARIMA,6.78,2,official_ticket_count,forecast
Trincomalee,2027,2,February,13352,3770,9582,11349,15354,21828697,20524453,1304244,307696,246152,369240,SARIMA,6.78,2,official_ticket_count,forecast
Kandy,2027,2,February,90394,34172,56222,76834,103953,204812600,187946000,16866600,307696,246152,369240,SARIMA,6.78,2,sltda_district_telecom,forecast
Dambulla,2027,2,February,57353,21681,35672,48750,65955,129947100,119245500,10701600,307696,246152,369240,SARIMA,6.78,2,sltda_district_telecom,forecast
Galle Fort,2027,2,February,122663,46371,76292,104263,141062,277928100,255040500,22887600,307696,246152,369240,SARIMA,6.78,2,sltda_district_telecom,forecast
Nuwara Eliya,2027,2,February,44409,16788,27621,37747,51070,100620300,92334000,8286300,307696,246152,369240,SARIMA,6.78,2,sltda_district_telecom,forecast
Unawatuna,2027,2,February,70093,26498,43595,59579,80606,158817500,145739000,13078500,307696,246152,369240,SARIMA,6.78,2,sltda_district_telecom,forecast
Adams Peak,2027,2,February,14803,5596,9207,12582,17023,33540100,30778000,2762100,307696,246152,369240,SARIMA,6.78,2,sltda_district_telecom,forecast
Bentota,2027,2,February,52569,19873,32696,44683,60454,119110300,109301500,9808800,307696,246152,369240,SARIMA,6.78,2,sltda_district_telecom,forecast
Arugam Bay,2027,2,February,33111,12517,20594,28144,38077,75021700,68843500,6178200,307696,246152,369240,SARIMA,6.78,2,sltda_district_telecom,forecast
Colombo,2027,2,February,55009,20795,34214,46757,63260,124636700,114372500,10264200,307696,246152,369240,SARIMA,6.78,2,sltda_district_telecom,forecast
Negombo,2027,2,February,68896,26045,42851,58561,79230,156102800,143247500,12855300,307696,246152,369240,SARIMA,6.78,2,sltda_district_telecom,forecast
Ella,2027,2,February,37563,14200,23363,31928,43197,85108900,78100000,7008900,307696,246152,369240,SARIMA,6.78,2,sltda_district_telecom,forecast
Pinnawala,2027,2,February,33227,12561,20666,28242,38211,75285300,69085500,6199800,307696,246152,369240,SARIMA,6.78,2,sltda_district_telecom,forecast
Sigiriya,2027,3,March,122676,73166,49510,104274,141077,467271415,462474485,4796929,299167,232987,365347,SARIMA,6.78,2,official_ticket_count,forecast
Yala,2027,3,March,129193,78418,50775,109814,148571,523220369,516099642,7120727,299167,232987,365347,SARIMA,6.78,2,official_ticket_count,forecast
Horton Plains,2027,3,March,39424,6500,32924,33510,45337,52039938,47281714,4758224,299167,232987,365347,SARIMA,6.78,2,official_ticket_count,forecast
Polonnaruwa,2027,3,March,26351,14462,11889,22398,30303,111844839,110084642,1760197,299167,232987,365347,SARIMA,6.78,2,official_ticket_count,forecast
Anuradhapura,2027,3,March,35624,21499,14125,30280,40967,110024127,107393200,2630927,299167,232987,365347,SARIMA,6.78,2,official_ticket_count,forecast
Mirissa,2027,3,March,16737,13476,3261,14226,19247,29832327,29512800,319526,299167,232987,365347,SARIMA,6.78,2,official_ticket_count,forecast
Jaffna,2027,3,March,24935,1824,23111,21194,28675,3263174,2117825,1145348,299167,232987,365347,SARIMA,6.78,2,official_ticket_count,forecast
Trincomalee,2027,3,March,13075,3665,9410,11113,15036,21233650,19952817,1280833,299167,232987,365347,SARIMA,6.78,2,official_ticket_count,forecast
Kandy,2027,3,March,88434,33225,55209,75168,101699,199300200,182737500,16562700,299167,232987,365347,SARIMA,6.78,2,sltda_district_telecom,forecast
Dambulla,2027,3,March,56109,21080,35029,47692,64525,126448700,115940000,10508700,299167,232987,365347,SARIMA,6.78,2,sltda_district_telecom,forecast
Galle Fort,2027,3,March,120004,45086,74918,102003,138004,270448400,247973000,22475400,299167,232987,365347,SARIMA,6.78,2,sltda_district_telecom,forecast
Nuwara Eliya,2027,3,March,43447,16323,27124,36929,49964,97913700,89776500,8137200,299167,232987,365347,SARIMA,6.78,2,sltda_district_telecom,forecast
Unawatuna,2027,3,March,68573,25763,42810,58287,78858,154539500,141696500,12843000,299167,232987,365347,SARIMA,6.78,2,sltda_district_telecom,forecast
Adams Peak,2027,3,March,14482,5441,9041,12309,16654,32637800,29925500,2712300,299167,232987,365347,SARIMA,6.78,2,sltda_district_telecom,forecast
Bentota,2027,3,March,51429,19322,32107,43714,59143,115903100,106271000,9632100,299167,232987,365347,SARIMA,6.78,2,sltda_district_telecom,forecast
Arugam Bay,2027,3,March,32393,12170,20223,27534,37251,73001900,66935000,6066900,299167,232987,365347,SARIMA,6.78,2,sltda_district_telecom,forecast
Colombo,2027,3,March,53816,20219,33597,45743,61888,121283600,111204500,10079100,299167,232987,365347,SARIMA,6.78,2,sltda_district_telecom,forecast
Negombo,2027,3,March,67402,25323,42079,57291,77512,151900200,139276500,12623700,299167,232987,365347,SARIMA,6.78,2,sltda_district_telecom,forecast
Ella,2027,3,March,36749,13807,22942,31236,42261,82821100,75938500,6882600,299167,232987,365347,SARIMA,6.78,2,sltda_district_telecom,forecast
Pinnawala,2027,3,March,32505,12212,20293,27629,37380,73253900,67166000,6087900,299167,232987,365347,SARIMA,6.78,2,sltda_district_telecom,forecast
Sigiriya,2027,4,April,98723,60101,38622,83914,113531,383634025,379892013,3742012,245745,175234,316257,SARIMA,6.78,2,official_ticket_count,forecast
Yala,2027,4,April,104025,64415,39610,88421,119628,429495340,423940402,5554938,245745,175234,316257,SARIMA,6.78,2,official_ticket_count,forecast
Horton Plains,2027,4,April,31023,5339,25684,26369,35676,42548361,38836472,3711888,245745,175234,316257,SARIMA,6.78,2,official_ticket_count,forecast
Polonnaruwa,2027,4,April,21153,11879,9274,17980,24325,91795904,90422864,1373039,245745,175234,316257,SARIMA,6.78,2,official_ticket_count,forecast
Anuradhapura,2027,4,April,28679,17660,11019,24377,32980,90268781,88216378,2052402,245745,175234,316257,SARIMA,6.78,2,official_ticket_count,forecast
Mirissa,2027,4,April,13613,11069,2544,11571,15654,24490678,24241406,249271,245745,175234,316257,SARIMA,6.78,2,official_ticket_count,forecast
Jaffna,2027,4,April,19527,1498,18029,16597,22456,2632802,1739310,893491,245745,175234,316257,SARIMA,6.78,2,official_ticket_count,forecast
Trincomalee,2027,4,April,10351,3011,7340,8798,11903,17391418,16392341,999076,245745,175234,316257,SARIMA,6.78,2,official_ticket_count,forecast
Kandy,2027,4,April,70361,27292,43069,59806,80915,163026700,150106000,12920700,245745,175234,316257,SARIMA,6.78,2,sltda_district_telecom,forecast
Dambulla,2027,4,April,44642,17316,27326,37945,51338,103435800,95238000,8197800,245745,175234,316257,SARIMA,6.78,2,sltda_district_telecom,forecast
Galle Fort,2027,4,April,95479,37035,58444,81157,109800,221225700,203692500,17533200,245745,175234,316257,SARIMA,6.78,2,sltda_district_telecom,forecast
Nuwara Eliya,2027,4,April,34567,13408,21159,29381,39752,80091700,73744000,6347700,245745,175234,316257,SARIMA,6.78,2,sltda_district_telecom,forecast
Unawatuna,2027,4,April,54559,21163,33396,46375,62742,126415300,116396500,10018800,245745,175234,316257,SARIMA,6.78,2,sltda_district_telecom,forecast
Adams Peak,2027,4,April,11522,4469,7053,9793,13250,26695400,24579500,2115900,245745,175234,316257,SARIMA,6.78,2,sltda_district_telecom,forecast
Bentota,2027,4,April,40919,15872,25047,34781,47056,94810100,87296000,7514100,245745,175234,316257,SARIMA,6.78,2,sltda_district_telecom,forecast
Arugam Bay,2027,4,April,25773,9997,15776,21907,29638,59716300,54983500,4732800,245745,175234,316257,SARIMA,6.78,2,sltda_district_telecom,forecast
Colombo,2027,4,April,42817,16608,26209,36394,49239,99206700,91344000,7862700,245745,175234,316257,SARIMA,6.78,2,sltda_district_telecom,forecast
Negombo,2027,4,April,53627,20801,32826,45582,61671,124253300,114405500,9847800,245745,175234,316257,SARIMA,6.78,2,sltda_district_telecom,forecast
Ella,2027,4,April,29238,11341,17897,24852,33623,67744600,62375500,5369100,245745,175234,316257,SARIMA,6.78,2,sltda_district_telecom,forecast
Pinnawala,2027,4,April,25863,10032,15831,21983,29742,59925300,55176000,4749300,245745,175234,316257,SARIMA,6.78,2,sltda_district_telecom,forecast
Sigiriya,2027,5,May,82367,50468,31899,70011,94722,322093480,319002847,3090633,206357,131765,280948,SARIMA,6.78,2,official_ticket_count,forecast
Yala,2027,5,May,86805,54091,32714,73784,99825,360581943,355994105,4587838,206357,131765,280948,SARIMA,6.78,2,official_ticket_count,forecast
Horton Plains,2027,5,May,25695,4483,21212,21840,29549,35675423,32609834,3065588,206357,131765,280948,SARIMA,6.78,2,official_ticket_count,forecast
Polonnaruwa,2027,5,May,17635,9975,7660,14989,20280,77063712,75929629,1134082,206357,131765,280948,SARIMA,6.78,2,official_ticket_count,forecast
Anuradhapura,2027,5,May,23930,14829,9101,20340,27519,75769938,74074783,1695155,206357,131765,280948,SARIMA,6.78,2,official_ticket_count,forecast
Mirissa,2027,5,May,11396,9295,2101,9686,13105,20562163,20356298,205864,206357,131765,280948,SARIMA,6.78,2,official_ticket_count,forecast
Jaffna,2027,5,May,16148,1258,14890,13725,18570,2198576,1460649,737927,206357,131765,280948,SARIMA,6.78,2,official_ticket_count,forecast
Trincomalee,2027,5,May,8590,2528,6062,7301,9878,14587939,13762816,825123,206357,131765,280948,SARIMA,6.78,2,official_ticket_count,forecast
Kandy,2027,5,May,58488,22917,35571,49714,67261,136714800,126043500,10671300,206357,131765,280948,SARIMA,6.78,2,sltda_district_telecom,forecast
Dambulla,2027,5,May,37110,14541,22569,31543,42676,86746200,79975500,6770700,206357,131765,280948,SARIMA,6.78,2,sltda_district_telecom,forecast
Galle Fort,2027,5,May,79368,31099,48269,67462,91273,185525200,171044500,14480700,206357,131765,280948,SARIMA,6.78,2,sltda_district_telecom,forecast
Nuwara Eliya,2027,5,May,28735,11259,17476,24424,33045,67167300,61924500,5242800,206357,131765,280948,SARIMA,6.78,2,sltda_district_telecom,forecast
Unawatuna,2027,5,May,45352,17770,27582,38549,52154,106009600,97735000,8274600,206357,131765,280948,SARIMA,6.78,2,sltda_district_telecom,forecast
Adams Peak,2027,5,May,9578,3753,5825,8141,11014,22389000,20641500,1747500,206357,131765,280948,SARIMA,6.78,2,sltda_district_telecom,forecast
Bentota,2027,5,May,34015,13328,20687,28912,39117,79510100,73304000,6206100,206357,131765,280948,SARIMA,6.78,2,sltda_district_telecom,forecast
Arugam Bay,2027,5,May,21424,8394,13030,18210,24637,50076000,46167000,3909000,206357,131765,280948,SARIMA,6.78,2,sltda_district_telecom,forecast
Colombo,2027,5,May,35593,13946,21647,30254,40931,83197100,76703000,6494100,206357,131765,280948,SARIMA,6.78,2,sltda_district_telecom,forecast
Negombo,2027,5,May,44579,17467,27112,37892,51265,104202100,96068500,8133600,206357,131765,280948,SARIMA,6.78,2,sltda_district_telecom,forecast
Ella,2027,5,May,24304,9523,14781,20658,27949,56810800,52376500,4434300,206357,131765,280948,SARIMA,6.78,2,sltda_district_telecom,forecast
Pinnawala,2027,5,May,21499,8424,13075,18274,24723,50254500,46332000,3922500,206357,131765,280948,SARIMA,6.78,2,sltda_district_telecom,forecast
Sigiriya,2027,6,June,86222,51749,34473,73288,99155,330439935,327099911,3340023,211598,133138,290057,SARIMA,6.78,2,official_ticket_count,forecast
Yala,2027,6,June,90818,55464,35354,77195,104440,369988431,365030357,4958073,211598,133138,290057,SARIMA,6.78,2,official_ticket_count,forecast
Horton Plains,2027,6,June,27521,4597,22924,23392,31649,36752092,33439083,3313009,211598,133138,290057,SARIMA,6.78,2,official_ticket_count,forecast
Polonnaruwa,2027,6,June,18506,10228,8278,15730,21281,79081043,77855464,1225579,211598,133138,290057,SARIMA,6.78,2,official_ticket_count,forecast
Anuradhapura,2027,6,June,25041,15206,9835,21284,28797,77789868,75957998,1831870,211598,133138,290057,SARIMA,6.78,2,official_ticket_count,forecast
Mirissa,2027,6,June,11801,9531,2270,10030,13571,21095569,20873145,222424,211598,133138,290057,SARIMA,6.78,2,official_ticket_count,forecast
Jaffna,2027,6,June,17382,1290,16092,14774,19989,2295301,1497804,797496,211598,133138,290057,SARIMA,6.78,2,official_ticket_count,forecast
Trincomalee,2027,6,June,9144,2592,6552,7772,10515,15003061,14111242,891819,211598,133138,290057,SARIMA,6.78,2,official_ticket_count,forecast
Kandy,2027,6,June,61940,23499,38441,52649,71231,140776800,129244500,11532300,211598,133138,290057,SARIMA,6.78,2,sltda_district_telecom,forecast
Dambulla,2027,6,June,39300,14910,24390,33405,45195,89322000,82005000,7317000,211598,133138,290057,SARIMA,6.78,2,sltda_district_telecom,forecast
Galle Fort,2027,6,June,84054,31889,52165,71445,96662,191039000,175389500,15649500,211598,133138,290057,SARIMA,6.78,2,sltda_district_telecom,forecast
Nuwara Eliya,2027,6,June,30431,11545,18886,25866,34995,69163300,63497500,5665800,211598,133138,290057,SARIMA,6.78,2,sltda_district_telecom,forecast
Unawatuna,2027,6,June,48030,18222,29808,40825,55234,109163400,100221000,8942400,211598,133138,290057,SARIMA,6.78,2,sltda_district_telecom,forecast
Adams Peak,2027,6,June,10143,3848,6295,8621,11664,23052500,21164000,1888500,211598,133138,290057,SARIMA,6.78,2,sltda_district_telecom,forecast
Bentota,2027,6,June,36022,13666,22356,30618,41425,81869800,75163000,6706800,211598,133138,290057,SARIMA,6.78,2,sltda_district_telecom,forecast
Arugam Bay,2027,6,June,22689,8608,14081,19285,26092,51568300,47344000,4224300,211598,133138,290057,SARIMA,6.78,2,sltda_district_telecom,forecast
Colombo,2027,6,June,37693,14300,23393,32039,43346,85667900,78650000,7017900,211598,133138,290057,SARIMA,6.78,2,sltda_district_telecom,forecast
Negombo,2027,6,June,47210,17911,29299,40128,54291,107300200,98510500,8789700,211598,133138,290057,SARIMA,6.78,2,sltda_district_telecom,forecast
Ella,2027,6,June,25739,9765,15974,21878,29599,58499700,53707500,4792200,211598,133138,290057,SARIMA,6.78,2,sltda_district_telecom,forecast
Pinnawala,2027,6,June,22768,8638,14130,19352,26183,51748000,47509000,4239000,211598,133138,290057,SARIMA,6.78,2,sltda_district_telecom,forecast
Sigiriya,2027,7,July,118728,67187,51541,100918,136537,429675573,424681863,4993709,274719,192573,356865,SARIMA,6.78,2,official_ticket_count,forecast
Yala,2027,7,July,124869,72010,52859,106138,143599,481339067,473926078,7412989,274719,192573,356865,SARIMA,6.78,2,official_ticket_count,forecast
Horton Plains,2027,7,July,40244,5969,34275,34207,46280,48372634,43419161,4953472,274719,192573,356865,SARIMA,6.78,2,official_ticket_count,forecast
Polonnaruwa,2027,7,July,25656,13280,12376,21807,29504,102919565,101087266,1832298,274719,192573,356865,SARIMA,6.78,2,official_ticket_count,forecast
Anuradhapura,2027,7,July,34447,19742,14705,29279,39614,101355478,98616520,2738958,274719,192573,356865,SARIMA,6.78,2,official_ticket_count,forecast
Mirissa,2027,7,July,15769,12375,3394,13403,18134,27434139,27101581,332558,274719,192573,356865,SARIMA,6.78,2,official_ticket_count,forecast
Jaffna,2027,7,July,25735,1675,24060,21874,29595,3137203,1944823,1192379,274719,192573,356865,SARIMA,6.78,2,official_ticket_count,forecast
Trincomalee,2027,7,July,13162,3366,9796,11187,15136,19658388,18325015,1333373,274719,192573,356865,SARIMA,6.78,2,official_ticket_count,forecast
Kandy,2027,7,July,87985,30510,57475,74787,101182,185047500,167805000,17242500,274719,192573,356865,SARIMA,6.78,2,sltda_district_telecom,forecast
Dambulla,2027,7,July,55825,19358,36467,47451,64198,117409100,106469000,10940100,274719,192573,356865,SARIMA,6.78,2,sltda_district_telecom,forecast
Galle Fort,2027,7,July,119393,41401,77992,101484,137301,251103100,227705500,23397600,274719,192573,356865,SARIMA,6.78,2,sltda_district_telecom,forecast
Nuwara Eliya,2027,7,July,43226,14989,28237,36742,49709,90910600,82439500,8471100,274719,192573,356865,SARIMA,6.78,2,sltda_district_telecom,forecast
Unawatuna,2027,7,July,68225,23658,44567,57991,78458,143489100,130119000,13370100,274719,192573,356865,SARIMA,6.78,2,sltda_district_telecom,forecast
Adams Peak,2027,7,July,14408,4996,9412,12246,16569,30301600,27478000,2823600,274719,192573,356865,SARIMA,6.78,2,sltda_district_telecom,forecast
Bentota,2027,7,July,51168,17743,33425,43492,58843,107614000,97586500,10027500,274719,192573,356865,SARIMA,6.78,2,sltda_district_telecom,forecast
Arugam Bay,2027,7,July,32229,11176,21053,27394,37063,67783900,61468000,6315900,274719,192573,356865,SARIMA,6.78,2,sltda_district_telecom,forecast
Colombo,2027,7,July,53543,18567,34976,45511,61574,112611300,102118500,10492800,274719,192573,356865,SARIMA,6.78,2,sltda_district_telecom,forecast
Negombo,2027,7,July,67060,23254,43806,57001,77119,141038800,127897000,13141800,274719,192573,356865,SARIMA,6.78,2,sltda_district_telecom,forecast
Ella,2027,7,July,36562,12678,23884,31077,42046,76894200,69729000,7165200,274719,192573,356865,SARIMA,6.78,2,sltda_district_telecom,forecast
Pinnawala,2027,7,July,32340,11214,21126,27489,37191,68014800,61677000,6337800,274719,192573,356865,SARIMA,6.78,2,sltda_district_telecom,forecast
Sigiriya,2027,8,August,114129,65445,48684,97009,131248,418387767,413670867,4716900,267595,181922,353269,SARIMA,6.78,2,official_ticket_count,forecast
Yala,2027,8,August,120072,70143,49929,102061,138082,468640702,461638618,7002083,267595,181922,353269,SARIMA,6.78,2,official_ticket_count,forecast
Horton Plains,2027,8,August,38189,5814,32375,32460,43917,46970556,42291674,4678881,267595,181922,353269,SARIMA,6.78,2,official_ticket_count,forecast
Polonnaruwa,2027,8,August,24625,12935,11690,20931,28318,100191863,98461129,1730734,267595,181922,353269,SARIMA,6.78,2,official_ticket_count,forecast
Anuradhapura,2027,8,August,33120,19230,13890,28152,38088,98646100,96058944,2587155,267595,181922,353269,SARIMA,6.78,2,official_ticket_count,forecast
Mirissa,2027,8,August,15260,12054,3206,12971,17549,26712720,26398582,314137,267595,181922,353269,SARIMA,6.78,2,official_ticket_count,forecast
Jaffna,2027,8,August,24358,1632,22726,20704,28011,3021165,1894896,1126268,267595,181922,353269,SARIMA,6.78,2,official_ticket_count,forecast
Trincomalee,2027,8,August,12531,3278,9253,10651,14410,19105393,17845930,1259463,267595,181922,353269,SARIMA,6.78,2,official_ticket_count,forecast
Kandy,2027,8,August,84007,29718,54289,71405,96608,179735700,163449000,16286700,267595,181922,353269,SARIMA,6.78,2,sltda_district_telecom,forecast
Dambulla,2027,8,August,53301,18856,34445,45305,61296,114041500,103708000,10333500,267595,181922,353269,SARIMA,6.78,2,sltda_district_telecom,forecast
Galle Fort,2027,8,August,113998,40328,73670,96898,131097,243905000,221804000,22101000,267595,181922,353269,SARIMA,6.78,2,sltda_district_telecom,forecast
Nuwara Eliya,2027,8,August,41272,14600,26672,35081,47462,88301600,80300000,8001600,267595,181922,353269,SARIMA,6.78,2,sltda_district_telecom,forecast
Unawatuna,2027,8,August,65141,23044,42097,55369,74912,139371100,126742000,12629100,267595,181922,353269,SARIMA,6.78,2,sltda_district_telecom,forecast
Adams Peak,2027,8,August,13756,4866,8890,11692,15819,29430000,26763000,2667000,267595,181922,353269,SARIMA,6.78,2,sltda_district_telecom,forecast
Bentota,2027,8,August,48855,17283,31572,41526,56183,104528100,95056500,9471600,267595,181922,353269,SARIMA,6.78,2,sltda_district_telecom,forecast
Arugam Bay,2027,8,August,30772,10886,19886,26156,35387,65838800,59873000,5965800,267595,181922,353269,SARIMA,6.78,2,sltda_district_telecom,forecast
Colombo,2027,8,August,51123,18085,33038,43454,58791,109378900,99467500,9911400,267595,181922,353269,SARIMA,6.78,2,sltda_district_telecom,forecast
Negombo,2027,8,August,64029,22651,41378,54424,73633,136993900,124580500,12413400,267595,181922,353269,SARIMA,6.78,2,sltda_district_telecom,forecast
Ella,2027,8,August,34909,12349,22560,29672,40145,74687500,67919500,6768000,267595,181922,353269,SARIMA,6.78,2,sltda_district_telecom,forecast
Pinnawala,2027,8,August,30879,10924,19955,26247,35510,66068500,60082000,5986500,267595,181922,353269,SARIMA,6.78,2,sltda_district_telecom,forecast
Sigiriya,2027,9,September,94356,55885,38471,80202,108509,356970508,353243126,3727382,228507,139445,317568,SARIMA,6.78,2,official_ticket_count,forecast
Yala,2027,9,September,99352,59897,39455,84449,114254,399738871,394205670,5533201,228507,139445,317568,SARIMA,6.78,2,official_ticket_count,forecast
Horton Plains,2027,9,September,30548,4965,25583,25965,35130,39813247,36115955,3697292,228507,139445,317568,SARIMA,6.78,2,official_ticket_count,forecast
Polonnaruwa,2027,9,September,20284,11046,9238,17241,23326,85449784,84082074,1367709,228507,139445,317568,SARIMA,6.78,2,official_ticket_count,forecast
Anuradhapura,2027,9,September,27397,16421,10976,23287,31506,84071638,82027245,2044393,228507,139445,317568,SARIMA,6.78,2,official_ticket_count,forecast
Mirissa,2027,9,September,12827,10293,2534,10902,14751,22790237,22541945,248292,228507,139445,317568,SARIMA,6.78,2,official_ticket_count,forecast
Jaffna,2027,9,September,19352,1393,17959,16449,22254,2507419,1617396,890022,228507,139445,317568,SARIMA,6.78,2,official_ticket_count,forecast
Trincomalee,2027,9,September,10111,2799,7312,8594,11627,16233447,15238181,995265,228507,139445,317568,SARIMA,6.78,2,official_ticket_count,forecast
Kandy,2027,9,September,68277,25377,42900,58035,78518,152443500,139573500,12870000,228507,139445,317568,SARIMA,6.78,2,sltda_district_telecom,forecast
Dambulla,2027,9,September,43320,16101,27219,36822,49817,96721200,88555500,8165700,228507,139445,317568,SARIMA,6.78,2,sltda_district_telecom,forecast
Galle Fort,2027,9,September,92652,34437,58215,78754,106549,206868000,189403500,17464500,228507,139445,317568,SARIMA,6.78,2,sltda_district_telecom,forecast
Nuwara Eliya,2027,9,September,33544,12468,21076,28512,38575,74896800,68574000,6322800,228507,139445,317568,SARIMA,6.78,2,sltda_district_telecom,forecast
Unawatuna,2027,9,September,52943,19678,33265,45001,60884,118208500,108229000,9979500,228507,139445,317568,SARIMA,6.78,2,sltda_district_telecom,forecast
Adams Peak,2027,9,September,11181,4156,7025,9503,12858,24965500,22858000,2107500,228507,139445,317568,SARIMA,6.78,2,sltda_district_telecom,forecast
Bentota,2027,9,September,39707,14758,24949,33750,45663,88653700,81169000,7484700,228507,139445,317568,SARIMA,6.78,2,sltda_district_telecom,forecast
Arugam Bay,2027,9,September,25010,9296,15714,21258,28761,55842200,51128000,4714200,228507,139445,317568,SARIMA,6.78,2,sltda_district_telecom,forecast
Colombo,2027,9,September,41550,15443,26107,35317,47782,92768600,84936500,7832100,228507,139445,317568,SARIMA,6.78,2,sltda_district_telecom,forecast
Negombo,2027,9,September,52040,19342,32698,44234,59845,116190400,106381000,9809400,228507,139445,317568,SARIMA,6.78,2,sltda_district_telecom,forecast
Ella,2027,9,September,28372,10545,17827,24116,32627,63345600,57997500,5348100,228507,139445,317568,SARIMA,6.78,2,sltda_district_telecom,forecast
Pinnawala,2027,9,September,25097,9328,15769,21332,28861,56034700,51304000,4730700,228507,139445,317568,SARIMA,6.78,2,sltda_district_telecom,forecast
Sigiriya,2027,10,October,98411,57592,40819,83649,113172,367987767,364032891,3954875,235487,143161,327813,SARIMA,6.78,2,official_ticket_count,forecast
Yala,2027,10,October,103588,61726,41862,88049,119126,412113798,406243037,5870760,235487,143161,327813,SARIMA,6.78,2,official_ticket_count,forecast
Horton Plains,2027,10,October,32260,5116,27144,27421,37099,41137236,37214346,3922890,235487,143161,327813,SARIMA,6.78,2,official_ticket_count,forecast
Polonnaruwa,2027,10,October,21185,11383,9802,18007,24362,88098527,86647316,1451211,235487,143161,327813,SARIMA,6.78,2,official_ticket_count,forecast
Anuradhapura,2027,10,October,28569,16923,11646,24283,32854,86704056,84534868,2169187,235487,143161,327813,SARIMA,6.78,2,official_ticket_count,forecast
Mirissa,2027,10,October,13295,10607,2688,11300,15289,23492995,23229614,263381,235487,143161,327813,SARIMA,6.78,2,official_ticket_count,forecast
Jaffna,2027,10,October,20490,1436,19054,17416,23563,2611612,1667323,944289,235487,143161,327813,SARIMA,6.78,2,official_ticket_count,forecast
Trincomalee,2027,10,October,10643,2885,7758,9046,12239,16762351,15706378,1055972,235487,143161,327813,SARIMA,6.78,2,official_ticket_count,forecast
Kandy,2027,10,October,71671,26153,45518,60920,82421,157496900,143841500,13655400,235487,143161,327813,SARIMA,6.78,2,sltda_district_telecom,forecast
Dambulla,2027,10,October,45473,16593,28880,38652,52293,99925500,91261500,8664000,235487,143161,327813,SARIMA,6.78,2,sltda_district_telecom,forecast
Galle Fort,2027,10,October,97256,35489,61767,82667,111844,213719600,195189500,18530100,235487,143161,327813,SARIMA,6.78,2,sltda_district_telecom,forecast
Nuwara Eliya,2027,10,October,35210,12848,22362,29928,40491,77372600,70664000,6708600,235487,143161,327813,SARIMA,6.78,2,sltda_district_telecom,forecast
Unawatuna,2027,10,October,55574,20279,35295,47237,63910,122123000,111534500,10588500,235487,143161,327813,SARIMA,6.78,2,sltda_district_telecom,forecast
Adams Peak,2027,10,October,11736,4282,7454,9975,13496,25787200,23551000,2236200,235487,143161,327813,SARIMA,6.78,2,sltda_district_telecom,forecast
Bentota,2027,10,October,41680,15209,26471,35428,47931,91590800,83649500,7941300,235487,143161,327813,SARIMA,6.78,2,sltda_district_telecom,forecast
Arugam Bay,2027,10,October,26253,9580,16673,22315,30190,57691900,52690000,5001900,235487,143161,327813,SARIMA,6.78,2,sltda_district_telecom,forecast
Colombo,2027,10,October,43615,15915,27700,37072,50157,95842500,87532500,8310000,235487,143161,327813,SARIMA,6.78,2,sltda_district_telecom,forecast
Negombo,2027,10,October,54626,19933,34693,46432,62819,120039400,109631500,10407900,235487,143161,327813,SARIMA,6.78,2,sltda_district_telecom,forecast
Ella,2027,10,October,29783,10868,18915,25315,34250,65448500,59774000,5674500,235487,143161,327813,SARIMA,6.78,2,sltda_district_telecom,forecast
Pinnawala,2027,10,October,26344,9613,16731,22392,30295,57890800,52871500,5019300,235487,143161,327813,SARIMA,6.78,2,sltda_district_telecom,forecast
Sigiriya,2027,11,November,116222,69125,47097,98788,133655,441494893,436931755,4563138,282642,187165,378120,SARIMA,6.78,2,official_ticket_count,forecast
Yala,2027,11,November,122388,74087,48301,104029,140746,494369402,487595631,6773771,282642,187165,378120,SARIMA,6.78,2,official_ticket_count,forecast
Horton Plains,2027,11,November,37460,6141,31319,31841,43079,49196576,44670308,4526267,282642,187165,378120,SARIMA,6.78,2,official_ticket_count,forecast
Polonnaruwa,2027,11,November,24972,13663,11309,21226,28717,105676986,104002660,1674326,282642,187165,378120,SARIMA,6.78,2,official_ticket_count,forecast
Anuradhapura,2027,11,November,33749,20312,13437,28686,38811,103966601,101463821,2502779,282642,187165,378120,SARIMA,6.78,2,official_ticket_count,forecast
Mirissa,2027,11,November,15834,12732,3102,13458,18209,28187368,27883420,303947,282642,187165,378120,SARIMA,6.78,2,official_ticket_count,forecast
Jaffna,2027,11,November,23708,1723,21985,20151,27264,3090101,2000555,1089545,282642,187165,378120,SARIMA,6.78,2,official_ticket_count,forecast
Trincomalee,2027,11,November,12414,3463,8951,10551,14276,20071455,18853098,1218356,282642,187165,378120,SARIMA,6.78,2,official_ticket_count,forecast
Kandy,2027,11,November,83909,31390,52519,71322,96495,188400700,172645000,15755700,282642,187165,378120,SARIMA,6.78,2,sltda_district_telecom,forecast
Dambulla,2027,11,November,53238,19916,33322,45252,61223,119534600,109538000,9996600,282642,187165,378120,SARIMA,6.78,2,sltda_district_telecom,forecast
Galle Fort,2027,11,November,113862,42595,71267,96782,130941,255652600,234272500,21380100,282642,187165,378120,SARIMA,6.78,2,sltda_district_telecom,forecast
Nuwara Eliya,2027,11,November,41223,15421,25802,35039,47406,92556100,84815500,7740600,282642,187165,378120,SARIMA,6.78,2,sltda_district_telecom,forecast
Unawatuna,2027,11,November,65064,24340,40724,55304,74823,146087200,133870000,12217200,282642,187165,378120,SARIMA,6.78,2,sltda_district_telecom,forecast
Adams Peak,2027,11,November,13740,5140,8600,11679,15800,30850000,28270000,2580000,282642,187165,378120,SARIMA,6.78,2,sltda_district_telecom,forecast
Bentota,2027,11,November,48798,18255,30543,41478,56117,109565400,100402500,9162900,282642,187165,378120,SARIMA,6.78,2,sltda_district_telecom,forecast
Arugam Bay,2027,11,November,30735,11498,19237,26124,35345,69010100,63239000,5771100,282642,187165,378120,SARIMA,6.78,2,sltda_district_telecom,forecast
Colombo,2027,11,November,51062,19102,31960,43402,58721,114649000,105061000,9588000,282642,187165,378120,SARIMA,6.78,2,sltda_district_telecom,forecast
Negombo,2027,11,November,63953,23924,40029,54360,73545,143590700,131582000,12008700,282642,187165,378120,SARIMA,6.78,2,sltda_district_telecom,forecast
Ella,2027,11,November,34868,13044,21824,29637,40098,78289200,71742000,6547200,282642,187165,378120,SARIMA,6.78,2,sltda_district_telecom,forecast
Pinnawala,2027,11,November,30842,11538,19304,26215,35468,69250200,63459000,5791200,282642,187165,378120,SARIMA,6.78,2,sltda_district_telecom,forecast
Sigiriya,2027,12,December,147717,85015,62702,125559,169874,543445828,537370751,6075077,347617,249088,446146,SARIMA,6.78,2,official_ticket_count,forecast
Yala,2027,12,December,155423,91118,64305,132109,178736,608701513,599683327,9018185,347617,249088,446146,SARIMA,6.78,2,official_ticket_count,forecast
Horton Plains,2027,12,December,49250,7553,41697,41862,56637,60967462,54941352,6026110,347617,249088,446146,SARIMA,6.78,2,official_ticket_count,forecast
Polonnaruwa,2027,12,December,31861,16804,15057,27081,36640,130141157,127911930,2229227,347617,249088,446146,SARIMA,6.78,2,official_ticket_count,forecast
Anuradhapura,2027,12,December,42870,24981,17889,36439,49300,128118724,124786713,3332010,347617,249088,446146,SARIMA,6.78,2,official_ticket_count,forecast
Mirissa,2027,12,December,19788,15658,4130,16819,22756,34696114,34291439,404674,347617,249088,446146,SARIMA,6.78,2,official_ticket_count,forecast
Jaffna,2027,12,December,31390,2120,29270,26681,36098,3912087,2461507,1450580,347617,249088,446146,SARIMA,6.78,2,official_ticket_count,forecast
Trincomalee,2027,12,December,16176,4259,11917,13749,18602,24808714,23186643,1622070,347617,249088,446146,SARIMA,6.78,2,official_ticket_count,forecast
Kandy,2027,12,December,108527,38606,69921,92247,124806,233309300,212333000,20976300,347617,249088,446146,SARIMA,6.78,2,sltda_district_telecom,forecast
Dambulla,2027,12,December,68858,24495,44363,58529,79186,148031400,134722500,13308900,347617,249088,446146,SARIMA,6.78,2,sltda_district_telecom,forecast
Galle Fort,2027,12,December,147269,52387,94882,125178,169359,316593100,288128500,28464600,347617,249088,446146,SARIMA,6.78,2,sltda_district_telecom,forecast
Nuwara Eliya,2027,12,December,53318,18967,34351,45320,61315,114623800,104318500,10305300,347617,249088,446146,SARIMA,6.78,2,sltda_district_telecom,forecast
Unawatuna,2027,12,December,84153,29935,54218,71530,96775,180907900,164642500,16265400,347617,249088,446146,SARIMA,6.78,2,sltda_district_telecom,forecast
Adams Peak,2027,12,December,17772,6322,11450,15106,20437,38206000,34771000,3435000,347617,249088,446146,SARIMA,6.78,2,sltda_district_telecom,forecast
Bentota,2027,12,December,63114,22451,40663,53646,72581,135679400,123480500,12198900,347617,249088,446146,SARIMA,6.78,2,sltda_district_telecom,forecast
Arugam Bay,2027,12,December,39753,14141,25612,33790,45715,85459100,77775500,7683600,347617,249088,446146,SARIMA,6.78,2,sltda_district_telecom,forecast
Colombo,2027,12,December,66043,23493,42550,56136,75949,141976500,129211500,12765000,347617,249088,446146,SARIMA,6.78,2,sltda_district_telecom,forecast
Negombo,2027,12,December,82716,29424,53292,70308,95123,177819600,161832000,15987600,347617,249088,446146,SARIMA,6.78,2,sltda_district_telecom,forecast
Ella,2027,12,December,45099,16043,29056,38334,51863,96953300,88236500,8716800,347617,249088,446146,SARIMA,6.78,2,sltda_district_telecom,forecast
Pinnawala,2027,12,December,39891,14190,25701,33907,45874,85755300,78045000,7710300,347617,249088,446146,SARIMA,6.78,2,sltda_district_telecom,forecast
Sigiriya,2028,1,January,138433,85253,53180,110746,166119,544027632,538875123,5152509,348590,243526,453653,SARIMA,6.78,3,official_ticket_count,forecast
Yala,2028,1,January,145912,91373,54539,116729,175094,609010176,601361582,7648593,348590,243526,453653,SARIMA,6.78,3,official_ticket_count,forecast
Horton Plains,2028,1,January,42938,7574,35364,34350,51525,60204964,55094108,5110856,348590,243526,453653,SARIMA,6.78,3,official_ticket_count,forecast
Polonnaruwa,2028,1,January,29621,16851,12770,23696,35545,130160325,128269693,1890631,348590,243526,453653,SARIMA,6.78,3,official_ticket_count,forecast
Anuradhapura,2028,1,January,40224,25051,15173,32179,48268,127962509,125136381,2826127,348590,243526,453653,SARIMA,6.78,3,official_ticket_count,forecast
Mirissa,2028,1,January,19204,15702,3502,15363,23044,34730941,34387800,343140,348590,243526,453653,SARIMA,6.78,3,official_ticket_count,forecast
Jaffna,2028,1,January,26951,2126,24825,21560,32341,3698766,2468474,1230292,348590,243526,453653,SARIMA,6.78,3,official_ticket_count,forecast
Trincomalee,2028,1,January,14378,4271,10107,11502,17253,24627677,23251973,1375704,348590,243526,453653,SARIMA,6.78,3,official_ticket_count,forecast
Kandy,2028,1,January,98016,38714,59302,78412,117619,230717600,212927000,17790600,348590,243526,453653,SARIMA,6.78,3,sltda_district_telecom,forecast
Dambulla,2028,1,January,62189,24563,37626,49751,74626,146384300,135096500,11287800,348590,243526,453653,SARIMA,6.78,3,sltda_district_telecom,forecast
Galle Fort,2028,1,January,133006,52534,80472,106404,159607,313078600,288937000,24141600,348590,243526,453653,SARIMA,6.78,3,sltda_district_telecom,forecast
Nuwara Eliya,2028,1,January,48154,19020,29134,38523,57784,113350200,104610000,8740200,348590,243526,453653,SARIMA,6.78,3,sltda_district_telecom,forecast
Unawatuna,2028,1,January,76003,30019,45984,60802,91203,178899700,165104500,13795200,348590,243526,453653,SARIMA,6.78,3,sltda_district_telecom,forecast
Adams Peak,2028,1,January,16051,6340,9711,12840,19261,37783300,34870000,2913300,348590,243526,453653,SARIMA,6.78,3,sltda_district_telecom,forecast
Bentota,2028,1,January,57002,22514,34488,45601,68402,134173400,123827000,10346400,348590,243526,453653,SARIMA,6.78,3,sltda_district_telecom,forecast
Arugam Bay,2028,1,January,35903,14181,21722,28722,43083,84512100,77995500,6516600,348590,243526,453653,SARIMA,6.78,3,sltda_district_telecom,forecast
Colombo,2028,1,January,59647,23559,36088,47717,71576,140400900,129574500,10826400,348590,243526,453653,SARIMA,6.78,3,sltda_district_telecom,forecast
Negombo,2028,1,January,74706,29507,45199,59764,89647,175848200,162288500,13559700,348590,243526,453653,SARIMA,6.78,3,sltda_district_telecom,forecast
Ella,2028,1,January,40730,16087,24643,32584,48876,95871400,88478500,7392900,348590,243526,453653,SARIMA,6.78,3,sltda_district_telecom,forecast
Pinnawala,2028,1,January,36028,14230,21798,28822,43233,84804400,78265000,6539400,348590,243526,453653,SARIMA,6.78,3,sltda_district_telecom,forecast
Sigiriya,2028,2,February,136107,83673,52434,108885,163328,533968342,528888112,5080230,342127,231708,452547,SARIMA,6.78,3,official_ticket_count,forecast
Yala,2028,2,February,143454,89679,53775,114763,172144,597754153,590212703,7541449,342127,231708,452547,SARIMA,6.78,3,official_ticket_count,forecast
Horton Plains,2028,2,February,42303,7434,34869,33842,50763,59115051,54075732,5039318,342127,231708,452547,SARIMA,6.78,3,official_ticket_count,forecast
Polonnaruwa,2028,2,February,29129,16538,12591,23303,34954,127751269,125887139,1864129,342127,231708,452547,SARIMA,6.78,3,official_ticket_count,forecast
Anuradhapura,2028,2,February,39546,24586,14960,31636,47455,125600037,122813583,2786454,342127,231708,452547,SARIMA,6.78,3,official_ticket_count,forecast
Mirissa,2028,2,February,18864,15411,3453,15091,22636,34088842,33750502,338339,342127,231708,452547,SARIMA,6.78,3,official_ticket_count,forecast
Jaffna,2028,2,February,26563,2086,24477,21250,31875,3635076,2422030,1213045,342127,231708,452547,SARIMA,6.78,3,official_ticket_count,forecast
Trincomalee,2028,2,February,14156,4191,9965,11324,16987,24172817,22816441,1356376,342127,231708,452547,SARIMA,6.78,3,official_ticket_count,forecast
Kandy,2028,2,February,96467,37996,58471,77173,115760,226519300,208978000,17541300,342127,231708,452547,SARIMA,6.78,3,sltda_district_telecom,forecast
Dambulla,2028,2,February,61207,24108,37099,48965,73448,143723700,132594000,11129700,342127,231708,452547,SARIMA,6.78,3,sltda_district_telecom,forecast
Galle Fort,2028,2,February,130904,51560,79344,104723,157084,307383200,283580000,23803200,342127,231708,452547,SARIMA,6.78,3,sltda_district_telecom,forecast
Nuwara Eliya,2028,2,February,47393,18667,28726,37914,56871,111286300,102668500,8617800,342127,231708,452547,SARIMA,6.78,3,sltda_district_telecom,forecast
Unawatuna,2028,2,February,74802,29463,45339,59841,89762,175648200,162046500,13601700,342127,231708,452547,SARIMA,6.78,3,sltda_district_telecom,forecast
Adams Peak,2028,2,February,15797,6222,9575,12637,18956,37093500,34221000,2872500,342127,231708,452547,SARIMA,6.78,3,sltda_district_telecom,forecast
Bentota,2028,2,February,56101,22097,34004,44880,67321,131734700,121533500,10201200,342127,231708,452547,SARIMA,6.78,3,sltda_district_telecom,forecast
Arugam Bay,2028,2,February,35336,13918,21418,28268,42403,82974400,76549000,6425400,342127,231708,452547,SARIMA,6.78,3,sltda_district_telecom,forecast
Colombo,2028,2,February,58704,23122,35582,46963,70444,137845600,127171000,10674600,342127,231708,452547,SARIMA,6.78,3,sltda_district_telecom,forecast
Negombo,2028,2,February,73525,28960,44565,58820,88230,172649500,159280000,13369500,342127,231708,452547,SARIMA,6.78,3,sltda_district_telecom,forecast
Ella,2028,2,February,40087,15789,24298,32069,48104,94128900,86839500,7289400,342127,231708,452547,SARIMA,6.78,3,sltda_district_telecom,forecast
Pinnawala,2028,2,February,35458,13966,21492,28366,42549,83260600,76813000,6447600,342127,231708,452547,SARIMA,6.78,3,sltda_district_telecom,forecast
Sigiriya,2028,3,March,133077,81587,51490,106461,159692,520691496,515702728,4988768,333598,217947,449250,SARIMA,6.78,3,official_ticket_count,forecast
Yala,2028,3,March,140249,87443,52806,112199,168298,582902266,575496710,7405556,333598,217947,449250,SARIMA,6.78,3,official_ticket_count,forecast
Horton Plains,2028,3,March,41489,7248,34241,33191,49786,57671307,52722748,4948558,333598,217947,449250,SARIMA,6.78,3,official_ticket_count,forecast
Polonnaruwa,2028,3,March,28490,16126,12364,22792,34188,124581520,122750998,1830522,333598,217947,449250,SARIMA,6.78,3,official_ticket_count,forecast
Anuradhapura,2028,3,March,38664,23974,14690,30931,46396,122492645,119756481,2736164,333598,217947,449250,SARIMA,6.78,3,official_ticket_count,forecast
Mirissa,2028,3,March,18418,15027,3391,14734,22101,33241796,32909532,332264,333598,217947,449250,SARIMA,6.78,3,official_ticket_count,forecast
Jaffna,2028,3,March,26070,2034,24036,20856,31284,3552844,2361654,1191190,333598,217947,449250,SARIMA,6.78,3,official_ticket_count,forecast
Trincomalee,2028,3,March,13873,4087,9786,11098,16647,23582261,22250249,1332011,333598,217947,449250,SARIMA,6.78,3,official_ticket_count,forecast
Kandy,2028,3,March,94466,37049,57417,75572,113359,220994600,203769500,17225100,333598,217947,449250,SARIMA,6.78,3,sltda_district_telecom,forecast
Dambulla,2028,3,March,59937,23507,36430,47949,71924,140217500,129288500,10929000,333598,217947,449250,SARIMA,6.78,3,sltda_district_telecom,forecast
Galle Fort,2028,3,March,128190,50275,77915,102552,153828,299887000,276512500,23374500,333598,217947,449250,SARIMA,6.78,3,sltda_district_telecom,forecast
Nuwara Eliya,2028,3,March,46411,18202,28209,37128,55693,108573700,100111000,8462700,333598,217947,449250,SARIMA,6.78,3,sltda_district_telecom,forecast
Unawatuna,2028,3,March,73250,28728,44522,58600,87900,171360600,158004000,13356600,333598,217947,449250,SARIMA,6.78,3,sltda_district_telecom,forecast
Adams Peak,2028,3,March,15470,6067,9403,12376,18564,36189400,33368500,2820900,333598,217947,449250,SARIMA,6.78,3,sltda_district_telecom,forecast
Bentota,2028,3,March,54938,21546,33392,43950,65925,128520600,118503000,10017600,333598,217947,449250,SARIMA,6.78,3,sltda_district_telecom,forecast
Arugam Bay,2028,3,March,34603,13571,21032,27682,41523,80950100,74640500,6309600,333598,217947,449250,SARIMA,6.78,3,sltda_district_telecom,forecast
Colombo,2028,3,March,57487,22546,34941,45989,68984,134485300,124003000,10482300,333598,217947,449250,SARIMA,6.78,3,sltda_district_telecom,forecast
Negombo,2028,3,March,72001,28238,43763,57600,86401,168437900,155309000,13128900,333598,217947,449250,SARIMA,6.78,3,sltda_district_telecom,forecast
Ella,2028,3,March,39256,15396,23860,31404,47107,91836000,84678000,7158000,333598,217947,449250,SARIMA,6.78,3,sltda_district_telecom,forecast
Pinnawala,2028,3,March,34723,13618,21105,27778,41667,81230500,74899000,6331500,333598,217947,449250,SARIMA,6.78,3,sltda_district_telecom,forecast
Sigiriya,2028,4,April,108688,68521,40167,86950,130425,437005639,433113935,3891704,280177,159520,400833,SARIMA,6.78,3,official_ticket_count,forecast
Yala,2028,4,April,114634,73440,41194,91707,137560,489114550,483337470,5777080,280177,159520,400833,SARIMA,6.78,3,official_ticket_count,forecast
Horton Plains,2028,4,April,32798,6087,26711,26238,39357,48137819,44277506,3860312,280177,159520,400833,SARIMA,6.78,3,official_ticket_count,forecast
Polonnaruwa,2028,4,April,23189,13544,9645,18551,27826,104524800,103096832,1427967,280177,159520,400833,SARIMA,6.78,3,official_ticket_count,forecast
Anuradhapura,2028,4,April,31594,20134,11460,25275,37912,102709207,100574664,2134543,280177,159520,400833,SARIMA,6.78,3,official_ticket_count,forecast
Mirissa,2028,4,April,15265,12620,2645,12212,18318,27897306,27638137,259168,280177,159520,400833,SARIMA,6.78,3,official_ticket_count,forecast
Jaffna,2028,4,April,20458,1708,18750,16366,24549,2912362,1983139,929223,280177,159520,400833,SARIMA,6.78,3,official_ticket_count,forecast
Trincomalee,2028,4,April,11066,3432,7634,8852,13279,19723424,18684329,1039094,280177,159520,400833,SARIMA,6.78,3,official_ticket_count,forecast
Kandy,2028,4,April,75907,31116,44791,60725,91088,184575300,171138000,13437300,280177,159520,400833,SARIMA,6.78,3,sltda_district_telecom,forecast
Dambulla,2028,4,April,48161,19742,28419,38528,57793,117106700,108581000,8525700,280177,159520,400833,SARIMA,6.78,3,sltda_district_telecom,forecast
Galle Fort,2028,4,April,103006,42224,60782,82404,123607,250466600,232232000,18234600,280177,159520,400833,SARIMA,6.78,3,sltda_district_telecom,forecast
Nuwara Eliya,2028,4,April,37293,15287,22006,29834,44751,90680300,84078500,6601800,280177,159520,400833,SARIMA,6.78,3,sltda_district_telecom,forecast
Unawatuna,2028,4,April,58860,24128,34732,47088,70632,143123600,132704000,10419600,280177,159520,400833,SARIMA,6.78,3,sltda_district_telecom,forecast
Adams Peak,2028,4,April,12430,5095,7335,9944,14916,30223000,28022500,2200500,280177,159520,400833,SARIMA,6.78,3,sltda_district_telecom,forecast
Bentota,2028,4,April,44145,18096,26049,35316,52974,107342700,99528000,7814700,280177,159520,400833,SARIMA,6.78,3,sltda_district_telecom,forecast
Arugam Bay,2028,4,April,27805,11398,16407,22244,33366,67611100,62689000,4922100,280177,159520,400833,SARIMA,6.78,3,sltda_district_telecom,forecast
Colombo,2028,4,April,46193,18935,27258,36954,55431,112319900,104142500,8177400,280177,159520,400833,SARIMA,6.78,3,sltda_district_telecom,forecast
Negombo,2028,4,April,57855,23716,34139,46284,69426,140679700,130438000,10241700,280177,159520,400833,SARIMA,6.78,3,sltda_district_telecom,forecast
Ella,2028,4,April,31543,12930,18613,25234,37851,76698900,71115000,5583900,280177,159520,400833,SARIMA,6.78,3,sltda_district_telecom,forecast
Pinnawala,2028,4,April,27901,11437,16464,22320,33481,67842700,62903500,4939200,280177,159520,400833,SARIMA,6.78,3,sltda_district_telecom,forecast
Sigiriya,2028,5,May,92063,58888,33175,73650,110475,375439032,372224769,3214262,240788,115326,366250,SARIMA,6.78,3,official_ticket_count,forecast
Yala,2028,5,May,97139,63116,34023,77711,116566,420162586,415391173,4771413,240788,115326,366250,SARIMA,6.78,3,official_ticket_count,forecast
Horton Plains,2028,5,May,27293,5232,22061,21834,32751,41246430,38058142,3188287,240788,115326,366250,SARIMA,6.78,3,official_ticket_count,forecast
Polonnaruwa,2028,5,May,19606,11640,7966,15684,23527,89782985,88603598,1179386,240788,115326,366250,SARIMA,6.78,3,official_ticket_count,forecast
Anuradhapura,2028,5,May,26769,17304,9465,21415,32122,88201018,86438064,1762953,240788,115326,366250,SARIMA,6.78,3,official_ticket_count,forecast
Mirissa,2028,5,May,13031,10846,2185,10424,15637,23967125,23753030,214095,240788,115326,366250,SARIMA,6.78,3,official_ticket_count,forecast
Jaffna,2028,5,May,16954,1468,15486,13563,20344,2471942,1704477,767464,240788,115326,366250,SARIMA,6.78,3,official_ticket_count,forecast
Trincomalee,2028,5,May,9255,2950,6305,7404,11106,16918447,16060248,858198,240788,115326,366250,SARIMA,6.78,3,official_ticket_count,forecast
Kandy,2028,5,May,63735,26741,36994,50988,76482,158173700,147075500,11098200,240788,115326,366250,SARIMA,6.78,3,sltda_district_telecom,forecast
Dambulla,2028,5,May,40439,16967,23472,32351,48526,100360100,93318500,7041600,240788,115326,366250,SARIMA,6.78,3,sltda_district_telecom,forecast
Galle Fort,2028,5,May,86488,36288,50200,69190,103785,214644000,199584000,15060000,240788,115326,366250,SARIMA,6.78,3,sltda_district_telecom,forecast
Nuwara Eliya,2028,5,May,31313,13138,18175,25050,37575,77711500,72259000,5452500,240788,115326,366250,SARIMA,6.78,3,sltda_district_telecom,forecast
Unawatuna,2028,5,May,49422,20736,28686,39537,59306,122653800,114048000,8605800,240788,115326,366250,SARIMA,6.78,3,sltda_district_telecom,forecast
Adams Peak,2028,5,May,10437,4379,6058,8349,12524,25901900,24084500,1817400,240788,115326,366250,SARIMA,6.78,3,sltda_district_telecom,forecast
Bentota,2028,5,May,37066,15552,21514,29652,44479,91990200,85536000,6454200,240788,115326,366250,SARIMA,6.78,3,sltda_district_telecom,forecast
Arugam Bay,2028,5,May,23346,9795,13551,18676,28015,57937800,53872500,4065300,240788,115326,366250,SARIMA,6.78,3,sltda_district_telecom,forecast
Colombo,2028,5,May,38786,16273,22513,31028,46543,96255400,89501500,6753900,240788,115326,366250,SARIMA,6.78,3,sltda_district_telecom,forecast
Negombo,2028,5,May,48578,20382,28196,38862,58293,120559800,112101000,8458800,240788,115326,366250,SARIMA,6.78,3,sltda_district_telecom,forecast
Ella,2028,5,May,26485,11112,15373,21188,31782,65727900,61116000,4611900,240788,115326,366250,SARIMA,6.78,3,sltda_district_telecom,forecast
Pinnawala,2028,5,May,23427,9829,13598,18741,28112,58138900,54059500,4079400,240788,115326,366250,SARIMA,6.78,3,sltda_district_telecom,forecast
Sigiriya,2028,6,June,96022,60170,35852,76817,115226,383801786,380328154,3473632,246029,115939,376119,SARIMA,6.78,3,official_ticket_count,forecast
Yala,2028,6,June,101258,64490,36768,81006,121509,429590380,424434006,5156374,246029,115939,376119,SARIMA,6.78,3,official_ticket_count,forecast
Horton Plains,2028,6,June,29186,5345,23841,23348,35023,42325653,38880117,3445535,246029,115939,376119,SARIMA,6.78,3,official_ticket_count,forecast
Polonnaruwa,2028,6,June,20502,11893,8609,16401,24602,91804017,90529432,1274584,246029,115939,376119,SARIMA,6.78,3,official_ticket_count,forecast
Anuradhapura,2028,6,June,27909,17680,10229,22327,33490,90221540,88316283,1905256,246029,115939,376119,SARIMA,6.78,3,official_ticket_count,forecast
Mirissa,2028,6,June,13443,11082,2361,10754,16131,24501217,24269876,231340,246029,115939,376119,SARIMA,6.78,3,official_ticket_count,forecast
Jaffna,2028,6,June,18236,1500,16736,14588,21883,2571045,1741632,829412,246029,115939,376119,SARIMA,6.78,3,official_ticket_count,forecast
Trincomalee,2028,6,June,9828,3014,6814,7862,11793,17336155,16408674,927480,246029,115939,376119,SARIMA,6.78,3,official_ticket_count,forecast
Kandy,2028,6,June,67302,27323,39979,53841,80762,162270200,150276500,11993700,246029,115939,376119,SARIMA,6.78,3,sltda_district_telecom,forecast
Dambulla,2028,6,June,42702,17336,25366,34161,51242,102957800,95348000,7609800,246029,115939,376119,SARIMA,6.78,3,sltda_district_telecom,forecast
Galle Fort,2028,6,June,91329,37078,54251,73063,109594,220204300,203929000,16275300,246029,115939,376119,SARIMA,6.78,3,sltda_district_telecom,forecast
Nuwara Eliya,2028,6,June,33065,13424,19641,26452,39678,79724300,73832000,5892300,246029,115939,376119,SARIMA,6.78,3,sltda_district_telecom,forecast
Unawatuna,2028,6,June,52187,21187,31000,41749,62624,125828500,116528500,9300000,246029,115939,376119,SARIMA,6.78,3,sltda_district_telecom,forecast
Adams Peak,2028,6,June,11021,4474,6547,8816,13225,26571100,24607000,1964100,246029,115939,376119,SARIMA,6.78,3,sltda_district_telecom,forecast
Bentota,2028,6,June,39140,15890,23250,31312,46968,94370000,87395000,6975000,246029,115939,376119,SARIMA,6.78,3,sltda_district_telecom,forecast
Arugam Bay,2028,6,June,24652,10008,14644,19721,29582,59437200,55044000,4393200,246029,115939,376119,SARIMA,6.78,3,sltda_district_telecom,forecast
Colombo,2028,6,June,40957,16628,24329,32765,49148,98752700,91454000,7298700,246029,115939,376119,SARIMA,6.78,3,sltda_district_telecom,forecast
Negombo,2028,6,June,51296,20825,30471,41036,61555,123678800,114537500,9141300,246029,115939,376119,SARIMA,6.78,3,sltda_district_telecom,forecast
Ella,2028,6,June,27967,11354,16613,22373,33560,67430900,62447000,4983900,246029,115939,376119,SARIMA,6.78,3,sltda_district_telecom,forecast
Pinnawala,2028,6,June,24738,10043,14695,19790,29685,59645000,55236500,4408500,246029,115939,376119,SARIMA,6.78,3,sltda_district_telecom,forecast
Sigiriya,2028,7,July,129210,75607,53603,103368,155052,483097278,477903786,5193492,309150,174591,443709,SARIMA,6.78,3,official_ticket_count,forecast
Yala,2028,7,July,136008,81035,54973,108806,163209,541032604,533323146,7709458,309150,174591,443709,SARIMA,6.78,3,official_ticket_count,forecast
Horton Plains,2028,7,July,42363,6717,35646,33890,50835,54011807,48860196,5151611,309150,174591,443709,SARIMA,6.78,3,official_ticket_count,forecast
Polonnaruwa,2028,7,July,27815,14944,12871,22252,33378,115659207,113753623,1905584,309150,174591,443709,SARIMA,6.78,3,official_ticket_count,forecast
Anuradhapura,2028,7,July,37510,22217,15293,30008,45012,113828280,110979800,2848479,309150,174591,443709,SARIMA,6.78,3,official_ticket_count,forecast
Mirissa,2028,7,July,17456,13926,3530,13964,20947,30844197,30498312,345884,309150,174591,443709,SARIMA,6.78,3,official_ticket_count,forecast
Jaffna,2028,7,July,26907,1885,25022,21525,32288,3428707,2188651,1240055,309150,174591,443709,SARIMA,6.78,3,official_ticket_count,forecast
Trincomalee,2028,7,July,13975,3787,10188,11180,16770,22003733,20617003,1386729,309150,174591,443709,SARIMA,6.78,3,official_ticket_count,forecast
Kandy,2028,7,July,94107,34333,59774,75285,112928,206763700,188831500,17932200,309150,174591,443709,SARIMA,6.78,3,sltda_district_telecom,forecast
Dambulla,2028,7,July,59709,21784,37925,47767,71650,131189500,119812000,11377500,309150,174591,443709,SARIMA,6.78,3,sltda_district_telecom,forecast
Galle Fort,2028,7,July,127702,46590,81112,102161,153242,280578600,256245000,24333600,309150,174591,443709,SARIMA,6.78,3,sltda_district_telecom,forecast
Nuwara Eliya,2028,7,July,46234,16868,29366,36987,55480,101583800,92774000,8809800,309150,174591,443709,SARIMA,6.78,3,sltda_district_telecom,forecast
Unawatuna,2028,7,July,72972,26623,46349,58377,87566,160331200,146426500,13904700,309150,174591,443709,SARIMA,6.78,3,sltda_district_telecom,forecast
Adams Peak,2028,7,July,15410,5622,9788,12328,18492,33857400,30921000,2936400,309150,174591,443709,SARIMA,6.78,3,sltda_district_telecom,forecast
Bentota,2028,7,July,54729,19967,34762,43783,65674,120247100,109818500,10428600,309150,174591,443709,SARIMA,6.78,3,sltda_district_telecom,forecast
Arugam Bay,2028,7,July,34471,12576,21895,27576,41365,75736500,69168000,6568500,309150,174591,443709,SARIMA,6.78,3,sltda_district_telecom,forecast
Colombo,2028,7,July,57269,20894,36375,45815,68722,125829500,114917000,10912500,309150,174591,443709,SARIMA,6.78,3,sltda_district_telecom,forecast
Negombo,2028,7,July,71726,26168,45558,57380,86071,157591400,143924000,13667400,309150,174591,443709,SARIMA,6.78,3,sltda_district_telecom,forecast
Ella,2028,7,July,39106,14267,24839,31284,46927,85920200,78468500,7451700,309150,174591,443709,SARIMA,6.78,3,sltda_district_telecom,forecast
Pinnawala,2028,7,July,34591,12620,21971,27672,41509,76001300,69410000,6591300,309150,174591,443709,SARIMA,6.78,3,sltda_district_telecom,forecast
Sigiriya,2028,8,August,124497,73865,50632,99597,149396,471798427,466892789,4905638,302027,163142,440911,SARIMA,6.78,3,official_ticket_count,forecast
Yala,2028,8,August,131094,79168,51926,104875,157312,528317831,521035686,7282144,302027,163142,440911,SARIMA,6.78,3,official_ticket_count,forecast
Horton Plains,2028,8,August,40232,6562,33670,32185,48278,52598746,47732709,4866037,302027,163142,440911,SARIMA,6.78,3,official_ticket_count,forecast
Polonnaruwa,2028,8,August,26758,14600,12158,21406,32109,112935120,111135097,1800023,302027,163142,440911,SARIMA,6.78,3,official_ticket_count,forecast
Anuradhapura,2028,8,August,36151,21705,14446,28920,43381,111112941,108422225,2690716,302027,163142,440911,SARIMA,6.78,3,official_ticket_count,forecast
Mirissa,2028,8,August,16940,13605,3335,13552,20328,30122091,29795314,326777,302027,163142,440911,SARIMA,6.78,3,official_ticket_count,forecast
Jaffna,2028,8,August,25477,1842,23635,20381,30572,3310042,2138725,1171317,302027,163142,440911,SARIMA,6.78,3,official_ticket_count,forecast
Trincomalee,2028,8,August,13323,3700,9623,10658,15987,21453187,20143362,1309825,302027,163142,440911,SARIMA,6.78,3,official_ticket_count,forecast
Kandy,2028,8,August,90003,33542,56461,72002,108003,201419300,184481000,16938300,302027,163142,440911,SARIMA,6.78,3,sltda_district_telecom,forecast
Dambulla,2028,8,August,57105,21282,35823,45684,68526,127797900,117051000,10746900,302027,163142,440911,SARIMA,6.78,3,sltda_district_telecom,forecast
Galle Fort,2028,8,August,122133,45517,76616,97706,146559,273328300,250343500,22984800,302027,163142,440911,SARIMA,6.78,3,sltda_district_telecom,forecast
Nuwara Eliya,2028,8,August,44218,16479,27739,35374,53061,98956200,90634500,8321700,302027,163142,440911,SARIMA,6.78,3,sltda_district_telecom,forecast
Unawatuna,2028,8,August,69790,26009,43781,55832,83748,156183800,143049500,13134300,302027,163142,440911,SARIMA,6.78,3,sltda_district_telecom,forecast
Adams Peak,2028,8,August,14739,5493,9246,11791,17686,32985300,30211500,2773800,302027,163142,440911,SARIMA,6.78,3,sltda_district_telecom,forecast
Bentota,2028,8,August,52342,19507,32835,41873,62810,117139000,107288500,9850500,302027,163142,440911,SARIMA,6.78,3,sltda_district_telecom,forecast
Arugam Bay,2028,8,August,32967,12286,20681,26373,39560,73777300,67573000,6204300,302027,163142,440911,SARIMA,6.78,3,sltda_district_telecom,forecast
Colombo,2028,8,August,54771,20412,34359,43816,65725,122573700,112266000,10307700,302027,163142,440911,SARIMA,6.78,3,sltda_district_telecom,forecast
Negombo,2028,8,August,68598,25565,43033,54878,82317,153517400,140607500,12909900,302027,163142,440911,SARIMA,6.78,3,sltda_district_telecom,forecast
Ella,2028,8,August,37400,13938,23462,29920,44880,83697600,76659000,7038600,302027,163142,440911,SARIMA,6.78,3,sltda_district_telecom,forecast
Pinnawala,2028,8,August,33082,12329,20753,26465,39698,74035400,67809500,6225900,302027,163142,440911,SARIMA,6.78,3,sltda_district_telecom,forecast
Sigiriya,2028,9,September,104315,64305,40010,83452,125178,410341541,406465049,3876492,262938,119859,406017,SARIMA,6.78,3,official_ticket_count,forecast
Yala,2028,9,September,109955,68922,41033,87964,131946,459357239,453602738,5754501,262938,119859,406017,SARIMA,6.78,3,official_ticket_count,forecast
Horton Plains,2028,9,September,32319,5713,26606,25855,38782,45402127,41556989,3845137,262938,119859,406017,SARIMA,6.78,3,official_ticket_count,forecast
Polonnaruwa,2028,9,September,22317,12710,9607,17853,26780,98170771,96748430,1422341,262938,119859,406017,SARIMA,6.78,3,official_ticket_count,forecast
Anuradhapura,2028,9,September,30311,18896,11415,24248,36373,96516687,94390526,2126161,262938,119859,406017,SARIMA,6.78,3,official_ticket_count,forecast
Mirissa,2028,9,September,14479,11844,2635,11583,17374,26196865,25938677,258188,262938,119859,406017,SARIMA,6.78,3,official_ticket_count,forecast
Jaffna,2028,9,September,20280,1603,18677,16224,24336,2786830,1861224,925605,262938,119859,406017,SARIMA,6.78,3,official_ticket_count,forecast
Trincomalee,2028,9,September,10825,3221,7604,8660,12990,18570624,17535613,1035011,262938,119859,406017,SARIMA,6.78,3,official_ticket_count,forecast
Kandy,2028,9,September,73817,29201,44616,59053,88580,173990300,160605500,13384800,262938,119859,406017,SARIMA,6.78,3,sltda_district_telecom,forecast
Dambulla,2028,9,September,46836,18528,28308,37468,56203,110396400,101904000,8492400,262938,119859,406017,SARIMA,6.78,3,sltda_district_telecom,forecast
Galle Fort,2028,9,September,100170,39626,60544,80136,120204,236106200,217943000,18163200,262938,119859,406017,SARIMA,6.78,3,sltda_district_telecom,forecast
Nuwara Eliya,2028,9,September,36265,14346,21919,29012,43518,85478700,78903000,6575700,262938,119859,406017,SARIMA,6.78,3,sltda_district_telecom,forecast
Unawatuna,2028,9,September,57239,22643,34596,45791,68686,134915300,124536500,10378800,262938,119859,406017,SARIMA,6.78,3,sltda_district_telecom,forecast
Adams Peak,2028,9,September,12088,4782,7306,9670,14505,28492800,26301000,2191800,262938,119859,406017,SARIMA,6.78,3,sltda_district_telecom,forecast
Bentota,2028,9,September,42929,16982,25947,34343,51514,101185100,93401000,7784100,262938,119859,406017,SARIMA,6.78,3,sltda_district_telecom,forecast
Arugam Bay,2028,9,September,27039,10696,16343,21631,32446,63730900,58828000,4902900,262938,119859,406017,SARIMA,6.78,3,sltda_district_telecom,forecast
Colombo,2028,9,September,44921,17770,27151,35936,53905,105880300,97735000,8145300,262938,119859,406017,SARIMA,6.78,3,sltda_district_telecom,forecast
Negombo,2028,9,September,56263,22257,34006,45010,67515,132615300,122413500,10201800,262938,119859,406017,SARIMA,6.78,3,sltda_district_telecom,forecast
Ella,2028,9,September,30674,12134,18540,24539,36808,72299000,66737000,5562000,262938,119859,406017,SARIMA,6.78,3,sltda_district_telecom,forecast
Pinnawala,2028,9,September,27133,10733,16400,21706,32559,63951500,59031500,4920000,262938,119859,406017,SARIMA,6.78,3,sltda_district_telecom,forecast
Sigiriya,2028,10,October,108465,66013,42452,86772,130158,421374228,417261134,4113093,269918,122764,417073,SARIMA,6.78,3,official_ticket_count,forecast
Yala,2028,10,October,114289,70752,43537,91431,137146,471752351,465646686,6105664,269918,122764,417073,SARIMA,6.78,3,official_ticket_count,forecast
Horton Plains,2028,10,October,34095,5865,28230,27276,40914,46742495,42662654,4079840,269918,122764,417073,SARIMA,6.78,3,official_ticket_count,forecast
Polonnaruwa,2028,10,October,23242,13048,10194,18593,27890,100830532,99321284,1509247,269918,122764,417073,SARIMA,6.78,3,official_ticket_count,forecast
Anuradhapura,2028,10,October,31509,19397,12112,25207,37810,99149138,96893153,2255985,269918,122764,417073,SARIMA,6.78,3,official_ticket_count,forecast
Mirissa,2028,10,October,14954,12158,2796,11963,17944,26900309,26626345,273963,269918,122764,417073,SARIMA,6.78,3,official_ticket_count,forecast
Jaffna,2028,10,October,21463,1646,19817,17170,25755,2893254,1911151,982102,269918,122764,417073,SARIMA,6.78,3,official_ticket_count,forecast
Trincomalee,2028,10,October,11375,3307,8068,9100,13650,19101978,18003810,1098167,269918,122764,417073,SARIMA,6.78,3,official_ticket_count,forecast
Kandy,2028,10,October,77315,29976,47339,61852,92778,179069700,164868000,14201700,269918,122764,417073,SARIMA,6.78,3,sltda_district_telecom,forecast
Dambulla,2028,10,October,49055,19019,30036,39244,58866,113615300,104604500,9010800,269918,122764,417073,SARIMA,6.78,3,sltda_district_telecom,forecast
Galle Fort,2028,10,October,104916,40678,64238,83932,125899,243000400,223729000,19271400,269918,122764,417073,SARIMA,6.78,3,sltda_district_telecom,forecast
Nuwara Eliya,2028,10,October,37984,14727,23257,30387,45580,87975600,80998500,6977100,269918,122764,417073,SARIMA,6.78,3,sltda_district_telecom,forecast
Unawatuna,2028,10,October,59951,23244,36707,47960,71941,138854100,127842000,11012100,269918,122764,417073,SARIMA,6.78,3,sltda_district_telecom,forecast
Adams Peak,2028,10,October,12661,4909,7752,10128,15193,29325100,26999500,2325600,269918,122764,417073,SARIMA,6.78,3,sltda_district_telecom,forecast
Bentota,2028,10,October,44963,17433,27530,35970,53955,104140500,95881500,8259000,269918,122764,417073,SARIMA,6.78,3,sltda_district_telecom,forecast
Arugam Bay,2028,10,October,28320,10980,17340,22656,33984,65592000,60390000,5202000,269918,122764,417073,SARIMA,6.78,3,sltda_district_telecom,forecast
Colombo,2028,10,October,47050,18242,28808,37640,56460,108973400,100331000,8642400,269918,122764,417073,SARIMA,6.78,3,sltda_district_telecom,forecast
Negombo,2028,10,October,58928,22847,36081,47142,70713,136482800,125658500,10824300,269918,122764,417073,SARIMA,6.78,3,sltda_district_telecom,forecast
Ella,2028,10,October,32129,12457,19672,25703,38554,74415100,68513500,5901600,269918,122764,417073,SARIMA,6.78,3,sltda_district_telecom,forecast
Pinnawala,2028,10,October,28418,11018,17400,22734,34101,65819000,60599000,5220000,269918,122764,417073,SARIMA,6.78,3,sltda_district_telecom,forecast
Sigiriya,2028,11,November,126526,77545,48981,101220,151831,494899353,490153677,4745675,317074,165954,468193,SARIMA,6.78,3,official_ticket_count,forecast
Yala,2028,11,November,133345,83112,50233,106676,160014,554037415,546992698,7044716,317074,165954,468193,SARIMA,6.78,3,official_ticket_count,forecast
Horton Plains,2028,11,November,39461,6889,32572,31568,47353,54818695,50111343,4707352,317074,165954,468193,SARIMA,6.78,3,official_ticket_count,forecast
Polonnaruwa,2028,11,November,27089,15327,11762,21671,32506,118410410,116669016,1741394,317074,165954,468193,SARIMA,6.78,3,official_ticket_count,forecast
Anuradhapura,2028,11,November,36760,22786,13974,29408,44112,116424908,113822106,2602801,317074,165954,468193,SARIMA,6.78,3,official_ticket_count,forecast
Mirissa,2028,11,November,17509,14283,3226,14007,21010,31596249,31280152,316097,317074,165954,468193,SARIMA,6.78,3,official_ticket_count,forecast
Jaffna,2028,11,November,24797,1933,22864,19837,29756,3377491,2244384,1133107,317074,165954,468193,SARIMA,6.78,3,official_ticket_count,forecast
Trincomalee,2028,11,November,13193,3884,9309,10554,15831,22412172,21145086,1267085,317074,165954,468193,SARIMA,6.78,3,official_ticket_count,forecast
Kandy,2028,11,November,89832,35213,54619,71865,107798,210057200,193671500,16385700,317074,165954,468193,SARIMA,6.78,3,sltda_district_telecom,forecast
Dambulla,2028,11,November,56997,22342,34655,45597,68396,133277500,122881000,10396500,317074,165954,468193,SARIMA,6.78,3,sltda_district_telecom,forecast
Galle Fort,2028,11,November,121902,47784,74118,97521,146282,285047400,262812000,22235400,317074,165954,468193,SARIMA,6.78,3,sltda_district_telecom,forecast
Nuwara Eliya,2028,11,November,44134,17300,26834,35307,52960,103200200,95150000,8050200,317074,165954,468193,SARIMA,6.78,3,sltda_district_telecom,forecast
Unawatuna,2028,11,November,69658,27305,42353,55726,83589,162883400,150177500,12705900,317074,165954,468193,SARIMA,6.78,3,sltda_district_telecom,forecast
Adams Peak,2028,11,November,14710,5766,8944,11768,17652,34396200,31713000,2683200,317074,165954,468193,SARIMA,6.78,3,sltda_district_telecom,forecast
Bentota,2028,11,November,52243,20479,31764,41794,62691,122163700,112634500,9529200,317074,165954,468193,SARIMA,6.78,3,sltda_district_telecom,forecast
Arugam Bay,2028,11,November,32906,12899,20007,26324,39487,76946600,70944500,6002100,317074,165954,468193,SARIMA,6.78,3,sltda_district_telecom,forecast
Colombo,2028,11,November,54668,21429,33239,43734,65601,127831200,117859500,9971700,317074,165954,468193,SARIMA,6.78,3,sltda_district_telecom,forecast
Negombo,2028,11,November,68469,26839,41630,54775,82162,160103500,147614500,12489000,317074,165954,468193,SARIMA,6.78,3,sltda_district_telecom,forecast
Ella,2028,11,November,37330,14633,22697,29864,44796,87290600,80481500,6809100,317074,165954,468193,SARIMA,6.78,3,sltda_district_telecom,forecast
Pinnawala,2028,11,November,33020,12943,20077,26416,39624,77209600,71186500,6023100,317074,165954,468193,SARIMA,6.78,3,sltda_district_telecom,forecast
Sigiriya,2028,12,December,158647,93436,65211,126917,190376,596917163,590598994,6318169,382049,227066,537032,SARIMA,6.78,3,official_ticket_count,forecast
Yala,2028,12,December,167020,100143,66877,133616,200424,668459280,659080395,9378884,382049,227066,537032,SARIMA,6.78,3,official_ticket_count,forecast
Horton Plains,2028,12,December,51666,8301,43365,41332,61999,66649558,60382386,6267172,382049,227066,537032,SARIMA,6.78,3,official_ticket_count,forecast
Polonnaruwa,2028,12,December,34127,18468,15659,27301,40952,142896641,140578286,2318355,382049,227066,537032,SARIMA,6.78,3,official_ticket_count,forecast
Anuradhapura,2028,12,December,46060,27455,18605,36848,55272,140610371,137144998,3465373,382049,227066,537032,SARIMA,6.78,3,official_ticket_count,forecast
Mirissa,2028,12,December,21504,17209,4295,17203,25804,38109013,37688170,420842,382049,227066,537032,SARIMA,6.78,3,official_ticket_count,forecast
Jaffna,2028,12,December,32771,2330,30441,26216,39325,4213949,2705336,1508613,382049,227066,537032,SARIMA,6.78,3,official_ticket_count,forecast
Trincomalee,2028,12,December,17075,4681,12394,13660,20490,27171073,25484075,1686997,382049,227066,537032,SARIMA,6.78,3,official_ticket_count,forecast
Kandy,2028,12,December,115148,42430,72718,92118,138177,255180400,233365000,21815400,382049,227066,537032,SARIMA,6.78,3,sltda_district_telecom,forecast
Dambulla,2028,12,December,73059,26921,46138,58447,87670,161906900,148065500,13841400,382049,227066,537032,SARIMA,6.78,3,sltda_district_telecom,forecast
Galle Fort,2028,12,December,156253,57576,98677,125002,187503,346271100,316668000,29603100,382049,227066,537032,SARIMA,6.78,3,sltda_district_telecom,forecast
Nuwara Eliya,2028,12,December,56570,20845,35725,45256,67884,125365000,114647500,10717500,382049,227066,537032,SARIMA,6.78,3,sltda_district_telecom,forecast
Unawatuna,2028,12,December,89287,32901,56386,71429,107144,197871300,180955500,16915800,382049,227066,537032,SARIMA,6.78,3,sltda_district_telecom,forecast
Adams Peak,2028,12,December,18856,6948,11908,15084,22627,41786400,38214000,3572400,382049,227066,537032,SARIMA,6.78,3,sltda_district_telecom,forecast
Bentota,2028,12,December,66965,24675,42290,53572,80358,148399500,135712500,12687000,382049,227066,537032,SARIMA,6.78,3,sltda_district_telecom,forecast
Arugam Bay,2028,12,December,42178,15542,26636,33742,50613,93471800,85481000,7990800,382049,227066,537032,SARIMA,6.78,3,sltda_district_telecom,forecast
Colombo,2028,12,December,70072,25820,44252,56057,84086,155285600,142010000,13275600,382049,227066,537032,SARIMA,6.78,3,sltda_district_telecom,forecast
Negombo,2028,12,December,87763,32339,55424,70210,105315,194491700,177864500,16627200,382049,227066,537032,SARIMA,6.78,3,sltda_district_telecom,forecast
Ella,2028,12,December,47850,17632,30218,38280,57420,106041400,96976000,9065400,382049,227066,537032,SARIMA,6.78,3,sltda_district_telecom,forecast
Pinnawala,2028,12,December,42325,15596,26729,33860,50790,93796700,85778000,8018700,382049,227066,537032,SARIMA,6.78,3,sltda_district_telecom,forecast
Sigiriya,2029,1,January,148981,93674,55307,111735,186226,597461956,592103366,5358590,383021,221202,544841,SARIMA,6.78,4,official_ticket_count,forecast
Yala,2029,1,January,157118,100398,56720,117838,196397,668713109,660758650,7954459,383021,221202,544841,SARIMA,6.78,4,official_ticket_count,forecast
Horton Plains,2029,1,January,45101,8322,36779,33825,56376,65850496,60535142,5315354,383021,221202,544841,SARIMA,6.78,4,official_ticket_count,forecast
Polonnaruwa,2029,1,January,31796,18515,13281,23847,39745,142902336,140936050,1966286,383021,221202,544841,SARIMA,6.78,4,official_ticket_count,forecast
Anuradhapura,2029,1,January,43304,27525,15779,32478,54130,140433668,137494667,2939001,383021,221202,544841,SARIMA,6.78,4,official_ticket_count,forecast
Mirissa,2029,1,January,20896,17253,3643,15672,26120,38141488,37784532,356956,383021,221202,544841,SARIMA,6.78,4,official_ticket_count,forecast
Jaffna,2029,1,January,28154,2336,25818,21115,35192,3991806,2712302,1279503,383021,221202,544841,SARIMA,6.78,4,official_ticket_count,forecast
Trincomalee,2029,1,January,15203,4692,10511,11402,19003,26974655,25543961,1430694,383021,221202,544841,SARIMA,6.78,4,official_ticket_count,forecast
Kandy,2029,1,January,104212,42538,61674,78159,130265,252461200,233959000,18502200,383021,221202,544841,SARIMA,6.78,4,sltda_district_telecom,forecast
Dambulla,2029,1,January,66120,26989,39131,49590,82650,160178800,148439500,11739300,383021,221202,544841,SARIMA,6.78,4,sltda_district_telecom,forecast
Galle Fort,2029,1,January,141414,57723,83691,106060,176767,342583800,317476500,25107300,383021,221202,544841,SARIMA,6.78,4,sltda_district_telecom,forecast
Nuwara Eliya,2029,1,January,51198,20898,30300,38398,63997,124029000,114939000,9090000,383021,221202,544841,SARIMA,6.78,4,sltda_district_telecom,forecast
Unawatuna,2029,1,January,80807,32984,47823,60605,101008,195758900,181412000,14346900,383021,221202,544841,SARIMA,6.78,4,sltda_district_telecom,forecast
Adams Peak,2029,1,January,17066,6966,10100,12799,21332,41343000,38313000,3030000,383021,221202,544841,SARIMA,6.78,4,sltda_district_telecom,forecast
Bentota,2029,1,January,60605,24738,35867,45453,75756,146819100,136059000,10760100,383021,221202,544841,SARIMA,6.78,4,sltda_district_telecom,forecast
Arugam Bay,2029,1,January,38172,15581,22591,28629,47715,92472800,85695500,6777300,383021,221202,544841,SARIMA,6.78,4,sltda_district_telecom,forecast
Colombo,2029,1,January,63418,25886,37532,47563,79272,153632600,142373000,11259600,383021,221202,544841,SARIMA,6.78,4,sltda_district_telecom,forecast
Negombo,2029,1,January,79428,32421,47007,59571,99285,192417600,178315500,14102100,383021,221202,544841,SARIMA,6.78,4,sltda_district_telecom,forecast
Ella,2029,1,January,43305,17676,25629,32478,54131,104906700,97218000,7688700,383021,221202,544841,SARIMA,6.78,4,sltda_district_telecom,forecast
Pinnawala,2029,1,January,38306,15636,22670,28729,47882,92799000,85998000,6801000,383021,221202,544841,SARIMA,6.78,4,sltda_district_telecom,forecast
Sigiriya,2029,2,February,146625,92093,54532,109968,183281,587393536,582110034,5283501,376559,208856,544262,SARIMA,6.78,4,official_ticket_count,forecast
Yala,2029,2,February,154630,98704,55926,115972,193287,657452879,649609771,7843107,376559,208856,544262,SARIMA,6.78,4,official_ticket_count,forecast
Horton Plains,2029,2,February,44445,8182,36263,33333,55556,64757548,59516767,5240781,376559,208856,544262,SARIMA,6.78,4,official_ticket_count,forecast
Polonnaruwa,2029,2,February,31298,18203,13095,23473,39122,140499856,138561108,1938748,376559,208856,544262,SARIMA,6.78,4,official_ticket_count,forecast
Anuradhapura,2029,2,February,42619,27061,15558,31964,53273,138074702,135176864,2897838,376559,208856,544262,SARIMA,6.78,4,official_ticket_count,forecast
Mirissa,2029,2,February,20553,16962,3591,15414,25691,37499095,37147234,351861,376559,208856,544262,SARIMA,6.78,4,official_ticket_count,forecast
Jaffna,2029,2,February,27752,2296,25456,20814,34690,3927422,2665859,1261563,376559,208856,544262,SARIMA,6.78,4,official_ticket_count,forecast
Trincomalee,2029,2,February,14977,4613,10364,11232,18721,26524559,25113873,1410685,376559,208856,544262,SARIMA,6.78,4,official_ticket_count,forecast
Kandy,2029,2,February,102630,41820,60810,76972,128287,248253000,230010000,18243000,376559,208856,544262,SARIMA,6.78,4,sltda_district_telecom,forecast
Dambulla,2029,2,February,65117,26534,38583,48837,81396,157511900,145937000,11574900,376559,208856,544262,SARIMA,6.78,4,sltda_district_telecom,forecast
Galle Fort,2029,2,February,139267,56749,82518,104450,174083,336874900,312119500,24755400,376559,208856,544262,SARIMA,6.78,4,sltda_district_telecom,forecast
Nuwara Eliya,2029,2,February,50421,20546,29875,37815,63026,121965500,113003000,8962500,376559,208856,544262,SARIMA,6.78,4,sltda_district_telecom,forecast
Unawatuna,2029,2,February,79581,32428,47153,59685,99476,192499900,178354000,14145900,376559,208856,544262,SARIMA,6.78,4,sltda_district_telecom,forecast
Adams Peak,2029,2,February,16806,6848,9958,12604,21007,40651400,37664000,2987400,376559,208856,544262,SARIMA,6.78,4,sltda_district_telecom,forecast
Bentota,2029,2,February,59685,24321,35364,44763,74606,144374700,133765500,10609200,376559,208856,544262,SARIMA,6.78,4,sltda_district_telecom,forecast
Arugam Bay,2029,2,February,37593,15319,22274,28194,46991,90936700,84254500,6682200,376559,208856,544262,SARIMA,6.78,4,sltda_district_telecom,forecast
Colombo,2029,2,February,62455,25449,37006,46841,78068,151071300,139969500,11101800,376559,208856,544262,SARIMA,6.78,4,sltda_district_telecom,forecast
Negombo,2029,2,February,78222,31874,46348,58666,97777,189211400,175307000,13904400,376559,208856,544262,SARIMA,6.78,4,sltda_district_telecom,forecast
Ella,2029,2,February,42647,17378,25269,31985,53308,103159700,95579000,7580700,376559,208856,544262,SARIMA,6.78,4,sltda_district_telecom,forecast
Pinnawala,2029,2,February,37724,15372,22352,28293,47155,91251600,84546000,6705600,376559,208856,544262,SARIMA,6.78,4,sltda_district_telecom,forecast
Sigiriya,2029,3,March,143557,90007,53550,107667,179446,574113008,568924650,5188357,368030,194536,541524,SARIMA,6.78,4,official_ticket_count,forecast
Yala,2029,3,March,151387,96469,54918,113540,189233,642602104,634900359,7701745,368030,194536,541524,SARIMA,6.78,4,official_ticket_count,forecast
Horton Plains,2029,3,March,43606,7996,35610,32704,54507,63310191,58163782,5146408,368030,194536,541524,SARIMA,6.78,4,official_ticket_count,forecast
Polonnaruwa,2029,3,March,30650,17791,12859,22987,38312,137328775,135424967,1903808,368030,194536,541524,SARIMA,6.78,4,official_ticket_count,forecast
Anuradhapura,2029,3,March,41726,26448,15278,31294,52157,134960452,132114766,2845685,368030,194536,541524,SARIMA,6.78,4,official_ticket_count,forecast
Mirissa,2029,3,March,20105,16578,3527,15078,25131,36651854,36306263,345590,368030,194536,541524,SARIMA,6.78,4,official_ticket_count,forecast
Jaffna,2029,3,March,27241,2244,24997,20430,34051,3844298,2605482,1238816,368030,194536,541524,SARIMA,6.78,4,official_ticket_count,forecast
Trincomalee,2029,3,March,14686,4509,10177,11014,18357,25932914,24547681,1385232,368030,194536,541524,SARIMA,6.78,4,official_ticket_count,forecast
Kandy,2029,3,March,100587,40873,59714,75440,125733,242715700,224801500,17914200,368030,194536,541524,SARIMA,6.78,4,sltda_district_telecom,forecast
Dambulla,2029,3,March,63821,25933,37888,47865,79776,153997900,142631500,11366400,368030,194536,541524,SARIMA,6.78,4,sltda_district_telecom,forecast
Galle Fort,2029,3,March,136495,55464,81031,102371,170618,329361300,305052000,24309300,368030,194536,541524,SARIMA,6.78,4,sltda_district_telecom,forecast
Nuwara Eliya,2029,3,March,49417,20080,29337,37062,61771,119241100,110440000,8801100,368030,194536,541524,SARIMA,6.78,4,sltda_district_telecom,forecast
Unawatuna,2029,3,March,77996,31693,46303,58497,97495,188202400,174311500,13890900,368030,194536,541524,SARIMA,6.78,4,sltda_district_telecom,forecast
Adams Peak,2029,3,March,16472,6693,9779,12354,20590,39745200,36811500,2933700,368030,194536,541524,SARIMA,6.78,4,sltda_district_telecom,forecast
Bentota,2029,3,March,58497,23770,34727,43872,73121,141153100,130735000,10418100,368030,194536,541524,SARIMA,6.78,4,sltda_district_telecom,forecast
Arugam Bay,2029,3,March,36845,14972,21873,27633,46056,88907900,82346000,6561900,368030,194536,541524,SARIMA,6.78,4,sltda_district_telecom,forecast
Colombo,2029,3,March,61212,24873,36339,45909,76515,147703200,136801500,10901700,368030,194536,541524,SARIMA,6.78,4,sltda_district_telecom,forecast
Negombo,2029,3,March,76665,31152,45513,57498,95831,184989900,171336000,13653900,368030,194536,541524,SARIMA,6.78,4,sltda_district_telecom,forecast
Ella,2029,3,March,41799,16985,24814,31349,52248,100861700,93417500,7444200,368030,194536,541524,SARIMA,6.78,4,sltda_district_telecom,forecast
Pinnawala,2029,3,March,36973,15024,21949,27729,46216,89216700,82632000,6584700,368030,194536,541524,SARIMA,6.78,4,sltda_district_telecom,forecast
Sigiriya,2029,4,April,118716,76942,41774,89037,148395,490389582,486342178,4047403,314608,135510,493706,SARIMA,6.78,4,official_ticket_count,forecast
Yala,2029,4,April,125308,82466,42842,93981,156635,548749316,542741119,6008196,314608,135510,493706,SARIMA,6.78,4,official_ticket_count,forecast
Horton Plains,2029,4,April,34616,6836,27780,25962,43270,53740621,49725815,4014805,314608,135510,493706,SARIMA,6.78,4,official_ticket_count,forecast
Polonnaruwa,2029,4,April,25239,15208,10031,18929,31548,117248304,115763189,1485115,314608,135510,493706,SARIMA,6.78,4,official_ticket_count,forecast
Anuradhapura,2029,4,April,34527,22609,11918,25895,43158,115157795,112937944,2219850,314608,135510,493706,SARIMA,6.78,4,official_ticket_count,forecast
Mirissa,2029,4,April,16922,14171,2751,12691,21152,31304424,31034869,269554,314608,135510,493706,SARIMA,6.78,4,official_ticket_count,forecast
Jaffna,2029,4,April,21418,1918,19500,16063,26772,3193360,2226967,966392,314608,135510,493706,SARIMA,6.78,4,official_ticket_count,forecast
Trincomalee,2029,4,April,11793,3854,7939,8844,14741,22062371,20981761,1080609,314608,135510,493706,SARIMA,6.78,4,official_ticket_count,forecast
Kandy,2029,4,April,81523,34940,46583,61142,101903,206144900,192170000,13974900,314608,135510,493706,SARIMA,6.78,4,sltda_district_telecom,forecast
Dambulla,2029,4,April,51725,22169,29556,38793,64656,130796300,121929500,8866800,314608,135510,493706,SARIMA,6.78,4,sltda_district_telecom,forecast
Galle Fort,2029,4,April,110626,47413,63213,82969,138282,279735400,260771500,18963900,314608,135510,493706,SARIMA,6.78,4,sltda_district_telecom,forecast
Nuwara Eliya,2029,4,April,40051,17165,22886,30038,50063,101273300,94407500,6865800,314608,135510,493706,SARIMA,6.78,4,sltda_district_telecom,forecast
Unawatuna,2029,4,April,63214,27093,36121,47410,79017,159847800,149011500,10836300,314608,135510,493706,SARIMA,6.78,4,sltda_district_telecom,forecast
Adams Peak,2029,4,April,13349,5721,7628,10011,16686,33753900,31465500,2288400,314608,135510,493706,SARIMA,6.78,4,sltda_district_telecom,forecast
Bentota,2029,4,April,47410,20319,27091,35557,59262,119881800,111754500,8127300,314608,135510,493706,SARIMA,6.78,4,sltda_district_telecom,forecast
Arugam Bay,2029,4,April,29861,12798,17063,22395,37326,75507900,70389000,5118900,314608,135510,493706,SARIMA,6.78,4,sltda_district_telecom,forecast
Colombo,2029,4,April,49610,21262,28348,37207,62012,125445400,116941000,8504400,314608,135510,493706,SARIMA,6.78,4,sltda_district_telecom,forecast
Negombo,2029,4,April,62135,26630,35505,46601,77668,157116500,146465000,10651500,314608,135510,493706,SARIMA,6.78,4,sltda_district_telecom,forecast
Ella,2029,4,April,33877,14519,19358,25407,42346,85661900,79854500,5807400,314608,135510,493706,SARIMA,6.78,4,sltda_district_telecom,forecast
Pinnawala,2029,4,April,29966,12843,17123,22474,37457,75773400,70636500,5136900,314608,135510,493706,SARIMA,6.78,4,sltda_district_telecom,forecast
Sigiriya,2029,5,May,101811,67309,34502,76358,127263,428795845,425453012,3342833,275220,90688,459751,SARIMA,6.78,4,official_ticket_count,forecast
Yala,2029,5,May,107525,72141,35384,80643,134406,479750522,474788241,4962280,275220,90688,459751,SARIMA,6.78,4,official_ticket_count,forecast
Horton Plains,2029,5,May,28923,5980,22943,21692,36153,46814932,43499177,3315755,275220,90688,459751,SARIMA,6.78,4,official_ticket_count,forecast
Polonnaruwa,2029,5,May,21589,13304,8285,16191,26986,102496570,101269954,1226615,275220,90688,459751,SARIMA,6.78,4,official_ticket_count,forecast
Anuradhapura,2029,5,May,29621,19778,9843,22215,37026,100629710,98796349,1833360,275220,90688,459751,SARIMA,6.78,4,official_ticket_count,forecast
Mirissa,2029,5,May,14669,12397,2272,11001,18336,27372382,27149761,222620,275220,90688,459751,SARIMA,6.78,4,official_ticket_count,forecast
Jaffna,2029,5,May,17784,1678,16106,13338,22230,2746497,1948306,798190,275220,90688,459751,SARIMA,6.78,4,official_ticket_count,forecast
Trincomalee,2029,5,May,9929,3372,6557,7446,12411,19250180,18357680,892499,275220,90688,459751,SARIMA,6.78,4,official_ticket_count,forecast
Kandy,2029,5,May,69039,30565,38474,51779,86298,179649700,168107500,11542200,275220,90688,459751,SARIMA,6.78,4,sltda_district_telecom,forecast
Dambulla,2029,5,May,43804,19393,24411,32853,54755,113984800,106661500,7323300,275220,90688,459751,SARIMA,6.78,4,sltda_district_telecom,forecast
Galle Fort,2029,5,May,93685,41477,52208,70263,117106,243785900,228123500,15662400,275220,90688,459751,SARIMA,6.78,4,sltda_district_telecom,forecast
Nuwara Eliya,2029,5,May,33918,15016,18902,25438,42397,88258600,82588000,5670600,275220,90688,459751,SARIMA,6.78,4,sltda_district_telecom,forecast
Unawatuna,2029,5,May,53534,23701,29833,40150,66917,139305400,130355500,8949900,275220,90688,459751,SARIMA,6.78,4,sltda_district_telecom,forecast
Adams Peak,2029,5,May,11305,5005,6300,8478,14131,29417500,27527500,1890000,275220,90688,459751,SARIMA,6.78,4,sltda_district_telecom,forecast
Bentota,2029,5,May,40150,17775,22375,30112,50187,104475000,97762500,6712500,275220,90688,459751,SARIMA,6.78,4,sltda_district_telecom,forecast
Arugam Bay,2029,5,May,25289,11196,14093,18966,31611,65805900,61578000,4227900,275220,90688,459751,SARIMA,6.78,4,sltda_district_telecom,forecast
Colombo,2029,5,May,42013,18600,23413,31509,52516,109323900,102300000,7023900,275220,90688,459751,SARIMA,6.78,4,sltda_district_telecom,forecast
Negombo,2029,5,May,52620,23296,29324,39465,65775,136925200,128128000,8797200,275220,90688,459751,SARIMA,6.78,4,sltda_district_telecom,forecast
Ella,2029,5,May,28689,12701,15988,21516,35861,74651900,69855500,4796400,275220,90688,459751,SARIMA,6.78,4,sltda_district_telecom,forecast
Pinnawala,2029,5,May,25377,11235,14142,19032,31721,66035100,61792500,4242600,275220,90688,459751,SARIMA,6.78,4,sltda_district_telecom,forecast
Sigiriya,2029,6,June,105877,68591,37286,79407,132346,437168967,433556398,3612569,280460,90651,470270,SARIMA,6.78,4,official_ticket_count,forecast
Yala,2029,6,June,111754,73515,38239,83815,139692,489193743,483831074,5362668,280460,90651,470270,SARIMA,6.78,4,official_ticket_count,forecast
Horton Plains,2029,6,June,30889,6094,24795,23166,38611,47911835,44328425,3583409,280460,90651,470270,SARIMA,6.78,4,official_ticket_count,forecast
Polonnaruwa,2029,6,June,22510,13557,8953,16882,28137,104521303,103195788,1325514,280460,90651,470270,SARIMA,6.78,4,official_ticket_count,forecast
Anuradhapura,2029,6,June,30793,20155,10638,23094,38491,102661001,100679564,1981437,280460,90651,470270,SARIMA,6.78,4,official_ticket_count,forecast
Mirissa,2029,6,June,15089,12633,2456,11316,18861,27907257,27666608,240649,280460,90651,470270,SARIMA,6.78,4,official_ticket_count,forecast
Jaffna,2029,6,June,19115,1710,17405,14336,23893,2848028,1985461,862567,280460,90651,470270,SARIMA,6.78,4,official_ticket_count,forecast
Trincomalee,2029,6,June,10522,3436,7086,7891,13152,19670610,18706106,964504,280460,90651,470270,SARIMA,6.78,4,official_ticket_count,forecast
Kandy,2029,6,June,72725,31147,41578,54543,90906,183781900,171308500,12473400,280460,90651,470270,SARIMA,6.78,4,sltda_district_telecom,forecast
Dambulla,2029,6,June,46143,19762,26381,34607,57678,116605300,108691000,7914300,280460,90651,470270,SARIMA,6.78,4,sltda_district_telecom,forecast
Galle Fort,2029,6,June,98688,42267,56421,74016,123360,249394800,232468500,16926300,280460,90651,470270,SARIMA,6.78,4,sltda_district_telecom,forecast
Nuwara Eliya,2029,6,June,35729,15302,20427,26796,44661,90289100,84161000,6128100,280460,90651,470270,SARIMA,6.78,4,sltda_district_telecom,forecast
Unawatuna,2029,6,June,56393,24152,32241,42294,70491,142508300,132836000,9672300,280460,90651,470270,SARIMA,6.78,4,sltda_district_telecom,forecast
Adams Peak,2029,6,June,11909,5100,6809,8931,14886,30092700,28050000,2042700,280460,90651,470270,SARIMA,6.78,4,sltda_district_telecom,forecast
Bentota,2029,6,June,42294,18114,24180,31720,52867,106881000,99627000,7254000,280460,90651,470270,SARIMA,6.78,4,sltda_district_telecom,forecast
Arugam Bay,2029,6,June,26639,11409,15230,19979,33298,67318500,62749500,4569000,280460,90651,470270,SARIMA,6.78,4,sltda_district_telecom,forecast
Colombo,2029,6,June,44257,18955,25302,33192,55321,111843100,104252500,7590600,280460,90651,470270,SARIMA,6.78,4,sltda_district_telecom,forecast
Negombo,2029,6,June,55430,23740,31690,41572,69287,140077000,130570000,9507000,280460,90651,470270,SARIMA,6.78,4,sltda_district_telecom,forecast
Ella,2029,6,June,30221,12943,17278,22665,37776,76369900,71186500,5183400,280460,90651,470270,SARIMA,6.78,4,sltda_district_telecom,forecast
Pinnawala,2029,6,June,26732,11449,15283,20049,33415,67554400,62969500,4584900,280460,90651,470270,SARIMA,6.78,4,sltda_district_telecom,forecast
Sigiriya,2029,7,July,139775,84028,55747,104831,174718,536533250,531132029,5401220,343581,148637,538526,SARIMA,6.78,4,official_ticket_count,forecast
Yala,2029,7,July,147232,90060,57172,110424,184040,600738062,592720214,8017847,343581,148637,538526,SARIMA,6.78,4,official_ticket_count,forecast
Horton Plains,2029,7,July,44536,7465,37071,33402,55670,59658784,54301230,5357554,343581,148637,538526,SARIMA,6.78,4,official_ticket_count,forecast
Polonnaruwa,2029,7,July,29995,16609,13386,22496,37493,128409423,126427591,1981831,343581,148637,538526,SARIMA,6.78,4,official_ticket_count,forecast
Anuradhapura,2029,7,July,40596,24691,15905,30447,50745,126300556,123338086,2962470,343581,148637,538526,SARIMA,6.78,4,official_ticket_count,forecast
Mirissa,2029,7,July,19149,15477,3672,14361,23936,34254842,33895044,359798,343581,148637,538526,SARIMA,6.78,4,official_ticket_count,forecast
Jaffna,2029,7,July,28118,2095,26023,21088,35147,3722143,2432480,1289663,343581,148637,538526,SARIMA,6.78,4,official_ticket_count,forecast
Trincomalee,2029,7,July,14804,4209,10595,11103,18505,24356564,22914435,1442128,343581,148637,538526,SARIMA,6.78,4,official_ticket_count,forecast
Kandy,2029,7,July,100322,38157,62165,75241,125402,228513000,209863500,18649500,343581,148637,538526,SARIMA,6.78,4,sltda_district_telecom,forecast
Dambulla,2029,7,July,63652,24210,39442,47739,79565,144987600,133155000,11832600,343581,148637,538526,SARIMA,6.78,4,sltda_district_telecom,forecast
Galle Fort,2029,7,July,136136,51779,84357,102102,170170,310091600,284784500,25307100,343581,148637,538526,SARIMA,6.78,4,sltda_district_telecom,forecast
Nuwara Eliya,2029,7,July,49287,18746,30541,36965,61608,112265300,103103000,9162300,343581,148637,538526,SARIMA,6.78,4,sltda_district_telecom,forecast
Unawatuna,2029,7,July,77791,29588,48203,58343,97238,177194900,162734000,14460900,343581,148637,538526,SARIMA,6.78,4,sltda_district_telecom,forecast
Adams Peak,2029,7,July,16428,6248,10180,12321,20535,37418000,34364000,3054000,343581,148637,538526,SARIMA,6.78,4,sltda_district_telecom,forecast
Bentota,2029,7,July,58343,22191,36152,43757,72928,132896100,122050500,10845600,343581,148637,538526,SARIMA,6.78,4,sltda_district_telecom,forecast
Arugam Bay,2029,7,July,36748,13977,22771,27561,45935,83704800,76873500,6831300,343581,148637,538526,SARIMA,6.78,4,sltda_district_telecom,forecast
Colombo,2029,7,July,61051,23221,37830,45788,76313,139064500,127715500,11349000,343581,148637,538526,SARIMA,6.78,4,sltda_district_telecom,forecast
Negombo,2029,7,July,76464,29083,47381,57348,95580,174170800,159956500,14214300,343581,148637,538526,SARIMA,6.78,4,sltda_district_telecom,forecast
Ella,2029,7,July,41689,15856,25833,31266,52111,94957900,87208000,7749900,343581,148637,538526,SARIMA,6.78,4,sltda_district_telecom,forecast
Pinnawala,2029,7,July,36876,14026,22850,27657,46095,83998000,77143000,6855000,343581,148637,538526,SARIMA,6.78,4,sltda_district_telecom,forecast
Sigiriya,2029,8,August,134943,82286,52657,101207,168678,525222869,520121032,5101836,336458,136510,536406,SARIMA,6.78,4,official_ticket_count,forecast
Yala,2029,8,August,142196,88193,54003,106647,177745,588006179,580432754,7573424,336458,136510,536406,SARIMA,6.78,4,official_ticket_count,forecast
Horton Plains,2029,8,August,42327,7310,35017,31745,52908,58234450,53173743,5060707,336458,136510,536406,SARIMA,6.78,4,official_ticket_count,forecast
Polonnaruwa,2029,8,August,28908,16264,12644,21681,36135,125673430,123801453,1871976,336458,136510,536406,SARIMA,6.78,4,official_ticket_count,forecast
Anuradhapura,2029,8,August,39202,24179,15023,29401,49002,123578699,120780510,2798188,336458,136510,536406,SARIMA,6.78,4,official_ticket_count,forecast
Mirissa,2029,8,August,18624,15156,3468,13968,23280,33531855,33192045,339809,336458,136510,536406,SARIMA,6.78,4,official_ticket_count,forecast
Jaffna,2029,8,August,26633,2052,24581,19974,33291,3600753,2382553,1218199,336458,136510,536406,SARIMA,6.78,4,official_ticket_count,forecast
Trincomalee,2029,8,August,14130,4122,10008,10597,17662,23803023,22440794,1362229,336458,136510,536406,SARIMA,6.78,4,official_ticket_count,forecast
Kandy,2029,8,August,96085,37366,58719,72063,120106,223128700,205513000,17615700,336458,136510,536406,SARIMA,6.78,4,sltda_district_telecom,forecast
Dambulla,2029,8,August,60964,23708,37256,45723,76205,141570800,130394000,11176800,336458,136510,536406,SARIMA,6.78,4,sltda_district_telecom,forecast
Galle Fort,2029,8,August,130387,50706,79681,97790,162983,302787300,278883000,23904300,336458,136510,536406,SARIMA,6.78,4,sltda_district_telecom,forecast
Nuwara Eliya,2029,8,August,47206,18358,28848,35404,59007,109623400,100969000,8654400,336458,136510,536406,SARIMA,6.78,4,sltda_district_telecom,forecast
Unawatuna,2029,8,August,74506,28974,45532,55879,93132,173016600,159357000,13659600,336458,136510,536406,SARIMA,6.78,4,sltda_district_telecom,forecast
Adams Peak,2029,8,August,15735,6119,9616,11801,19668,36539300,33654500,2884800,336458,136510,536406,SARIMA,6.78,4,sltda_district_telecom,forecast
Bentota,2029,8,August,55880,21731,34149,41910,69850,129765200,119520500,10244700,336458,136510,536406,SARIMA,6.78,4,sltda_district_telecom,forecast
Arugam Bay,2029,8,August,35196,13687,21509,26397,43995,81731200,75278500,6452700,336458,136510,536406,SARIMA,6.78,4,sltda_district_telecom,forecast
Colombo,2029,8,August,58473,22739,35734,43854,73091,135784700,125064500,10720200,336458,136510,536406,SARIMA,6.78,4,sltda_district_telecom,forecast
Negombo,2029,8,August,73235,28480,44755,54926,91543,170066500,156640000,13426500,336458,136510,536406,SARIMA,6.78,4,sltda_district_telecom,forecast
Ella,2029,8,August,39929,15528,24401,29946,49911,92724300,85404000,7320300,336458,136510,536406,SARIMA,6.78,4,sltda_district_telecom,forecast
Pinnawala,2029,8,August,35319,13735,21584,26489,44148,82017700,75542500,6475200,336458,136510,536406,SARIMA,6.78,4,sltda_district_telecom,forecast
Sigiriya,2029,9,September,114336,72726,41610,85752,142920,463724805,459693292,4031513,297369,92540,502198,SARIMA,6.78,4,official_ticket_count,forecast
Yala,2029,9,September,120621,77947,42674,90465,150776,518984442,512999806,5984636,297369,92540,502198,SARIMA,6.78,4,official_ticket_count,forecast
Horton Plains,2029,9,September,34132,6461,27671,25599,42665,50997077,46998024,3999052,297369,92540,502198,SARIMA,6.78,4,official_ticket_count,forecast
Polonnaruwa,2029,9,September,24367,14375,9992,18275,30458,110901740,109422399,1479341,297369,92540,502198,SARIMA,6.78,4,official_ticket_count,forecast
Anuradhapura,2029,9,September,33242,21370,11872,24931,41552,108960094,106748811,2211282,297369,92540,502198,SARIMA,6.78,4,official_ticket_count,forecast
Mirissa,2029,9,September,16135,13395,2740,12101,20168,29603885,29335408,268476,297369,92540,502198,SARIMA,6.78,4,official_ticket_count,forecast
Jaffna,2029,9,September,21237,1813,19424,15927,26546,3067679,2105053,962626,297369,92540,502198,SARIMA,6.78,4,official_ticket_count,forecast
Trincomalee,2029,9,September,11551,3643,7908,8663,14438,20909435,19833045,1076389,297369,92540,502198,SARIMA,6.78,4,official_ticket_count,forecast
Kandy,2029,9,September,79426,33025,46401,59569,99282,195557800,181637500,13920300,297369,92540,502198,SARIMA,6.78,4,sltda_district_telecom,forecast
Dambulla,2029,9,September,50394,20954,29440,37795,62992,124079000,115247000,8832000,297369,92540,502198,SARIMA,6.78,4,sltda_district_telecom,forecast
Galle Fort,2029,9,September,107780,44815,62965,80835,134725,265372000,246482500,18889500,297369,92540,502198,SARIMA,6.78,4,sltda_district_telecom,forecast
Nuwara Eliya,2029,9,September,39021,16225,22796,29265,48776,96076300,89237500,6838800,297369,92540,502198,SARIMA,6.78,4,sltda_district_telecom,forecast
Unawatuna,2029,9,September,61588,25608,35980,46191,76985,151638000,140844000,10794000,297369,92540,502198,SARIMA,6.78,4,sltda_district_telecom,forecast
Adams Peak,2029,9,September,13006,5408,7598,9754,16257,32023400,29744000,2279400,297369,92540,502198,SARIMA,6.78,4,sltda_district_telecom,forecast
Bentota,2029,9,September,46191,19206,26985,34643,57738,113728500,105633000,8095500,297369,92540,502198,SARIMA,6.78,4,sltda_district_telecom,forecast
Arugam Bay,2029,9,September,29093,12097,16996,21819,36366,71632300,66533500,5098800,297369,92540,502198,SARIMA,6.78,4,sltda_district_telecom,forecast
Colombo,2029,9,September,48334,20097,28237,36250,60417,119004600,110533500,8471100,297369,92540,502198,SARIMA,6.78,4,sltda_district_telecom,forecast
Negombo,2029,9,September,60537,25171,35366,45402,75671,149050300,138440500,10609800,297369,92540,502198,SARIMA,6.78,4,sltda_district_telecom,forecast
Ella,2029,9,September,33006,13724,19282,24754,41257,81266600,75482000,5784600,297369,92540,502198,SARIMA,6.78,4,sltda_district_telecom,forecast
Pinnawala,2029,9,September,29195,12139,17056,21896,36493,71881300,66764500,5116800,297369,92540,502198,SARIMA,6.78,4,sltda_district_telecom,forecast
Sigiriya,2029,10,October,118583,74433,44150,88937,148228,474760666,470483057,4277609,304350,94753,513946,SARIMA,6.78,4,official_ticket_count,forecast
Yala,2029,10,October,125055,79777,45278,93791,156318,531393578,525043754,6349823,304350,94753,513946,SARIMA,6.78,4,official_ticket_count,forecast
Horton Plains,2029,10,October,35972,6613,29359,26979,44965,52346693,48103688,4243005,304350,94753,513946,SARIMA,6.78,4,official_ticket_count,forecast
Polonnaruwa,2029,10,October,25313,14712,10601,18984,31641,113557146,111987640,1569505,304350,94753,513946,SARIMA,6.78,4,official_ticket_count,forecast
Anuradhapura,2029,10,October,34468,21872,12596,25851,43085,111602569,109256434,2346135,304350,94753,513946,SARIMA,6.78,4,official_ticket_count,forecast
Mirissa,2029,10,October,16617,13709,2908,12462,20771,30308015,30023077,284938,304350,94753,513946,SARIMA,6.78,4,official_ticket_count,forecast
Jaffna,2029,10,October,22465,1856,20609,16848,28081,3176333,2154980,1021353,304350,94753,513946,SARIMA,6.78,4,official_ticket_count,forecast
Trincomalee,2029,10,October,12120,3729,8391,9090,15150,21443375,20301242,1142132,304350,94753,513946,SARIMA,6.78,4,official_ticket_count,forecast
Kandy,2029,10,October,83032,33800,49232,62274,103790,200669600,185900000,14769600,304350,94753,513946,SARIMA,6.78,4,sltda_district_telecom,forecast
Dambulla,2029,10,October,52683,21446,31237,39512,65853,127324100,117953000,9371100,304350,94753,513946,SARIMA,6.78,4,sltda_district_telecom,forecast
Galle Fort,2029,10,October,112675,45867,66808,84506,140843,272310900,252268500,20042400,304350,94753,513946,SARIMA,6.78,4,sltda_district_telecom,forecast
Nuwara Eliya,2029,10,October,40793,16606,24187,30594,50991,98589100,91333000,7256100,304350,94753,513946,SARIMA,6.78,4,sltda_district_telecom,forecast
Unawatuna,2029,10,October,64385,26209,38176,48288,80481,155602300,144149500,11452800,304350,94753,513946,SARIMA,6.78,4,sltda_district_telecom,forecast
Adams Peak,2029,10,October,13597,5535,8062,10197,16996,32861100,30442500,2418600,304350,94753,513946,SARIMA,6.78,4,sltda_district_telecom,forecast
Bentota,2029,10,October,48289,19657,28632,36216,60361,116703100,108113500,8589600,304350,94753,513946,SARIMA,6.78,4,sltda_district_telecom,forecast
Arugam Bay,2029,10,October,30415,12381,18034,22811,38018,73505700,68095500,5410200,304350,94753,513946,SARIMA,6.78,4,sltda_district_telecom,forecast
Colombo,2029,10,October,50529,20569,29960,37896,63161,122117500,113129500,8988000,304350,94753,513946,SARIMA,6.78,4,sltda_district_telecom,forecast
Negombo,2029,10,October,63286,25762,37524,47464,79107,152948200,141691000,11257200,304350,94753,513946,SARIMA,6.78,4,sltda_district_telecom,forecast
Ella,2029,10,October,34504,14046,20458,25878,43130,83390400,77253000,6137400,304350,94753,513946,SARIMA,6.78,4,sltda_district_telecom,forecast
Pinnawala,2029,10,October,30520,12424,18096,22890,38150,73760800,68332000,5428800,304350,94753,513946,SARIMA,6.78,4,sltda_district_telecom,forecast
Sigiriya,2029,11,November,136906,85966,50940,102679,171132,548317400,543381920,4935479,351505,137247,565763,SARIMA,6.78,4,official_ticket_count,forecast
Yala,2029,11,November,144379,92137,52242,108284,180473,613716227,606389766,7326460,351505,137247,565763,SARIMA,6.78,4,official_ticket_count,forecast
Horton Plains,2029,11,November,41512,7637,33875,31134,51890,60448041,55552377,4895664,351505,137247,565763,SARIMA,6.78,4,official_ticket_count,forecast
Polonnaruwa,2029,11,November,29224,16992,12232,21918,36530,131153963,129342984,1810979,351505,137247,565763,SARIMA,6.78,4,official_ticket_count,forecast
Anuradhapura,2029,11,November,39793,25260,14533,29844,49741,128887313,126180392,2706921,351505,137247,565763,SARIMA,6.78,4,official_ticket_count,forecast
Mirissa,2029,11,November,19189,15834,3355,14391,23986,35005621,34676884,328737,351505,137247,565763,SARIMA,6.78,4,official_ticket_count,forecast
Jaffna,2029,11,November,25922,2143,23779,19441,32402,3666666,2488212,1178453,351505,137247,565763,SARIMA,6.78,4,official_ticket_count,forecast
Trincomalee,2029,11,November,13987,4306,9681,10490,17483,24760238,23442518,1317719,351505,137247,565763,SARIMA,6.78,4,official_ticket_count,forecast
Kandy,2029,11,November,95841,39037,56804,71880,119801,231744700,214703500,17041200,351505,137247,565763,SARIMA,6.78,4,sltda_district_telecom,forecast
Dambulla,2029,11,November,60809,24768,36041,45606,76011,147036300,136224000,10812300,351505,137247,565763,SARIMA,6.78,4,sltda_district_telecom,forecast
Galle Fort,2029,11,November,130056,52973,77083,97542,162570,314476400,291351500,23124900,351505,137247,565763,SARIMA,6.78,4,sltda_district_telecom,forecast
Nuwara Eliya,2029,11,November,47086,19179,27907,35314,58857,113856600,105484500,8372100,351505,137247,565763,SARIMA,6.78,4,sltda_district_telecom,forecast
Unawatuna,2029,11,November,74317,30270,44047,55737,92896,179699100,166485000,13214100,351505,137247,565763,SARIMA,6.78,4,sltda_district_telecom,forecast
Adams Peak,2029,11,November,15695,6393,9302,11771,19618,37952100,35161500,2790600,351505,137247,565763,SARIMA,6.78,4,sltda_district_telecom,forecast
Bentota,2029,11,November,55738,22703,33035,41803,69672,134777000,124866500,9910500,351505,137247,565763,SARIMA,6.78,4,sltda_district_telecom,forecast
Arugam Bay,2029,11,November,35106,14299,20807,26329,43882,84886600,78644500,6242100,351505,137247,565763,SARIMA,6.78,4,sltda_district_telecom,forecast
Colombo,2029,11,November,58324,23756,34568,43743,72905,141028400,130658000,10370400,351505,137247,565763,SARIMA,6.78,4,sltda_district_telecom,forecast
Negombo,2029,11,November,73049,29754,43295,54786,91311,176635500,163647000,12988500,351505,137247,565763,SARIMA,6.78,4,sltda_district_telecom,forecast
Ella,2029,11,November,39827,16222,23605,29870,49783,96302500,89221000,7081500,351505,137247,565763,SARIMA,6.78,4,sltda_district_telecom,forecast
Pinnawala,2029,11,November,35229,14349,20880,26421,44036,85183500,78919500,6264000,351505,137247,565763,SARIMA,6.78,4,sltda_district_telecom,forecast
Sigiriya,2029,12,December,169676,101857,67819,127257,212095,650398091,643827237,6570853,416480,197660,635300,SARIMA,6.78,4,official_ticket_count,forecast
Yala,2029,12,December,178721,109169,69552,134040,223401,728238074,718484045,9754029,416480,197660,635300,SARIMA,6.78,4,official_ticket_count,forecast
Horton Plains,2029,12,December,54148,9049,45099,40611,67685,72341193,65823420,6517772,416480,197660,635300,SARIMA,6.78,4,official_ticket_count,forecast
Polonnaruwa,2029,12,December,36418,20133,16285,27313,45522,155663290,153252254,2411036,416480,197660,635300,SARIMA,6.78,4,official_ticket_count,forecast
Anuradhapura,2029,12,December,49279,29930,19349,36959,61598,153112230,149508279,3603951,416480,197660,635300,SARIMA,6.78,4,official_ticket_count,forecast
Mirissa,2029,12,December,23227,18760,4467,17420,29033,41522597,41084902,437695,416480,197660,635300,SARIMA,6.78,4,official_ticket_count,forecast
Jaffna,2029,12,December,34198,2540,31658,25648,42747,4518090,2949164,1568926,416480,197660,635300,SARIMA,6.78,4,official_ticket_count,forecast
Trincomalee,2029,12,December,17992,5102,12890,13494,22490,29530573,27776063,1754509,416480,197660,635300,SARIMA,6.78,4,official_ticket_count,forecast
Kandy,2029,12,December,121879,46253,75626,91409,152348,277079300,254391500,22687800,416480,197660,635300,SARIMA,6.78,4,sltda_district_telecom,forecast
Dambulla,2029,12,December,77331,29347,47984,57998,96663,175803700,161408500,14395200,416480,197660,635300,SARIMA,6.78,4,sltda_district_telecom,forecast
Galle Fort,2029,12,December,165389,62765,102624,124041,206736,375994700,345207500,30787200,416480,197660,635300,SARIMA,6.78,4,sltda_district_telecom,forecast
Nuwara Eliya,2029,12,December,59879,22724,37155,44909,74848,136128500,124982000,11146500,416480,197660,635300,SARIMA,6.78,4,sltda_district_telecom,forecast
Unawatuna,2029,12,December,94508,35866,58642,70881,118135,214855600,197263000,17592600,416480,197660,635300,SARIMA,6.78,4,sltda_district_telecom,forecast
Adams Peak,2029,12,December,19958,7574,12384,14968,24947,45372200,41657000,3715200,416480,197660,635300,SARIMA,6.78,4,sltda_district_telecom,forecast
Bentota,2029,12,December,70880,26899,43981,53160,88600,161138800,147944500,13194300,416480,197660,635300,SARIMA,6.78,4,sltda_district_telecom,forecast
Arugam Bay,2029,12,December,44645,16943,27702,33483,55806,101497100,93186500,8310600,416480,197660,635300,SARIMA,6.78,4,sltda_district_telecom,forecast
Colombo,2029,12,December,74170,28148,46022,55627,92712,168620600,154814000,13806600,416480,197660,635300,SARIMA,6.78,4,sltda_district_telecom,forecast
Negombo,2029,12,December,92895,35254,57641,69671,116118,211189300,193897000,17292300,416480,197660,635300,SARIMA,6.78,4,sltda_district_telecom,forecast
Ella,2029,12,December,50648,19221,31427,37986,63310,115143600,105715500,9428100,416480,197660,635300,SARIMA,6.78,4,sltda_district_telecom,forecast
Pinnawala,2029,12,December,44800,17002,27798,33600,56000,101850400,93511000,8339400,416480,197660,635300,SARIMA,6.78,4,sltda_district_telecom,forecast
Sigiriya,2030,1,January,159614,102095,57519,111729,207498,650904516,645331610,5572906,417453,191431,643475,SARIMA,6.78,5,official_ticket_count,forecast
Yala,2030,1,January,168413,109424,58989,117889,218936,728434965,720162300,8272665,417453,191431,643475,SARIMA,6.78,5,official_ticket_count,forecast
Horton Plains,2030,1,January,47320,9070,38250,33124,61516,71504122,65976176,5527945,417453,191431,643475,SARIMA,6.78,5,official_ticket_count,forecast
Polonnaruwa,2030,1,January,33992,20180,13812,23794,44189,155654920,153610018,2044902,417453,191431,643475,SARIMA,6.78,5,official_ticket_count,forecast
Anuradhapura,2030,1,January,46411,30000,16411,32487,60334,152914666,149857947,3056718,417453,191431,643475,SARIMA,6.78,5,official_ticket_count,forecast
Mirissa,2030,1,January,22592,18804,3788,15814,29369,41552427,41181263,371164,417453,191431,643475,SARIMA,6.78,5,official_ticket_count,forecast
Jaffna,2030,1,January,29396,2546,26850,20577,38214,4286779,2956131,1330648,417453,191431,643475,SARIMA,6.78,5,official_ticket_count,forecast
Trincomalee,2030,1,January,16046,5114,10932,11232,20859,29329392,27841393,1487998,417453,191431,643475,SARIMA,6.78,5,official_ticket_count,forecast
Kandy,2030,1,January,110502,46361,64141,77351,143652,274227800,254985500,19242300,417453,191431,643475,SARIMA,6.78,5,sltda_district_telecom,forecast
Dambulla,2030,1,January,70111,29415,40696,49077,91144,173991300,161782500,12208800,417453,191431,643475,SARIMA,6.78,5,sltda_district_telecom,forecast
Galle Fort,2030,1,January,149950,62912,87038,104965,194935,372127400,346016000,26111400,417453,191431,643475,SARIMA,6.78,5,sltda_district_telecom,forecast
Nuwara Eliya,2030,1,January,54289,22777,31512,38002,70575,134727100,125273500,9453600,417453,191431,643475,SARIMA,6.78,5,sltda_district_telecom,forecast
Unawatuna,2030,1,January,85686,35950,49736,59980,111391,212645800,197725000,14920800,417453,191431,643475,SARIMA,6.78,5,sltda_district_telecom,forecast
Adams Peak,2030,1,January,18096,7592,10504,12667,23524,44907200,41756000,3151200,417453,191431,643475,SARIMA,6.78,5,sltda_district_telecom,forecast
Bentota,2030,1,January,64264,26962,37302,44984,83543,159481600,148291000,11190600,417453,191431,643475,SARIMA,6.78,5,sltda_district_telecom,forecast
Arugam Bay,2030,1,January,40477,16982,23495,28333,52620,100449500,93401000,7048500,417453,191431,643475,SARIMA,6.78,5,sltda_district_telecom,forecast
Colombo,2030,1,January,67246,28213,39033,47072,87419,166881400,155171500,11709900,417453,191431,643475,SARIMA,6.78,5,sltda_district_telecom,forecast
Negombo,2030,1,January,84223,35336,48887,58956,109489,209014100,194348000,14666100,417453,191431,643475,SARIMA,6.78,5,sltda_district_telecom,forecast
Ella,2030,1,January,45920,19266,26654,32143,59696,113959200,105963000,7996200,417453,191431,643475,SARIMA,6.78,5,sltda_district_telecom,forecast
Pinnawala,2030,1,January,40618,17041,23577,28432,52803,100798600,93725500,7073100,417453,191431,643475,SARIMA,6.78,5,sltda_district_telecom,forecast
Sigiriya,2030,2,February,157227,100514,56713,110058,204395,640833092,635338277,5494814,410990,178586,643394,SARIMA,6.78,5,official_ticket_count,forecast
Yala,2030,2,February,165893,107730,58163,116125,215660,717170247,709013421,8156826,410990,178586,643394,SARIMA,6.78,5,official_ticket_count,forecast
Horton Plains,2030,2,February,46644,8930,37714,32650,60637,70408283,64957801,5450481,410990,178586,643394,SARIMA,6.78,5,official_ticket_count,forecast
Polonnaruwa,2030,2,February,33485,19867,13618,23439,43530,153243644,151227464,2016179,410990,178586,643394,SARIMA,6.78,5,official_ticket_count,forecast
Anuradhapura,2030,2,February,45716,29535,16181,32001,59430,150549027,147535149,3013878,410990,178586,643394,SARIMA,6.78,5,official_ticket_count,forecast
Mirissa,2030,2,February,22248,18513,3735,15573,28922,40909936,40543965,365971,410990,178586,643394,SARIMA,6.78,5,official_ticket_count,forecast
Jaffna,2030,2,February,28980,2506,26474,20286,37674,4221702,2909687,1312014,410990,178586,643394,SARIMA,6.78,5,official_ticket_count,forecast
Trincomalee,2030,2,February,15814,5035,10779,11069,20558,28878478,27411305,1467173,410990,178586,643394,SARIMA,6.78,5,official_ticket_count,forecast
Kandy,2030,2,February,108886,45644,63242,76220,141551,270014600,251042000,18972600,410990,178586,643394,SARIMA,6.78,5,sltda_district_telecom,forecast
Dambulla,2030,2,February,69086,28960,40126,48360,89811,171317800,159280000,12037800,410990,178586,643394,SARIMA,6.78,5,sltda_district_telecom,forecast
Galle Fort,2030,2,February,147757,61938,85819,103429,192084,366404700,340659000,25745700,410990,178586,643394,SARIMA,6.78,5,sltda_district_telecom,forecast
Nuwara Eliya,2030,2,February,53494,22424,31070,37445,69542,132653000,123332000,9321000,410990,178586,643394,SARIMA,6.78,5,sltda_district_telecom,forecast
Unawatuna,2030,2,February,84432,35393,49039,59102,109761,209373200,194661500,14711700,410990,178586,643394,SARIMA,6.78,5,sltda_district_telecom,forecast
Adams Peak,2030,2,February,17830,7474,10356,12481,23179,44213800,41107000,3106800,410990,178586,643394,SARIMA,6.78,5,sltda_district_telecom,forecast
Bentota,2030,2,February,63324,26545,36779,44326,82321,157031200,145997500,11033700,410990,178586,643394,SARIMA,6.78,5,sltda_district_telecom,forecast
Arugam Bay,2030,2,February,39884,16719,23165,27918,51849,98904000,91954500,6949500,410990,178586,643394,SARIMA,6.78,5,sltda_district_telecom,forecast
Colombo,2030,2,February,66263,27777,38486,46384,86141,164319300,152773500,11545800,410990,178586,643394,SARIMA,6.78,5,sltda_district_telecom,forecast
Negombo,2030,2,February,82991,34789,48202,58093,107888,205800100,191339500,14460600,410990,178586,643394,SARIMA,6.78,5,sltda_district_telecom,forecast
Ella,2030,2,February,45247,18967,26280,31672,58821,112202500,104318500,7884000,410990,178586,643394,SARIMA,6.78,5,sltda_district_telecom,forecast
Pinnawala,2030,2,February,40023,16777,23246,28016,52029,99247300,92273500,6973800,410990,178586,643394,SARIMA,6.78,5,sltda_district_telecom,forecast
Sigiriya,2030,3,March,154120,98428,55692,107884,200356,627548785,622152893,5395891,402461,163750,641172,SARIMA,6.78,5,official_ticket_count,forecast
Yala,2030,3,March,162609,105494,57115,113826,211391,702307281,694297427,8009854,402461,163750,641172,SARIMA,6.78,5,official_ticket_count,forecast
Horton Plains,2030,3,March,45780,8745,37035,32045,59514,68964442,63612091,5352351,402461,163750,641172,SARIMA,6.78,5,official_ticket_count,forecast
Polonnaruwa,2030,3,March,32828,19455,13373,22979,42676,150071230,148091323,1979907,402461,163750,641172,SARIMA,6.78,5,official_ticket_count,forecast
Anuradhapura,2030,3,March,44811,28922,15889,31367,58254,147432542,144473052,2959490,402461,163750,641172,SARIMA,6.78,5,official_ticket_count,forecast
Mirissa,2030,3,March,21797,18129,3668,15257,28336,40062401,39702995,359406,402461,163750,641172,SARIMA,6.78,5,official_ticket_count,forecast
Jaffna,2030,3,March,28451,2454,25997,19915,36986,4137686,2849311,1288374,402461,163750,641172,SARIMA,6.78,5,official_ticket_count,forecast
Trincomalee,2030,3,March,15516,4931,10585,10861,20170,28285880,26845113,1440766,402461,163750,641172,SARIMA,6.78,5,official_ticket_count,forecast
Kandy,2030,3,March,106800,44697,62103,74760,138840,264464400,245833500,18630900,402461,163750,641172,SARIMA,6.78,5,sltda_district_telecom,forecast
Dambulla,2030,3,March,67762,28359,39403,47433,88090,167795400,155974500,11820900,402461,163750,641172,SARIMA,6.78,5,sltda_district_telecom,forecast
Galle Fort,2030,3,March,144926,60653,84273,101448,188403,358873400,333591500,25281900,402461,163750,641172,SARIMA,6.78,5,sltda_district_telecom,forecast
Nuwara Eliya,2030,3,March,52469,21959,30510,36728,68209,129927500,120774500,9153000,402461,163750,641172,SARIMA,6.78,5,sltda_district_telecom,forecast
Unawatuna,2030,3,March,82814,34658,48156,57969,107658,205065800,190619000,14446800,402461,163750,641172,SARIMA,6.78,5,sltda_district_telecom,forecast
Adams Peak,2030,3,March,17489,7319,10170,12242,22735,43305500,40254500,3051000,402461,163750,641172,SARIMA,6.78,5,sltda_district_telecom,forecast
Bentota,2030,3,March,62111,25994,36117,43477,80744,153802100,142967000,10835100,402461,163750,641172,SARIMA,6.78,5,sltda_district_telecom,forecast
Arugam Bay,2030,3,March,39120,16372,22748,27384,50856,96870400,90046000,6824400,402461,163750,641172,SARIMA,6.78,5,sltda_district_telecom,forecast
Colombo,2030,3,March,64993,27200,37793,45495,84490,160937900,149600000,11337900,402461,163750,641172,SARIMA,6.78,5,sltda_district_telecom,forecast
Negombo,2030,3,March,81401,34067,47334,56980,105821,201568700,187368500,14200200,402461,163750,641172,SARIMA,6.78,5,sltda_district_telecom,forecast
Ella,2030,3,March,44381,18574,25807,31066,57695,109899100,102157000,7742100,402461,163750,641172,SARIMA,6.78,5,sltda_district_telecom,forecast
Pinnawala,2030,3,March,39256,16429,22827,27479,51032,97207600,90359500,6848100,402461,163750,641172,SARIMA,6.78,5,sltda_district_telecom,forecast
Sigiriya,2030,4,April,128808,85363,43445,90165,167450,543779725,539570421,4209303,349039,104184,593895,SARIMA,6.78,5,official_ticket_count,forecast
Yala,2030,4,April,136047,91491,44556,95232,176861,608386757,602138187,6248569,349039,104184,593895,SARIMA,6.78,5,official_ticket_count,forecast
Horton Plains,2030,4,April,36475,7584,28891,25532,47417,59342218,55166849,4175369,349039,104184,593895,SARIMA,6.78,5,official_ticket_count,forecast
Polonnaruwa,2030,4,April,27305,16873,10432,19113,35496,129981642,128437157,1544484,349039,104184,593895,SARIMA,6.78,5,official_ticket_count,forecast
Anuradhapura,2030,4,April,37478,25083,12395,26234,48721,127604926,125296230,2308696,349039,104184,593895,SARIMA,6.78,5,official_ticket_count,forecast
Mirissa,2030,4,April,18583,15722,2861,13008,24157,34711933,34431601,280332,349039,104184,593895,SARIMA,6.78,5,official_ticket_count,forecast
Jaffna,2030,4,April,22408,2128,20280,15685,29130,3475844,2470796,1005048,349039,104184,593895,SARIMA,6.78,5,official_ticket_count,forecast
Trincomalee,2030,4,April,12533,4276,8257,8773,16292,24403087,23279194,1123893,349039,104184,593895,SARIMA,6.78,5,official_ticket_count,forecast
Kandy,2030,4,April,87210,38764,48446,61046,113373,227735800,213202000,14533800,349039,104184,593895,SARIMA,6.78,5,sltda_district_telecom,forecast
Dambulla,2030,4,April,55333,24595,30738,38733,71932,144493900,135272500,9221400,349039,104184,593895,SARIMA,6.78,5,sltda_district_telecom,forecast
Galle Fort,2030,4,April,118343,52602,65741,82840,153845,309033300,289311000,19722300,349039,104184,593895,SARIMA,6.78,5,sltda_district_telecom,forecast
Nuwara Eliya,2030,4,April,42845,19044,23801,29991,55698,111882300,104742000,7140300,349039,104184,593895,SARIMA,6.78,5,sltda_district_telecom,forecast
Unawatuna,2030,4,April,67624,30058,37566,47336,87911,176588800,165319000,11269800,349039,104184,593895,SARIMA,6.78,5,sltda_district_telecom,forecast
Adams Peak,2030,4,April,14281,6348,7933,9996,18565,37293900,34914000,2379900,349039,104184,593895,SARIMA,6.78,5,sltda_district_telecom,forecast
Bentota,2030,4,April,50718,22543,28175,35502,65933,132439000,123986500,8452500,349039,104184,593895,SARIMA,6.78,5,sltda_district_telecom,forecast
Arugam Bay,2030,4,April,31945,14199,17746,22361,41528,83418300,78094500,5323800,349039,104184,593895,SARIMA,6.78,5,sltda_district_telecom,forecast
Colombo,2030,4,April,53072,23590,29482,37150,68993,138589600,129745000,8844600,349039,104184,593895,SARIMA,6.78,5,sltda_district_telecom,forecast
Negombo,2030,4,April,66470,29545,36925,46529,86411,173575000,162497500,11077500,349039,104184,593895,SARIMA,6.78,5,sltda_district_telecom,forecast
Ella,2030,4,April,36240,16108,20132,25368,47112,94633600,88594000,6039600,349039,104184,593895,SARIMA,6.78,5,sltda_district_telecom,forecast
Pinnawala,2030,4,April,32056,14248,17808,22439,41672,83706400,78364000,5342400,349039,104184,593895,SARIMA,6.78,5,sltda_district_telecom,forecast
Sigiriya,2030,5,May,111612,75730,35882,78128,145095,482157794,478681255,3476538,309651,58802,560500,SARIMA,6.78,5,official_ticket_count,forecast
Yala,2030,5,May,117965,81166,36799,82575,153354,539346030,534185309,5160721,309651,58802,560500,SARIMA,6.78,5,official_ticket_count,forecast
Horton Plains,2030,5,May,30589,6728,23861,21412,39765,52388637,48940211,3448426,309651,58802,560500,SARIMA,6.78,5,official_ticket_count,forecast
Polonnaruwa,2030,5,May,23585,14969,8616,16509,30660,115219543,113943922,1275620,309651,58802,560500,SARIMA,6.78,5,official_ticket_count,forecast
Anuradhapura,2030,5,May,32490,22253,10237,22743,42237,113066377,111159630,1906746,309651,58802,560500,SARIMA,6.78,5,official_ticket_count,forecast
Mirissa,2030,5,May,16311,13948,2363,11417,21204,30778030,30546493,231536,309651,58802,560500,SARIMA,6.78,5,official_ticket_count,forecast
Jaffna,2030,5,May,18638,1888,16750,13046,24229,3022241,2192135,830106,309651,58802,560500,SARIMA,6.78,5,official_ticket_count,forecast
Trincomalee,2030,5,May,10613,3794,6819,7429,13796,21583274,20655112,928161,309651,58802,560500,SARIMA,6.78,5,official_ticket_count,forecast
Kandy,2030,5,May,74402,34389,40013,52081,96722,201143400,189139500,12003900,309651,58802,560500,SARIMA,6.78,5,sltda_district_telecom,forecast
Dambulla,2030,5,May,47206,21819,25387,33044,61367,127620600,120004500,7616100,309651,58802,560500,SARIMA,6.78,5,sltda_district_telecom,forecast
Galle Fort,2030,5,May,100963,46666,54297,70674,131251,272952100,256663000,16289100,309651,58802,560500,SARIMA,6.78,5,sltda_district_telecom,forecast
Nuwara Eliya,2030,5,May,36553,16895,19658,25587,47518,98819900,92922500,5897400,309651,58802,560500,SARIMA,6.78,5,sltda_district_telecom,forecast
Unawatuna,2030,5,May,57692,26666,31026,40384,74999,155970800,146663000,9307800,309651,58802,560500,SARIMA,6.78,5,sltda_district_telecom,forecast
Adams Peak,2030,5,May,12183,5631,6552,8528,15837,32936100,30970500,1965600,309651,58802,560500,SARIMA,6.78,5,sltda_district_telecom,forecast
Bentota,2030,5,May,43269,19999,23270,30288,56249,116975500,109994500,6981000,309651,58802,560500,SARIMA,6.78,5,sltda_district_telecom,forecast
Arugam Bay,2030,5,May,27253,12597,14656,19077,35428,73680300,69283500,4396800,309651,58802,560500,SARIMA,6.78,5,sltda_district_telecom,forecast
Colombo,2030,5,May,45277,20927,24350,31693,58860,122403500,115098500,7305000,309651,58802,560500,SARIMA,6.78,5,sltda_district_telecom,forecast
Negombo,2030,5,May,56708,26211,30497,39695,73720,153309600,144160500,9149100,309651,58802,560500,SARIMA,6.78,5,sltda_district_telecom,forecast
Ella,2030,5,May,30917,14290,16627,21641,40192,83583100,78595000,4988100,309651,58802,560500,SARIMA,6.78,5,sltda_district_telecom,forecast
Pinnawala,2030,5,May,27348,12640,14708,19143,35552,73932400,69520000,4412400,309651,58802,560500,SARIMA,6.78,5,sltda_district_telecom,forecast
Sigiriya,2030,6,June,115789,77012,38777,81052,150525,490541671,486784641,3757029,314892,58188,571595,SARIMA,6.78,5,official_ticket_count,forecast
Yala,2030,6,June,122309,82540,39769,85616,159001,548805379,543228142,5577236,314892,58188,571595,SARIMA,6.78,5,official_ticket_count,forecast
Horton Plains,2030,6,June,32629,6842,25787,22840,42417,53496234,49769459,3726774,314892,58188,571595,SARIMA,6.78,5,official_ticket_count,forecast
Polonnaruwa,2030,6,June,24533,15222,9311,17173,31892,117248274,115869757,1378517,314892,58188,571595,SARIMA,6.78,5,official_ticket_count,forecast
Anuradhapura,2030,6,June,33692,22629,11063,23584,43799,115098448,113037850,2060597,314892,58188,571595,SARIMA,6.78,5,official_ticket_count,forecast
Mirissa,2030,6,June,16738,14184,2554,11716,21759,31313591,31063339,250251,314892,58188,571595,SARIMA,6.78,5,official_ticket_count,forecast
Jaffna,2030,6,June,20021,1920,18101,14014,26027,3126350,2229289,897060,314892,58188,571595,SARIMA,6.78,5,official_ticket_count,forecast
Trincomalee,2030,6,June,11228,3858,7370,7859,14596,22006698,21003538,1003160,314892,58188,571595,SARIMA,6.78,5,official_ticket_count,forecast
Kandy,2030,6,June,78213,34971,43242,54749,101676,205313100,192340500,12972600,314892,58188,571595,SARIMA,6.78,5,sltda_district_telecom,forecast
Dambulla,2030,6,June,49624,22188,27436,34736,64511,130264800,122034000,8230800,314892,58188,571595,SARIMA,6.78,5,sltda_district_telecom,forecast
Galle Fort,2030,6,June,106134,47456,58678,74293,137974,278611400,261008000,17603400,314892,58188,571595,SARIMA,6.78,5,sltda_district_telecom,forecast
Nuwara Eliya,2030,6,June,38425,17181,21244,26897,49952,100868700,94495500,6373200,314892,58188,571595,SARIMA,6.78,5,sltda_district_telecom,forecast
Unawatuna,2030,6,June,60647,27117,33530,42452,78841,159202500,149143500,10059000,314892,58188,571595,SARIMA,6.78,5,sltda_district_telecom,forecast
Adams Peak,2030,6,June,12808,5727,7081,8965,16650,33622800,31498500,2124300,314892,58188,571595,SARIMA,6.78,5,sltda_district_telecom,forecast
Bentota,2030,6,June,45486,20338,25148,31840,59131,119403400,111859000,7544400,314892,58188,571595,SARIMA,6.78,5,sltda_district_telecom,forecast
Arugam Bay,2030,6,June,28649,12810,15839,20054,37243,75206700,70455000,4751700,314892,58188,571595,SARIMA,6.78,5,sltda_district_telecom,forecast
Colombo,2030,6,June,47597,21282,26315,33317,61876,124945500,117051000,7894500,314892,58188,571595,SARIMA,6.78,5,sltda_district_telecom,forecast
Negombo,2030,6,June,59612,26654,32958,41728,77495,156484400,146597000,9887400,314892,58188,571595,SARIMA,6.78,5,sltda_district_telecom,forecast
Ella,2030,6,June,32501,14532,17969,22750,42251,85316700,79926000,5390700,314892,58188,571595,SARIMA,6.78,5,sltda_district_telecom,forecast
Pinnawala,2030,6,June,28748,12854,15894,20123,37372,75465200,70697000,4768200,314892,58188,571595,SARIMA,6.78,5,sltda_district_telecom,forecast
Sigiriya,2030,7,July,150426,92449,57977,105298,195553,589977553,584360272,5617281,378013,115586,640440,SARIMA,6.78,5,official_ticket_count,forecast
Yala,2030,7,July,158545,99086,59459,110981,206108,660462442,652123863,8338578,378013,115586,640440,SARIMA,6.78,5,official_ticket_count,forecast
Horton Plains,2030,7,July,46767,8213,38554,32736,60797,65314144,59742264,5571879,378013,115586,640440,SARIMA,6.78,5,official_ticket_count,forecast
Polonnaruwa,2030,7,July,32195,18273,13922,22536,41853,141155135,139093947,2061187,378013,115586,640440,SARIMA,6.78,5,official_ticket_count,forecast
Anuradhapura,2030,7,July,43706,27165,16541,30594,56817,138777303,135696371,3080932,378013,115586,640440,SARIMA,6.78,5,official_ticket_count,forecast
Mirissa,2030,7,July,20846,17028,3818,14592,27099,37665879,37291775,374103,378013,115586,640440,SARIMA,6.78,5,official_ticket_count,forecast
Jaffna,2030,7,July,29369,2305,27064,20558,38179,4017562,2676309,1341253,378013,115586,640440,SARIMA,6.78,5,official_ticket_count,forecast
Trincomalee,2030,7,July,15650,4631,11019,10955,20345,26711708,25211868,1499840,378013,115586,640440,SARIMA,6.78,5,official_ticket_count,forecast
Kandy,2030,7,July,106632,41981,64651,74642,138621,250290800,230895500,19395300,378013,115586,640440,SARIMA,6.78,5,sltda_district_telecom,forecast
Dambulla,2030,7,July,67656,26636,41020,47359,87952,158804000,146498000,12306000,378013,115586,640440,SARIMA,6.78,5,sltda_district_telecom,forecast
Galle Fort,2030,7,July,144699,56968,87731,101289,188108,339643300,313324000,26319300,378013,115586,640440,SARIMA,6.78,5,sltda_district_telecom,forecast
Nuwara Eliya,2030,7,July,52387,20625,31762,36670,68103,122966100,113437500,9528600,378013,115586,640440,SARIMA,6.78,5,sltda_district_telecom,forecast
Unawatuna,2030,7,July,82685,32553,50132,57879,107490,194081100,179041500,15039600,378013,115586,640440,SARIMA,6.78,5,sltda_district_telecom,forecast
Adams Peak,2030,7,July,17462,6875,10587,12223,22700,40988600,37812500,3176100,378013,115586,640440,SARIMA,6.78,5,sltda_district_telecom,forecast
Bentota,2030,7,July,62014,24415,37599,43409,80618,145562200,134282500,11279700,378013,115586,640440,SARIMA,6.78,5,sltda_district_telecom,forecast
Arugam Bay,2030,7,July,39060,15378,23682,27342,50778,91683600,84579000,7104600,378013,115586,640440,SARIMA,6.78,5,sltda_district_telecom,forecast
Colombo,2030,7,July,64891,25548,39343,45423,84358,152316900,140514000,11802900,378013,115586,640440,SARIMA,6.78,5,sltda_district_telecom,forecast
Negombo,2030,7,July,81273,31997,49276,56891,105654,190766300,175983500,14782800,378013,115586,640440,SARIMA,6.78,5,sltda_district_telecom,forecast
Ella,2030,7,July,44311,17445,26866,31017,57604,104007300,95947500,8059800,378013,115586,640440,SARIMA,6.78,5,sltda_district_telecom,forecast
Pinnawala,2030,7,July,39195,15431,23764,27436,50953,91999700,84870500,7129200,378013,115586,640440,SARIMA,6.78,5,sltda_district_telecom,forecast
Sigiriya,2030,8,August,145470,90707,54763,101829,189111,578655159,573349276,5305882,370889,102861,638917,SARIMA,6.78,5,official_ticket_count,forecast
Yala,2030,8,August,153381,97218,56163,107366,199395,647706167,639829822,7876344,370889,102861,638917,SARIMA,6.78,5,official_ticket_count,forecast
Horton Plains,2030,8,August,44476,8059,36417,31133,57818,63885089,58622051,5263037,370889,102861,638917,SARIMA,6.78,5,official_ticket_count,forecast
Polonnaruwa,2030,8,August,31079,17929,13150,21755,40402,138422313,136475422,1946891,370889,102861,638917,SARIMA,6.78,5,official_ticket_count,forecast
Anuradhapura,2030,8,August,42277,26653,15624,29593,54960,136048927,133138796,2910131,370889,102861,638917,SARIMA,6.78,5,official_ticket_count,forecast
Mirissa,2030,8,August,20314,16707,3607,14219,26408,36942206,36588777,353429,370889,102861,638917,SARIMA,6.78,5,official_ticket_count,forecast
Jaffna,2030,8,August,27826,2262,25564,19478,36173,3893298,2626382,1266915,370889,102861,638917,SARIMA,6.78,5,official_ticket_count,forecast
Trincomalee,2030,8,August,14952,4544,10408,10466,19437,26154901,24738226,1416674,370889,102861,638917,SARIMA,6.78,5,official_ticket_count,forecast
Kandy,2030,8,August,102258,41190,61068,71580,132935,244865400,226545000,18320400,370889,102861,638917,SARIMA,6.78,5,sltda_district_telecom,forecast
Dambulla,2030,8,August,64880,26134,38746,45416,84344,155360800,143737000,11623800,370889,102861,638917,SARIMA,6.78,5,sltda_district_telecom,forecast
Galle Fort,2030,8,August,138763,55895,82868,97134,180391,332282900,307422500,24860400,370889,102861,638917,SARIMA,6.78,5,sltda_district_telecom,forecast
Nuwara Eliya,2030,8,August,50238,20236,30002,35166,65309,120298600,111298000,9000600,370889,102861,638917,SARIMA,6.78,5,sltda_district_telecom,forecast
Unawatuna,2030,8,August,79293,31940,47353,55505,103080,189875900,175670000,14205900,370889,102861,638917,SARIMA,6.78,5,sltda_district_telecom,forecast
Adams Peak,2030,8,August,16745,6745,10000,11721,21768,40097500,37097500,3000000,370889,102861,638917,SARIMA,6.78,5,sltda_district_telecom,forecast
Bentota,2030,8,August,59470,23955,35515,41629,77311,142407000,131752500,10654500,370889,102861,638917,SARIMA,6.78,5,sltda_district_telecom,forecast
Arugam Bay,2030,8,August,37457,15088,22369,26219,48694,89694700,82984000,6710700,370889,102861,638917,SARIMA,6.78,5,sltda_district_telecom,forecast
Colombo,2030,8,August,62229,25066,37163,43560,80897,149011900,137863000,11148900,370889,102861,638917,SARIMA,6.78,5,sltda_district_telecom,forecast
Negombo,2030,8,August,77939,31394,46545,54557,101320,186630500,172667000,13963500,370889,102861,638917,SARIMA,6.78,5,sltda_district_telecom,forecast
Ella,2030,8,August,42494,17117,25377,29745,55242,101756600,94143500,7613100,370889,102861,638917,SARIMA,6.78,5,sltda_district_telecom,forecast
Pinnawala,2030,8,August,37587,15140,22447,26310,48863,90004100,83270000,6734100,370889,102861,638917,SARIMA,6.78,5,sltda_district_telecom,forecast
Sigiriya,2030,9,September,124422,81147,43275,87095,161748,517114367,512921535,4192832,331801,58286,605315,SARIMA,6.78,5,official_ticket_count,forecast
Yala,2030,9,September,131353,86972,44381,91947,170758,578620901,572396874,6224027,331801,58286,605315,SARIMA,6.78,5,official_ticket_count,forecast
Horton Plains,2030,9,September,35987,7209,28778,25190,46783,56598096,52439058,4159038,331801,58286,605315,SARIMA,6.78,5,official_ticket_count,forecast
Polonnaruwa,2030,9,September,26430,16039,10391,18501,34359,123627169,122088755,1538414,331801,58286,605315,SARIMA,6.78,5,official_ticket_count,forecast
Anuradhapura,2030,9,September,36191,23844,12347,25333,47048,121406853,119107096,2299756,331801,58286,605315,SARIMA,6.78,5,official_ticket_count,forecast
Mirissa,2030,9,September,17796,14946,2850,12457,23134,33011395,32732140,279255,331801,58286,605315,SARIMA,6.78,5,official_ticket_count,forecast
Jaffna,2030,9,September,22224,2023,20201,15556,28891,3350015,2348882,1001133,331801,58286,605315,SARIMA,6.78,5,official_ticket_count,forecast
Trincomalee,2030,9,September,12290,4065,8225,8603,15977,23250015,22130478,1119537,331801,58286,605315,SARIMA,6.78,5,official_ticket_count,forecast
Kandy,2030,9,September,85106,36849,48257,59574,110637,217146600,202669500,14477100,331801,58286,605315,SARIMA,6.78,5,sltda_district_telecom,forecast
Dambulla,2030,9,September,53998,23380,30618,37798,70197,137775400,128590000,9185400,331801,58286,605315,SARIMA,6.78,5,sltda_district_telecom,forecast
Galle Fort,2030,9,September,115488,50004,65484,80841,150134,294667200,275022000,19645200,331801,58286,605315,SARIMA,6.78,5,sltda_district_telecom,forecast
Nuwara Eliya,2030,9,September,41812,18104,23708,29268,54355,106684400,99572000,7112400,331801,58286,605315,SARIMA,6.78,5,sltda_district_telecom,forecast
Unawatuna,2030,9,September,65992,28573,37419,46194,85789,168377200,157151500,11225700,331801,58286,605315,SARIMA,6.78,5,sltda_district_telecom,forecast
Adams Peak,2030,9,September,13936,6034,7902,9755,18116,35557600,33187000,2370600,331801,58286,605315,SARIMA,6.78,5,sltda_district_telecom,forecast
Bentota,2030,9,September,49494,21430,28064,34645,64342,126284200,117865000,8419200,331801,58286,605315,SARIMA,6.78,5,sltda_district_telecom,forecast
Arugam Bay,2030,9,September,31174,13498,17676,21821,40526,79541800,74239000,5302800,331801,58286,605315,SARIMA,6.78,5,sltda_district_telecom,forecast
Colombo,2030,9,September,51791,22424,29367,36253,67328,132142100,123332000,8810100,331801,58286,605315,SARIMA,6.78,5,sltda_district_telecom,forecast
Negombo,2030,9,September,64866,28086,36780,45406,84325,165507000,154473000,11034000,331801,58286,605315,SARIMA,6.78,5,sltda_district_telecom,forecast
Ella,2030,9,September,35366,15313,20053,24756,45975,90237400,84221500,6015900,331801,58286,605315,SARIMA,6.78,5,sltda_district_telecom,forecast
Pinnawala,2030,9,September,31283,13545,17738,21898,40667,79818900,74497500,5321400,331801,58286,605315,SARIMA,6.78,5,sltda_district_telecom,forecast
Sigiriya,2030,10,October,128770,82854,45916,90139,167401,528160014,523711300,4448713,338781,59888,617674,SARIMA,6.78,5,official_ticket_count,forecast
Yala,2030,10,October,135891,88802,47089,95123,176658,591044622,584440822,6603799,338781,59888,617674,SARIMA,6.78,5,official_ticket_count,forecast
Horton Plains,2030,10,October,37895,7361,30534,26526,49263,57957540,53544722,4412817,338781,59888,617674,SARIMA,6.78,5,official_ticket_count,forecast
Polonnaruwa,2030,10,October,27403,16377,11026,19182,35623,126294036,124661609,1632427,338781,59888,617674,SARIMA,6.78,5,official_ticket_count,forecast
Anuradhapura,2030,10,October,37446,24346,13100,26212,48679,124054730,121614719,2440010,338781,59888,617674,SARIMA,6.78,5,official_ticket_count,forecast
Mirissa,2030,10,October,18284,15260,3024,12798,23769,33716112,33419808,296304,338781,59888,617674,SARIMA,6.78,5,official_ticket_count,forecast
Jaffna,2030,10,October,23500,2066,21434,16450,30550,3461047,2398808,1062238,338781,59888,617674,SARIMA,6.78,5,official_ticket_count,forecast
Trincomalee,2030,10,October,12877,4150,8727,9013,16740,23781098,22593230,1187867,338781,59888,617674,SARIMA,6.78,5,official_ticket_count,forecast
Kandy,2030,10,October,88826,37624,51202,62178,115473,222292600,206932000,15360600,338781,59888,617674,SARIMA,6.78,5,sltda_district_telecom,forecast
Dambulla,2030,10,October,56358,23872,32486,39450,73265,141041800,131296000,9745800,338781,59888,617674,SARIMA,6.78,5,sltda_district_telecom,forecast
Galle Fort,2030,10,October,120536,51056,69480,84375,156696,301652000,280808000,20844000,338781,59888,617674,SARIMA,6.78,5,sltda_district_telecom,forecast
Nuwara Eliya,2030,10,October,43639,18484,25155,30547,56730,109208500,101662000,7546500,338781,59888,617674,SARIMA,6.78,5,sltda_district_telecom,forecast
Unawatuna,2030,10,October,68878,29175,39703,48214,89541,172373400,160462500,11910900,338781,59888,617674,SARIMA,6.78,5,sltda_district_telecom,forecast
Adams Peak,2030,10,October,14546,6161,8385,10182,18909,36401000,33885500,2515500,338781,59888,617674,SARIMA,6.78,5,sltda_district_telecom,forecast
Bentota,2030,10,October,51658,21881,29777,36160,67155,129278600,120345500,8933100,338781,59888,617674,SARIMA,6.78,5,sltda_district_telecom,forecast
Arugam Bay,2030,10,October,32537,13782,18755,22775,42298,81427500,75801000,5626500,338781,59888,617674,SARIMA,6.78,5,sltda_district_telecom,forecast
Colombo,2030,10,October,54055,22896,31159,37838,70271,135275700,125928000,9347700,338781,59888,617674,SARIMA,6.78,5,sltda_district_telecom,forecast
Negombo,2030,10,October,67701,28676,39025,47390,88011,169425500,157718000,11707500,338781,59888,617674,SARIMA,6.78,5,sltda_district_telecom,forecast
Ella,2030,10,October,36912,15635,21277,25838,47985,92375600,85992500,6383100,338781,59888,617674,SARIMA,6.78,5,sltda_district_telecom,forecast
Pinnawala,2030,10,October,32650,13830,18820,22855,42445,81711000,76065000,5646000,338781,59888,617674,SARIMA,6.78,5,sltda_district_telecom,forecast
Sigiriya,2030,11,November,147364,94387,52977,103154,191573,601743004,596610163,5132840,385936,101766,670106,SARIMA,6.78,5,official_ticket_count,forecast
Yala,2030,11,November,155495,101163,54332,108846,202143,673412980,665793416,7619563,385936,101766,670106,SARIMA,6.78,5,official_ticket_count,forecast
Horton Plains,2030,11,November,43616,8386,35230,30531,56700,66092176,61000685,5091490,385936,101766,670106,SARIMA,6.78,5,official_ticket_count,forecast
Polonnaruwa,2030,11,November,31377,18656,12721,21963,40790,143892717,142009341,1883376,385936,101766,670106,SARIMA,6.78,5,official_ticket_count,forecast
Anuradhapura,2030,11,November,42850,27735,15115,29994,55705,141358997,138543672,2815324,385936,101766,670106,SARIMA,6.78,5,official_ticket_count,forecast
Mirissa,2030,11,November,20874,17385,3489,14611,27136,38415482,38073615,341866,385936,101766,670106,SARIMA,6.78,5,official_ticket_count,forecast
Jaffna,2030,11,November,27083,2353,24730,18958,35207,3957625,2732041,1225584,385936,101766,670106,SARIMA,6.78,5,official_ticket_count,forecast
Trincomalee,2030,11,November,14797,4728,10069,10357,19236,27110483,25739950,1370532,385936,101766,670106,SARIMA,6.78,5,official_ticket_count,forecast
Kandy,2030,11,November,101937,42861,59076,71355,132518,253458300,235735500,17722800,385936,101766,670106,SARIMA,6.78,5,sltda_district_telecom,forecast
Dambulla,2030,11,November,64678,27195,37483,45274,84081,160817400,149572500,11244900,385936,101766,670106,SARIMA,6.78,5,sltda_district_telecom,forecast
Galle Fort,2030,11,November,138328,58162,80166,96829,179826,343940800,319891000,24049800,385936,101766,670106,SARIMA,6.78,5,sltda_district_telecom,forecast
Nuwara Eliya,2030,11,November,50081,21057,29024,35056,65105,124520700,115813500,8707200,385936,101766,670106,SARIMA,6.78,5,sltda_district_telecom,forecast
Unawatuna,2030,11,November,79044,33235,45809,55330,102757,196535200,182792500,13742700,385936,101766,670106,SARIMA,6.78,5,sltda_district_telecom,forecast
Adams Peak,2030,11,November,16693,7019,9674,11685,21700,41506700,38604500,2902200,385936,101766,670106,SARIMA,6.78,5,sltda_district_telecom,forecast
Bentota,2030,11,November,59282,24926,34356,41497,77066,147399800,137093000,10306800,385936,101766,670106,SARIMA,6.78,5,sltda_district_telecom,forecast
Arugam Bay,2030,11,November,37340,15700,21640,26138,48542,92842000,86350000,6492000,385936,101766,670106,SARIMA,6.78,5,sltda_district_telecom,forecast
Colombo,2030,11,November,62034,26083,35951,43423,80644,154241800,143456500,10785300,385936,101766,670106,SARIMA,6.78,5,sltda_district_telecom,forecast
Negombo,2030,11,November,77695,32668,45027,54386,101003,193182100,179674000,13508100,385936,101766,670106,SARIMA,6.78,5,sltda_district_telecom,forecast
Ella,2030,11,November,42360,17811,24549,29651,55068,105325200,97960500,7364700,385936,101766,670106,SARIMA,6.78,5,sltda_district_telecom,forecast
Pinnawala,2030,11,November,37470,15755,21715,26229,48711,93167000,86652500,6514500,385936,101766,670106,SARIMA,6.78,5,sltda_district_telecom,forecast
Sigiriya,2030,12,December,180810,110278,70532,126566,235053,703889191,697055480,6833711,450911,161561,740262,SARIMA,6.78,5,official_ticket_count,forecast
Yala,2030,12,December,190529,118194,72335,133370,247687,788025432,777881112,10144319,450911,161561,740262,SARIMA,6.78,5,official_ticket_count,forecast
Horton Plains,2030,12,December,56700,9797,46903,39690,73710,78042944,71264454,6778489,450911,161561,740262,SARIMA,6.78,5,official_ticket_count,forecast
Polonnaruwa,2030,12,December,38734,21797,16937,27113,50354,168426177,165918611,2507566,450911,161561,740262,SARIMA,6.78,5,official_ticket_count,forecast
Anuradhapura,2030,12,December,52527,32404,20123,36768,68285,165614681,161866564,3748116,450911,161561,740262,SARIMA,6.78,5,official_ticket_count,forecast
Mirissa,2030,12,December,24956,20311,4645,17469,32442,44936770,44481633,455136,450911,161561,740262,SARIMA,6.78,5,official_ticket_count,forecast
Jaffna,2030,12,December,35675,2750,32925,24972,46377,4824710,3192993,1631716,450911,161561,740262,SARIMA,6.78,5,official_ticket_count,forecast
Trincomalee,2030,12,December,18929,5524,13405,13250,24607,31898104,30073495,1824608,450911,161561,740262,SARIMA,6.78,5,official_ticket_count,forecast
Kandy,2030,12,December,128728,50077,78651,90109,167346,299018800,275423500,23595300,450911,161561,740262,SARIMA,6.78,5,sltda_district_telecom,forecast
Dambulla,2030,12,December,81676,31773,49903,57173,106178,189722400,174751500,14970900,450911,161561,740262,SARIMA,6.78,5,sltda_district_telecom,forecast
Galle Fort,2030,12,December,174683,67954,106729,122278,227087,405765700,373747000,32018700,450911,161561,740262,SARIMA,6.78,5,sltda_district_telecom,forecast
Nuwara Eliya,2030,12,December,63244,24603,38641,44270,82217,146908800,135316500,11592300,450911,161561,740262,SARIMA,6.78,5,sltda_district_telecom,forecast
Unawatuna,2030,12,December,99819,38831,60988,69873,129764,231866900,213570500,18296400,450911,161561,740262,SARIMA,6.78,5,sltda_district_telecom,forecast
Adams Peak,2030,12,December,21081,8201,12880,14756,27405,48969500,45105500,3864000,450911,161561,740262,SARIMA,6.78,5,sltda_district_telecom,forecast
Bentota,2030,12,December,74864,29123,45741,52404,97323,173898800,160176500,13722300,450911,161561,740262,SARIMA,6.78,5,sltda_district_telecom,forecast
Arugam Bay,2030,12,December,47153,18343,28810,33007,61298,109529500,100886500,8643000,450911,161561,740262,SARIMA,6.78,5,sltda_district_telecom,forecast
Colombo,2030,12,December,78338,30475,47863,54836,101839,181971400,167612500,14358900,450911,161561,740262,SARIMA,6.78,5,sltda_district_telecom,forecast
Negombo,2030,12,December,98115,38168,59947,68680,127549,227908100,209924000,17984100,450911,161561,740262,SARIMA,6.78,5,sltda_district_telecom,forecast
Ella,2030,12,December,53494,20810,32684,37445,69542,124260200,114455000,9805200,450911,161561,740262,SARIMA,6.78,5,sltda_district_telecom,forecast
Pinnawala,2030,12,December,47317,18407,28910,33121,61512,109911500,101238500,8673000,450911,161561,740262,SARIMA,6.78,5,sltda_district_telecom,forecast
