destination,year,visitor_category,visitors,revenue_lkr,revenue_per_visitor,data_basis,month
Galle Fort,2015,foreign,20339,14237300,700.0,official,0
Galle Fort,2015,local,18474,554220,30.0,official,0
Galle Fort,2016,foreign,15531,10871700,700.0,official,0
Galle Fort,2016,local,13807,414210,30.0,official,0
Galle Fort,2017,foreign,15602,10921400,700.0,official,0
Galle Fort,2017,local,13215,396450,30.0,official,0
Galle Fort,2018,foreign,16753,11727100,700.0,official,0
Galle Fort,2018,local,14647,439410,30.0,official,0
Galle Fort,2020,foreign,13416,9391200,700.0,official,0
Galle Fort,2020,local,11317,339510,30.0,official,0
Kandy,2023,foreign,5288,11104800,2100.0,official,0
Kandy,2023,local,9940,497000,50.0,official,0
Anuradhapura,2023,foreign,66344,258741600,3900.0,official,0
Anuradhapura,2023,local,82696,4961760,60.0,official,0
Sigiriya,2023,foreign,272475,2574888750,9450.0,official,0
Sigiriya,2023,local,627712,62771200,100.0,official,0
Polonnaruwa,2023,foreign,181491,707814900,3900.0,official,0
Polonnaruwa,2023,local,123266,7395960,60.0,official,0
Galle Fort,2023,foreign,10555,7388500,700.0,official,0
Galle Fort,2023,local,54050,1621500,30.0,official,0
Jaffna,2023,foreign,10292,6175200,600.0,official,0
Jaffna,2023,local,244827,7344810,30.0,official,0
Dambulla,2023,foreign,270,972000,3600.0,official,0
Dambulla,2023,local,687,34350,50.0,official,0
Galle Fort,2025,foreign,28146,19702200,700.0,official,0
Galle Fort,2025,local,39758,1192740,30.0,official,0
Kandy,2025,foreign,38771,81419100,2100.0,official,0
Kandy,2025,local,20418,1020900,50.0,official,0
Anuradhapura,2025,foreign,159953,623816700,3900.0,official,0
Anuradhapura,2025,local,113016,6780960,60.0,official,0
Sigiriya,2025,foreign,582687,5506392150,9450.0,official,0
Sigiriya,2025,local,504231,50423100,100.0,official,0
Jaffna,2025,foreign,14532,8719200,600.0,official,0
Jaffna,2025,local,235381,7061430,30.0,official,0
Dambulla,2025,foreign,540,1944000,3600.0,official,0
Dambulla,2025,local,666,33300,50.0,official,0
Yala,2017,foreign,467799,4303750800,9200.0,official,0
Yala,2017,local,528812,63457440,120.0,official,0
Horton Plains,2017,foreign,121725,1034662500,8500.0,official,0
Horton Plains,2017,local,313579,31357900,100.0,official,0
Polonnaruwa,2017,foreign,213713,833480700,3900.0,official,0
Polonnaruwa,2017,local,230149,13808940,60.0,official,0
Anuradhapura,2017,foreign,24247,94563300,3900.0,official,0
Anuradhapura,2017,local,46613,2796780,60.0,official,0
Trincomalee,2017,foreign,25128,105537600,4200.0,official,0
Trincomalee,2017,local,79531,6362480,80.0,official,0
Unawatuna,2017,foreign,2508,1755600,700.0,official,0
Unawatuna,2017,local,23270,698100,30.0,official,0
Yala,2018,foreign,544931,5013365200,9200.0,official,0
Yala,2018,local,635809,76297080,120.0,official,0
Horton Plains,2018,foreign,117632,999872000,8500.0,official,0
Horton Plains,2018,local,293626,29362600,100.0,official,0
Polonnaruwa,2018,foreign,257237,1003224300,3900.0,official,0
Polonnaruwa,2018,local,255265,15315900,60.0,official,0
Trincomalee,2018,foreign,33120,139104000,4200.0,official,0
Trincomalee,2018,local,86885,6950800,80.0,official,0
Yala,2020,foreign,123472,1135942400,9200.0,official,0
Yala,2020,local,248137,29776440,120.0,official,0
Horton Plains,2020,foreign,20382,173247000,8500.0,official,0
Horton Plains,2020,local,100644,10064400,100.0,official,0
Polonnaruwa,2020,foreign,2264,8829600,3900.0,official,0
Polonnaruwa,2020,local,52211,3132660,60.0,official,0
Anuradhapura,2020,foreign,7365,28723500,3900.0,official,0
Anuradhapura,2020,local,31737,1904220,60.0,official,0
Trincomalee,2020,foreign,1181,4960200,4200.0,official,0
Trincomalee,2020,local,28114,2249120,80.0,official,0
Yala,2023,foreign,315797,2905332400,9200.0,official,0
Yala,2023,local,377276,45273120,120.0,official,0
Horton Plains,2023,foreign,30950,263075000,8500.0,official,0
Horton Plains,2023,local,214756,21475600,100.0,official,0
Trincomalee,2023,foreign,9384,39412800,4200.0,official,0
Trincomalee,2023,local,53992,4319360,80.0,official,0
Unawatuna,2023,foreign,1385,969500,700.0,official,0
Unawatuna,2023,local,31062,931860,30.0,official,0
Yala,2025,foreign,647908,5960753600,9200.0,official,0
Yala,2025,local,556523,66782760,120.0,official,0
Horton Plains,2025,foreign,51770,440045000,8500.0,official,0
Horton Plains,2025,local,335313,33531300,100.0,official,0
Polonnaruwa,2025,foreign,118670,462813000,3900.0,official,0
Polonnaruwa,2025,local,133940,8036400,60.0,official,0
Trincomalee,2025,foreign,20585,86457000,4200.0,official,0
Trincomalee,2025,local,73389,5871120,80.0,official,0
Unawatuna,2025,foreign,1613,1129100,700.0,official,0
Unawatuna,2025,local,35042,1051260,30.0,official,0
Yala,1990,foreign,125,1150000,9200.0,official,0
Yala,1991,foreign,164,1508800,9200.0,official,0
Yala,1992,foreign,293,2695600,9200.0,official,0
Yala,1993,foreign,1174,10800800,9200.0,official,0
Yala,1994,foreign,2349,21610800,9200.0,official,0
Yala,1994,foreign,600,5520000,9200.0,official,0
Yala,1995,foreign,2347,21592400,9200.0,official,0
Yala,1995,foreign,424,3900800,9200.0,official,0
Yala,1996,foreign,1651,15189200,9200.0,official,0
Yala,1996,foreign,318,2925600,9200.0,official,0
Yala,1997,foreign,1319,12134800,9200.0,official,0
Yala,1997,foreign,1156,10635200,9200.0,official,0
Yala,1998,foreign,969,8914800,9200.0,official,0
Yala,1998,foreign,1481,13625200,9200.0,official,0
Yala,1999,foreign,2219,20414800,9200.0,official,0
Yala,1999,foreign,1967,18096400,9200.0,official,0
Yala,2000,foreign,2762,25410400,9200.0,official,0
Yala,2000,foreign,1725,15870000,9200.0,official,0
Yala,2001,foreign,2737,25180400,9200.0,official,0
Yala,2001,foreign,1189,10938800,9200.0,official,0
Yala,2002,foreign,2804,25796800,9200.0,official,0
Yala,2002,foreign,1610,14812000,9200.0,official,0
Yala,2003,foreign,5052,46478400,9200.0,official,0
Yala,2003,foreign,2476,22779200,9200.0,official,0
Yala,2004,foreign,5262,48410400,9200.0,official,0
Yala,2004,foreign,3222,29642400,9200.0,official,0
Yala,2005,foreign,2602,23938400,9200.0,official,0
Yala,2005,foreign,1761,16201200,9200.0,official,0
Yala,2006,foreign,4936,45411200,9200.0,official,0
Yala,2006,foreign,2555,23506000,9200.0,official,0
Yala,2007,foreign,3287,30240400,9200.0,official,0
Yala,2007,foreign,2208,20313600,9200.0,official,0
Yala,2008,foreign,3011,27701200,9200.0,official,0
Yala,2008,foreign,1980,18216000,9200.0,official,0
Yala,2009,foreign,5458,50213600,9200.0,official,0
Yala,2009,foreign,1072,9862400,9200.0,official,0
Yala,2010,foreign,13461,123841200,9200.0,official,0
Anuradhapura,2010,foreign,385,1501500,3900.0,official,0
Yala,2010,foreign,2469,22714800,9200.0,official,0
Yala,2011,foreign,16772,154302400,9200.0,official,0
Anuradhapura,2011,foreign,995,3880500,3900.0,official,0
Yala,2011,foreign,3644,33524800,9200.0,official,0
Yala,2012,foreign,24159,222262800,9200.0,official,0
Anuradhapura,2012,foreign,2572,10030800,3900.0,official,0
Yala,2012,foreign,271,2493200,9200.0,official,0
Yala,2012,foreign,4701,43249200,9200.0,official,0
Yala,2013,foreign,29628,272577600,9200.0,official,0
Anuradhapura,2013,foreign,23425,91357500,3900.0,official,0
Yala,2013,foreign,8595,79074000,9200.0,official,0
Yala,2013,foreign,126,1159200,9200.0,official,0
Yala,2014,foreign,39233,360943600,9200.0,official,0
Anuradhapura,2014,foreign,6713,26180700,3900.0,official,0
Yala,2014,foreign,500,4600000,9200.0,official,0
Yala,2014,foreign,12046,110823200,9200.0,official,0
Yala,2015,foreign,45577,419308400,9200.0,official,0
Anuradhapura,2015,foreign,9557,37272300,3900.0,official,0
Yala,2015,foreign,685,6302000,9200.0,official,0
Yala,2015,foreign,18799,172950800,9200.0,official,0
Yala,2016,foreign,62007,570464400,9200.0,official,0
Anuradhapura,2016,foreign,8633,33668700,3900.0,official,0
Yala,2016,foreign,952,8758400,9200.0,official,0
Yala,2016,foreign,28184,259292800,9200.0,official,0
Yala,2017,foreign,67808,623833600,9200.0,official,0
Anuradhapura,2017,foreign,12301,47973900,3900.0,official,0
Yala,2017,foreign,1165,10718000,9200.0,official,0
Yala,2017,foreign,33703,310067600,9200.0,official,0
Yala,2018,foreign,74419,684654800,9200.0,official,0
Anuradhapura,2018,foreign,19713,76880700,3900.0,official,0
Yala,2018,foreign,1635,15042000,9200.0,official,0
Yala,2018,foreign,53984,496652800,9200.0,official,0
Yala,2019,foreign,57044,524804800,9200.0,official,0
Anuradhapura,2019,foreign,16293,63542700,3900.0,official,0
Yala,2019,foreign,1246,11463200,9200.0,official,0
Yala,2019,foreign,49844,458564800,9200.0,official,0
Yala,2020,foreign,19500,179400000,9200.0,official,0
Anuradhapura,2020,foreign,5094,19866600,3900.0,official,0
Yala,2020,foreign,117,1076400,9200.0,official,0
Yala,2020,foreign,15660,144072000,9200.0,official,0
Yala,2021,foreign,7673151,70592989200,9200.0,official,0
Anuradhapura,2021,foreign,1184254,4618590600,3900.0,official,0
Yala,2021,foreign,86522,796002400,9200.0,official,0
Yala,2021,foreign,2611164,24022708800,9200.0,official,0
Yala,2022,foreign,59607157,548385844400,9200.0,official,0
Anuradhapura,2022,foreign,13401184,52264617600,3900.0,official,0
Yala,2022,foreign,1014789,9336058800,9200.0,official,0
Yala,2022,foreign,27857290,256287068000,9200.0,official,0
Yala,2023,foreign,185698,1708421600,9200.0,official,0
Anuradhapura,2023,foreign,51138,199438200,3900.0,official,0
Yala,2023,foreign,2995,27554000,9200.0,official,0
Yala,2023,foreign,78824,725180800,9200.0,official,0
Cultural Triangle (aggregate),1990,foreign,124382,44700000,359.38,official,0
Cultural Triangle (aggregate),1991,foreign,132641,69600000,524.72,official,0
Cultural Triangle (aggregate),1992,foreign,153817,102300000,665.08,official,0
Cultural Triangle (aggregate),1993,foreign,148913,149600000,1004.61,official,0
Cultural Triangle (aggregate),1994,foreign,168402,176100000,1045.71,official,0
Cultural Triangle (aggregate),1995,foreign,166661,168700000,1012.23,official,0
Cultural Triangle (aggregate),1997,foreign,144517,186000000,1287.05,official,0
Cultural Triangle (aggregate),1998,foreign,165463,225000000,1359.82,official,0
Cultural Triangle (aggregate),1999,foreign,207398,300500000,1448.91,official,0
Cultural Triangle (aggregate),2001,foreign,129201,222000000,1718.25,official,0
Cultural Triangle (aggregate),2003,foreign,212521,403300000,1897.69,official,0
Cultural Triangle (aggregate),2004,foreign,246380,543100000,2204.32,official,0
Cultural Triangle (aggregate),2005,foreign,110443,284700000,2577.8,official,0
Cultural Triangle (aggregate),2006,foreign,138232,400900000,2900.2,official,0
Cultural Triangle (aggregate),2008,foreign,112190,307500000,2740.89,official,0
Cultural Triangle (aggregate),2009,foreign,109404,402800000,3681.77,official,0
Cultural Triangle (aggregate),2010,foreign,197947,743500000,3756.06,official,0
Cultural Triangle (aggregate),2011,foreign,239920,998200000,4160.55,official,0
Cultural Triangle (aggregate),2013,foreign,504699,1727100000,3422.04,official,0
Cultural Triangle (aggregate),2014,foreign,627136,2178500000,3473.73,official,0
Cultural Triangle (aggregate),2015,foreign,355370,1236700000,3480.03,official,0
Cultural Triangle (aggregate),2016,foreign,905333,3363300000,3714.99,official,0
Cultural Triangle (aggregate),2017,foreign,978606,3774400000,3856.91,official,0
Cultural Triangle (aggregate),2018,foreign,979171,4199500000,4288.83,official,0
Cultural Triangle (aggregate),2019,foreign,730854,3288100000,4498.98,official,0
Anuradhapura,2015,foreign,5912,23056800,3900.0,derived,1
Anuradhapura,2015,foreign,5859,22850100,3900.0,derived,2
Anuradhapura,2015,foreign,5801,22623900,3900.0,derived,3
Anuradhapura,2015,foreign,4520,17628000,3900.0,derived,4
Anuradhapura,2015,foreign,3771,14706900,3900.0,derived,5
Anuradhapura,2015,foreign,4162,16231800,3900.0,derived,6
Anuradhapura,2015,foreign,6103,23801700,3900.0,derived,7
Anuradhapura,2015,foreign,5748,22417200,3900.0,derived,8
Anuradhapura,2015,foreign,4599,17936100,3900.0,derived,9
Anuradhapura,2015,foreign,4970,19383000,3900.0,derived,10
Anuradhapura,2015,foreign,5869,22889100,3900.0,derived,11
Anuradhapura,2015,foreign,7576,29546400,3900.0,derived,12
Anuradhapura,2015,local,8128,487680,60.0,derived,1
Anuradhapura,2015,local,8054,483240,60.0,derived,2
Anuradhapura,2015,local,7975,478500,60.0,derived,3
Anuradhapura,2015,local,6214,372840,60.0,derived,4
Anuradhapura,2015,local,5184,311040,60.0,derived,5
Anuradhapura,2015,local,5722,343320,60.0,derived,6
Anuradhapura,2015,local,8390,503400,60.0,derived,7
Anuradhapura,2015,local,7902,474120,60.0,derived,8
Anuradhapura,2015,local,6323,379380,60.0,derived,9
Anuradhapura,2015,local,6833,409980,60.0,derived,10
Anuradhapura,2015,local,8069,484140,60.0,derived,11
Anuradhapura,2015,local,10416,624960,60.0,derived,12
Anuradhapura,2016,foreign,6750,26325000,3900.0,derived,1
Anuradhapura,2016,foreign,6689,26087100,3900.0,derived,2
Anuradhapura,2016,foreign,6623,25829700,3900.0,derived,3
Anuradhapura,2016,foreign,5160,20124000,3900.0,derived,4
Anuradhapura,2016,foreign,4305,16789500,3900.0,derived,5
Anuradhapura,2016,foreign,4752,18532800,3900.0,derived,6
Anuradhapura,2016,foreign,6968,27175200,3900.0,derived,7
Anuradhapura,2016,foreign,6563,25595700,3900.0,derived,8
Anuradhapura,2016,foreign,5251,20478900,3900.0,derived,9
Anuradhapura,2016,foreign,5675,22132500,3900.0,derived,10
Anuradhapura,2016,foreign,6701,26133900,3900.0,derived,11
Anuradhapura,2016,foreign,8650,33735000,3900.0,derived,12
Anuradhapura,2016,local,9336,560160,60.0,derived,1
Anuradhapura,2016,local,9251,555060,60.0,derived,2
Anuradhapura,2016,local,9160,549600,60.0,derived,3
Anuradhapura,2016,local,7137,428220,60.0,derived,4
Anuradhapura,2016,local,5954,357240,60.0,derived,5
Anuradhapura,2016,local,6572,394320,60.0,derived,6
Anuradhapura,2016,local,9637,578220,60.0,derived,7
Anuradhapura,2016,local,9076,544560,60.0,derived,8
Anuradhapura,2016,local,7263,435780,60.0,derived,9
Anuradhapura,2016,local,7848,470880,60.0,derived,10
Anuradhapura,2016,local,9268,556080,60.0,derived,11
Anuradhapura,2016,local,11964,717840,60.0,derived,12
Anuradhapura,2017,foreign,2212,8626800,3900.0,derived,1
Anuradhapura,2017,foreign,2192,8548800,3900.0,derived,2
Anuradhapura,2017,foreign,2171,8466900,3900.0,derived,3
Anuradhapura,2017,foreign,1691,6594900,3900.0,derived,4
Anuradhapura,2017,foreign,1411,5502900,3900.0,derived,5
Anuradhapura,2017,foreign,1557,6072300,3900.0,derived,6
Anuradhapura,2017,foreign,2284,8907600,3900.0,derived,7
Anuradhapura,2017,foreign,2151,8388900,3900.0,derived,8
Anuradhapura,2017,foreign,1721,6711900,3900.0,derived,9
Anuradhapura,2017,foreign,1860,7254000,3900.0,derived,10
Anuradhapura,2017,foreign,2196,8564400,3900.0,derived,11
Anuradhapura,2017,foreign,2835,11056500,3900.0,derived,12
Anuradhapura,2017,local,4255,255300,60.0,derived,1
Anuradhapura,2017,local,4216,252960,60.0,derived,2
Anuradhapura,2017,local,4175,250500,60.0,derived,3
Anuradhapura,2017,local,3253,195180,60.0,derived,4
Anuradhapura,2017,local,2714,162840,60.0,derived,5
Anuradhapura,2017,local,2995,179700,60.0,derived,6
Anuradhapura,2017,local,4392,263520,60.0,derived,7
Anuradhapura,2017,local,4137,248220,60.0,derived,8
Anuradhapura,2017,local,3310,198600,60.0,derived,9
Anuradhapura,2017,local,3577,214620,60.0,derived,10
Anuradhapura,2017,local,4224,253440,60.0,derived,11
Anuradhapura,2017,local,5453,327180,60.0,derived,12
Anuradhapura,2018,foreign,7770,30303000,3900.0,derived,1
Anuradhapura,2018,foreign,7699,30026100,3900.0,derived,2
Anuradhapura,2018,foreign,7623,29729700,3900.0,derived,3
Anuradhapura,2018,foreign,5940,23166000,3900.0,derived,4
Anuradhapura,2018,foreign,4956,19328400,3900.0,derived,5
Anuradhapura,2018,foreign,5469,21329100,3900.0,derived,6
Anuradhapura,2018,foreign,8021,31281900,3900.0,derived,7
Anuradhapura,2018,foreign,7554,29460600,3900.0,derived,8
Anuradhapura,2018,foreign,6045,23575500,3900.0,derived,9
Anuradhapura,2018,foreign,6532,25474800,3900.0,derived,10
Anuradhapura,2018,foreign,7714,30084600,3900.0,derived,11
Anuradhapura,2018,foreign,9957,38832300,3900.0,derived,12
Anuradhapura,2018,local,10836,650160,60.0,derived,1
Anuradhapura,2018,local,10738,644280,60.0,derived,2
Anuradhapura,2018,local,10632,637920,60.0,derived,3
Anuradhapura,2018,local,8284,497040,60.0,derived,4
Anuradhapura,2018,local,6912,414720,60.0,derived,5
Anuradhapura,2018,local,7628,457680,60.0,derived,6
Anuradhapura,2018,local,11186,671160,60.0,derived,7
Anuradhapura,2018,local,10536,632160,60.0,derived,8
Anuradhapura,2018,local,8431,505860,60.0,derived,9
Anuradhapura,2018,local,9110,546600,60.0,derived,10
Anuradhapura,2018,local,10758,645480,60.0,derived,11
Anuradhapura,2018,local,13887,833220,60.0,derived,12
Anuradhapura,2019,foreign,6172,24070800,3900.0,derived,1
Anuradhapura,2019,foreign,6116,23852400,3900.0,derived,2
Anuradhapura,2019,foreign,6056,23618400,3900.0,derived,3
Anuradhapura,2019,foreign,4719,18404100,3900.0,derived,4
Anuradhapura,2019,foreign,3937,15354300,3900.0,derived,5
Anuradhapura,2019,foreign,4345,16945500,3900.0,derived,6
Anuradhapura,2019,foreign,6372,24850800,3900.0,derived,7
Anuradhapura,2019,foreign,6001,23403900,3900.0,derived,8
Anuradhapura,2019,foreign,4802,18727800,3900.0,derived,9
Anuradhapura,2019,foreign,5189,20237100,3900.0,derived,10
Anuradhapura,2019,foreign,6128,23899200,3900.0,derived,11
Anuradhapura,2019,foreign,7910,30849000,3900.0,derived,12
Anuradhapura,2019,local,8755,525300,60.0,derived,1
Anuradhapura,2019,local,8675,520500,60.0,derived,2
Anuradhapura,2019,local,8590,515400,60.0,derived,3
Anuradhapura,2019,local,6693,401580,60.0,derived,4
Anuradhapura,2019,local,5584,335040,60.0,derived,5
Anuradhapura,2019,local,6163,369780,60.0,derived,6
Anuradhapura,2019,local,9037,542220,60.0,derived,7
Anuradhapura,2019,local,8512,510720,60.0,derived,8
Anuradhapura,2019,local,6811,408660,60.0,derived,9
Anuradhapura,2019,local,7360,441600,60.0,derived,10
Anuradhapura,2019,local,8691,521460,60.0,derived,11
Anuradhapura,2019,local,11219,673140,60.0,derived,12
Anuradhapura,2020,foreign,672,2620800,3900.0,derived,1
Anuradhapura,2020,foreign,666,2597400,3900.0,derived,2
Anuradhapura,2020,foreign,659,2570100,3900.0,derived,3
Anuradhapura,2020,foreign,514,2004600,3900.0,derived,4
Anuradhapura,2020,foreign,428,1669200,3900.0,derived,5
Anuradhapura,2020,foreign,473,1844700,3900.0,derived,6
Anuradhapura,2020,foreign,694,2706600,3900.0,derived,7
Anuradhapura,2020,foreign,653,2546700,3900.0,derived,8
Anuradhapura,2020,foreign,523,2039700,3900.0,derived,9
Anuradhapura,2020,foreign,565,2203500,3900.0,derived,10
Anuradhapura,2020,foreign,667,2601300,3900.0,derived,11
Anuradhapura,2020,foreign,861,3357900,3900.0,derived,12
Anuradhapura,2020,local,2885,173100,60.0,derived,1
Anuradhapura,2020,local,2859,171540,60.0,derived,2
Anuradhapura,2020,local,2831,169860,60.0,derived,3
Anuradhapura,2020,local,2205,132300,60.0,derived,4
Anuradhapura,2020,local,1840,110400,60.0,derived,5
Anuradhapura,2020,local,2031,121860,60.0,derived,6
Anuradhapura,2020,local,2978,178680,60.0,derived,7
Anuradhapura,2020,local,2805,168300,60.0,derived,8
Anuradhapura,2020,local,2244,134640,60.0,derived,9
Anuradhapura,2020,local,2425,145500,60.0,derived,10
Anuradhapura,2020,local,2864,171840,60.0,derived,11
Anuradhapura,2020,local,3697,221820,60.0,derived,12
Anuradhapura,2021,foreign,630,2457000,3900.0,derived,1
Anuradhapura,2021,foreign,625,2437500,3900.0,derived,2
Anuradhapura,2021,foreign,619,2414100,3900.0,derived,3
Anuradhapura,2021,foreign,482,1879800,3900.0,derived,4
Anuradhapura,2021,foreign,402,1567800,3900.0,derived,5
Anuradhapura,2021,foreign,444,1731600,3900.0,derived,6
Anuradhapura,2021,foreign,651,2538900,3900.0,derived,7
Anuradhapura,2021,foreign,613,2390700,3900.0,derived,8
Anuradhapura,2021,foreign,490,1911000,3900.0,derived,9
Anuradhapura,2021,foreign,530,2067000,3900.0,derived,10
Anuradhapura,2021,foreign,626,2441400,3900.0,derived,11
Anuradhapura,2021,foreign,808,3151200,3900.0,derived,12
Anuradhapura,2021,local,899,53940,60.0,derived,1
Anuradhapura,2021,local,891,53460,60.0,derived,2
Anuradhapura,2021,local,882,52920,60.0,derived,3
Anuradhapura,2021,local,687,41220,60.0,derived,4
Anuradhapura,2021,local,573,34380,60.0,derived,5
Anuradhapura,2021,local,633,37980,60.0,derived,6
Anuradhapura,2021,local,928,55680,60.0,derived,7
Anuradhapura,2021,local,874,52440,60.0,derived,8
Anuradhapura,2021,local,700,42000,60.0,derived,9
Anuradhapura,2021,local,756,45360,60.0,derived,10
Anuradhapura,2021,local,893,53580,60.0,derived,11
Anuradhapura,2021,local,1153,69180,60.0,derived,12
Anuradhapura,2022,foreign,2332,9094800,3900.0,derived,1
Anuradhapura,2022,foreign,2311,9012900,3900.0,derived,2
Anuradhapura,2022,foreign,2288,8923200,3900.0,derived,3
Anuradhapura,2022,foreign,1782,6949800,3900.0,derived,4
Anuradhapura,2022,foreign,1487,5799300,3900.0,derived,5
Anuradhapura,2022,foreign,1641,6399900,3900.0,derived,6
Anuradhapura,2022,foreign,2407,9387300,3900.0,derived,7
Anuradhapura,2022,foreign,2267,8841300,3900.0,derived,8
Anuradhapura,2022,foreign,1814,7074600,3900.0,derived,9
Anuradhapura,2022,foreign,1960,7644000,3900.0,derived,10
Anuradhapura,2022,foreign,2315,9028500,3900.0,derived,11
Anuradhapura,2022,foreign,2988,11653200,3900.0,derived,12
Anuradhapura,2022,local,3333,199980,60.0,derived,1
Anuradhapura,2022,local,3303,198180,60.0,derived,2
Anuradhapura,2022,local,3270,196200,60.0,derived,3
Anuradhapura,2022,local,2548,152880,60.0,derived,4
Anuradhapura,2022,local,2126,127560,60.0,derived,5
Anuradhapura,2022,local,2346,140760,60.0,derived,6
Anuradhapura,2022,local,3440,206400,60.0,derived,7
Anuradhapura,2022,local,3240,194400,60.0,derived,8
Anuradhapura,2022,local,2593,155580,60.0,derived,9
Anuradhapura,2022,local,2802,168120,60.0,derived,10
Anuradhapura,2022,local,3309,198540,60.0,derived,11
Anuradhapura,2022,local,4271,256260,60.0,derived,12
Anuradhapura,2023,foreign,6033,23528700,3900.0,derived,1
Anuradhapura,2023,foreign,5978,23314200,3900.0,derived,2
Anuradhapura,2023,foreign,5919,23084100,3900.0,derived,3
Anuradhapura,2023,foreign,4612,17986800,3900.0,derived,4
Anuradhapura,2023,foreign,3848,15007200,3900.0,derived,5
Anuradhapura,2023,foreign,4247,16563300,3900.0,derived,6
Anuradhapura,2023,foreign,6227,24285300,3900.0,derived,7
Anuradhapura,2023,foreign,5865,22873500,3900.0,derived,8
Anuradhapura,2023,foreign,4693,18302700,3900.0,derived,9
Anuradhapura,2023,foreign,5071,19776900,3900.0,derived,10
Anuradhapura,2023,foreign,5989,23357100,3900.0,derived,11
Anuradhapura,2023,foreign,7731,30150900,3900.0,derived,12
Anuradhapura,2023,local,7472,448320,60.0,derived,1
Anuradhapura,2023,local,7404,444240,60.0,derived,2
Anuradhapura,2023,local,7331,439860,60.0,derived,3
Anuradhapura,2023,local,5712,342720,60.0,derived,4
Anuradhapura,2023,local,4766,285960,60.0,derived,5
Anuradhapura,2023,local,5260,315600,60.0,derived,6
Anuradhapura,2023,local,7713,462780,60.0,derived,7
Anuradhapura,2023,local,7264,435840,60.0,derived,8
Anuradhapura,2023,local,5813,348780,60.0,derived,9
Anuradhapura,2023,local,6281,376860,60.0,derived,10
Anuradhapura,2023,local,7418,445080,60.0,derived,11
Anuradhapura,2023,local,9575,574500,60.0,derived,12
Anuradhapura,2024,foreign,6745,26305500,3900.0,derived,1
Anuradhapura,2024,foreign,6684,26067600,3900.0,derived,2
Anuradhapura,2024,foreign,6618,25810200,3900.0,derived,3
Anuradhapura,2024,foreign,5156,20108400,3900.0,derived,4
Anuradhapura,2024,foreign,4302,16777800,3900.0,derived,5
Anuradhapura,2024,foreign,4748,18517200,3900.0,derived,6
Anuradhapura,2024,foreign,6963,27155700,3900.0,derived,7
Anuradhapura,2024,foreign,6558,25576200,3900.0,derived,8
Anuradhapura,2024,foreign,5247,20463300,3900.0,derived,9
Anuradhapura,2024,foreign,5670,22113000,3900.0,derived,10
Anuradhapura,2024,foreign,6696,26114400,3900.0,derived,11
Anuradhapura,2024,foreign,8644,33711600,3900.0,derived,12
Anuradhapura,2024,local,9456,567360,60.0,derived,1
Anuradhapura,2024,local,9371,562260,60.0,derived,2
Anuradhapura,2024,local,9278,556680,60.0,derived,3
Anuradhapura,2024,local,7229,433740,60.0,derived,4
Anuradhapura,2024,local,6031,361860,60.0,derived,5
Anuradhapura,2024,local,6657,399420,60.0,derived,6
Anuradhapura,2024,local,9761,585660,60.0,derived,7
Anuradhapura,2024,local,9194,551640,60.0,derived,8
Anuradhapura,2024,local,7357,441420,60.0,derived,9
Anuradhapura,2024,local,7950,477000,60.0,derived,10
Anuradhapura,2024,local,9388,563280,60.0,derived,11
Anuradhapura,2024,local,12118,727080,60.0,derived,12
Anuradhapura,2025,foreign,14685,57271500,3900.0,derived,1
Anuradhapura,2025,foreign,14552,56752800,3900.0,derived,2
Anuradhapura,2025,foreign,14408,56191200,3900.0,derived,3
Anuradhapura,2025,foreign,11226,43781400,3900.0,derived,4
Anuradhapura,2025,foreign,9366,36527400,3900.0,derived,5
Anuradhapura,2025,foreign,10337,40314300,3900.0,derived,6
Anuradhapura,2025,foreign,15159,59120100,3900.0,derived,7
Anuradhapura,2025,foreign,14277,55680300,3900.0,derived,8
Anuradhapura,2025,foreign,11425,44557500,3900.0,derived,9
Anuradhapura,2025,foreign,12345,48145500,3900.0,derived,10
Anuradhapura,2025,foreign,14579,56858100,3900.0,derived,11
Anuradhapura,2025,foreign,18818,73390200,3900.0,derived,12
Anuradhapura,2025,local,10305,618300,60.0,derived,1
Anuradhapura,2025,local,10212,612720,60.0,derived,2
Anuradhapura,2025,local,10111,606660,60.0,derived,3
Anuradhapura,2025,local,7879,472740,60.0,derived,4
Anuradhapura,2025,local,6573,394380,60.0,derived,5
Anuradhapura,2025,local,7255,435300,60.0,derived,6
Anuradhapura,2025,local,10638,638280,60.0,derived,7
Anuradhapura,2025,local,10019,601140,60.0,derived,8
Anuradhapura,2025,local,8018,481080,60.0,derived,9
Anuradhapura,2025,local,8664,519840,60.0,derived,10
Anuradhapura,2025,local,10231,613860,60.0,derived,11
Anuradhapura,2025,local,13207,792420,60.0,derived,12
Arugam Bay,2015,foreign,578,289000,500.0,derived,1
Arugam Bay,2015,foreign,578,289000,500.0,derived,2
Arugam Bay,2015,foreign,963,481500,500.0,derived,3
Arugam Bay,2015,foreign,1734,867000,500.0,derived,4
Arugam Bay,2015,foreign,2313,1156500,500.0,derived,5
Arugam Bay,2015,foreign,2505,1252500,500.0,derived,6
Arugam Bay,2015,foreign,2698,1349000,500.0,derived,7
Arugam Bay,2015,foreign,2505,1252500,500.0,derived,8
Arugam Bay,2015,foreign,2120,1060000,500.0,derived,9
Arugam Bay,2015,foreign,1542,771000,500.0,derived,10
Arugam Bay,2015,foreign,771,385500,500.0,derived,11
Arugam Bay,2015,foreign,963,481500,500.0,derived,12
Arugam Bay,2015,local,820,16400,20.0,derived,1
Arugam Bay,2015,local,820,16400,20.0,derived,2
Arugam Bay,2015,local,1367,27340,20.0,derived,3
Arugam Bay,2015,local,2461,49220,20.0,derived,4
Arugam Bay,2015,local,3281,65620,20.0,derived,5
Arugam Bay,2015,local,3555,71100,20.0,derived,6
Arugam Bay,2015,local,3828,76560,20.0,derived,7
Arugam Bay,2015,local,3555,71100,20.0,derived,8
Arugam Bay,2015,local,3008,60160,20.0,derived,9
Arugam Bay,2015,local,2187,43740,20.0,derived,10
Arugam Bay,2015,local,1093,21860,20.0,derived,11
Arugam Bay,2015,local,1367,27340,20.0,derived,12
Arugam Bay,2016,foreign,667,333500,500.0,derived,1
Arugam Bay,2016,foreign,667,333500,500.0,derived,2
Arugam Bay,2016,foreign,1112,556000,500.0,derived,3
Arugam Bay,2016,foreign,2003,1001500,500.0,derived,4
Arugam Bay,2016,foreign,2670,1335000,500.0,derived,5
Arugam Bay,2016,foreign,2893,1446500,500.0,derived,6
Arugam Bay,2016,foreign,3115,1557500,500.0,derived,7
Arugam Bay,2016,foreign,2893,1446500,500.0,derived,8
Arugam Bay,2016,foreign,2448,1224000,500.0,derived,9
Arugam Bay,2016,foreign,1780,890000,500.0,derived,10
Arugam Bay,2016,foreign,890,445000,500.0,derived,11
Arugam Bay,2016,foreign,1112,556000,500.0,derived,12
Arugam Bay,2016,local,927,18540,20.0,derived,1
Arugam Bay,2016,local,927,18540,20.0,derived,2
Arugam Bay,2016,local,1546,30920,20.0,derived,3
Arugam Bay,2016,local,2783,55660,20.0,derived,4
Arugam Bay,2016,local,3711,74220,20.0,derived,5
Arugam Bay,2016,local,4021,80420,20.0,derived,6
Arugam Bay,2016,local,4330,86600,20.0,derived,7
Arugam Bay,2016,local,4021,80420,20.0,derived,8
Arugam Bay,2016,local,3402,68040,20.0,derived,9
Arugam Bay,2016,local,2474,49480,20.0,derived,10
Arugam Bay,2016,local,1237,24740,20.0,derived,11
Arugam Bay,2016,local,1546,30920,20.0,derived,12
Arugam Bay,2017,foreign,691,345500,500.0,derived,1
Arugam Bay,2017,foreign,691,345500,500.0,derived,2
Arugam Bay,2017,foreign,1153,576500,500.0,derived,3
Arugam Bay,2017,foreign,2075,1037500,500.0,derived,4
Arugam Bay,2017,foreign,2767,1383500,500.0,derived,5
Arugam Bay,2017,foreign,2997,1498500,500.0,derived,6
Arugam Bay,2017,foreign,3228,1614000,500.0,derived,7
Arugam Bay,2017,foreign,2997,1498500,500.0,derived,8
Arugam Bay,2017,foreign,2536,1268000,500.0,derived,9
Arugam Bay,2017,foreign,1844,922000,500.0,derived,10
Arugam Bay,2017,foreign,922,461000,500.0,derived,11
Arugam Bay,2017,foreign,1153,576500,500.0,derived,12
Arugam Bay,2017,local,956,19120,20.0,derived,1
Arugam Bay,2017,local,956,19120,20.0,derived,2
Arugam Bay,2017,local,1594,31880,20.0,derived,3
Arugam Bay,2017,local,2870,57400,20.0,derived,4
Arugam Bay,2017,local,3826,76520,20.0,derived,5
Arugam Bay,2017,local,4145,82900,20.0,derived,6
Arugam Bay,2017,local,4464,89280,20.0,derived,7
Arugam Bay,2017,local,4145,82900,20.0,derived,8
Arugam Bay,2017,local,3508,70160,20.0,derived,9
Arugam Bay,2017,local,2551,51020,20.0,derived,10
Arugam Bay,2017,local,1275,25500,20.0,derived,11
Arugam Bay,2017,local,1594,31880,20.0,derived,12
Arugam Bay,2018,foreign,745,372500,500.0,derived,1
Arugam Bay,2018,foreign,745,372500,500.0,derived,2
Arugam Bay,2018,foreign,1243,621500,500.0,derived,3
Arugam Bay,2018,foreign,2237,1118500,500.0,derived,4
Arugam Bay,2018,foreign,2983,1491500,500.0,derived,5
Arugam Bay,2018,foreign,3231,1615500,500.0,derived,6
Arugam Bay,2018,foreign,3480,1740000,500.0,derived,7
Arugam Bay,2018,foreign,3231,1615500,500.0,derived,8
Arugam Bay,2018,foreign,2734,1367000,500.0,derived,9
Arugam Bay,2018,foreign,1988,994000,500.0,derived,10
Arugam Bay,2018,foreign,994,497000,500.0,derived,11
Arugam Bay,2018,foreign,1243,621500,500.0,derived,12
Arugam Bay,2018,local,1050,21000,20.0,derived,1
Arugam Bay,2018,local,1050,21000,20.0,derived,2
Arugam Bay,2018,local,1750,35000,20.0,derived,3
Arugam Bay,2018,local,3150,63000,20.0,derived,4
Arugam Bay,2018,local,4200,84000,20.0,derived,5
Arugam Bay,2018,local,4550,91000,20.0,derived,6
Arugam Bay,2018,local,4900,98000,20.0,derived,7
Arugam Bay,2018,local,4550,91000,20.0,derived,8
Arugam Bay,2018,local,3850,77000,20.0,derived,9
Arugam Bay,2018,local,2800,56000,20.0,derived,10
Arugam Bay,2018,local,1400,28000,20.0,derived,11
Arugam Bay,2018,local,1750,35000,20.0,derived,12
Arugam Bay,2019,foreign,623,311500,500.0,derived,1
Arugam Bay,2019,foreign,623,311500,500.0,derived,2
Arugam Bay,2019,foreign,1038,519000,500.0,derived,3
Arugam Bay,2019,foreign,1870,935000,500.0,derived,4
Arugam Bay,2019,foreign,2493,1246500,500.0,derived,5
Arugam Bay,2019,foreign,2701,1350500,500.0,derived,6
Arugam Bay,2019,foreign,2909,1454500,500.0,derived,7
Arugam Bay,2019,foreign,2701,1350500,500.0,derived,8
Arugam Bay,2019,foreign,2285,1142500,500.0,derived,9
Arugam Bay,2019,foreign,1662,831000,500.0,derived,10
Arugam Bay,2019,foreign,831,415500,500.0,derived,11
Arugam Bay,2019,foreign,1038,519000,500.0,derived,12
Arugam Bay,2019,local,866,17320,20.0,derived,1
Arugam Bay,2019,local,866,17320,20.0,derived,2
Arugam Bay,2019,local,1443,28860,20.0,derived,3
Arugam Bay,2019,local,2598,51960,20.0,derived,4
Arugam Bay,2019,local,3464,69280,20.0,derived,5
Arugam Bay,2019,local,3752,75040,20.0,derived,6
Arugam Bay,2019,local,4041,80820,20.0,derived,7
Arugam Bay,2019,local,3752,75040,20.0,derived,8
Arugam Bay,2019,local,3175,63500,20.0,derived,9
Arugam Bay,2019,local,2309,46180,20.0,derived,10
Arugam Bay,2019,local,1154,23080,20.0,derived,11
Arugam Bay,2019,local,1443,28860,20.0,derived,12
Arugam Bay,2020,foreign,163,81500,500.0,derived,1
Arugam Bay,2020,foreign,163,81500,500.0,derived,2
Arugam Bay,2020,foreign,272,136000,500.0,derived,3
Arugam Bay,2020,foreign,490,245000,500.0,derived,4
Arugam Bay,2020,foreign,654,327000,500.0,derived,5
Arugam Bay,2020,foreign,709,354500,500.0,derived,6
Arugam Bay,2020,foreign,763,381500,500.0,derived,7
Arugam Bay,2020,foreign,709,354500,500.0,derived,8
Arugam Bay,2020,foreign,599,299500,500.0,derived,9
Arugam Bay,2020,foreign,436,218000,500.0,derived,10
Arugam Bay,2020,foreign,218,109000,500.0,derived,11
Arugam Bay,2020,foreign,272,136000,500.0,derived,12
Arugam Bay,2020,local,229,4580,20.0,derived,1
Arugam Bay,2020,local,229,4580,20.0,derived,2
Arugam Bay,2020,local,382,7640,20.0,derived,3
Arugam Bay,2020,local,688,13760,20.0,derived,4
Arugam Bay,2020,local,918,18360,20.0,derived,5
Arugam Bay,2020,local,995,19900,20.0,derived,6
Arugam Bay,2020,local,1071,21420,20.0,derived,7
Arugam Bay,2020,local,995,19900,20.0,derived,8
Arugam Bay,2020,local,841,16820,20.0,derived,9
Arugam Bay,2020,local,612,12240,20.0,derived,10
Arugam Bay,2020,local,306,6120,20.0,derived,11
Arugam Bay,2020,local,382,7640,20.0,derived,12
Arugam Bay,2021,foreign,61,30500,500.0,derived,1
Arugam Bay,2021,foreign,61,30500,500.0,derived,2
Arugam Bay,2021,foreign,103,51500,500.0,derived,3
Arugam Bay,2021,foreign,185,92500,500.0,derived,4
Arugam Bay,2021,foreign,247,123500,500.0,derived,5
Arugam Bay,2021,foreign,268,134000,500.0,derived,6
Arugam Bay,2021,foreign,289,144500,500.0,derived,7
Arugam Bay,2021,foreign,268,134000,500.0,derived,8
Arugam Bay,2021,foreign,227,113500,500.0,derived,9
Arugam Bay,2021,foreign,165,82500,500.0,derived,10
Arugam Bay,2021,foreign,82,41000,500.0,derived,11
Arugam Bay,2021,foreign,103,51500,500.0,derived,12
Arugam Bay,2021,local,88,1760,20.0,derived,1
Arugam Bay,2021,local,88,1760,20.0,derived,2
Arugam Bay,2021,local,147,2940,20.0,derived,3
Arugam Bay,2021,local,265,5300,20.0,derived,4
Arugam Bay,2021,local,353,7060,20.0,derived,5
Arugam Bay,2021,local,383,7660,20.0,derived,6
Arugam Bay,2021,local,412,8240,20.0,derived,7
Arugam Bay,2021,local,383,7660,20.0,derived,8
Arugam Bay,2021,local,324,6480,20.0,derived,9
Arugam Bay,2021,local,235,4700,20.0,derived,10
Arugam Bay,2021,local,117,2340,20.0,derived,11
Arugam Bay,2021,local,147,2940,20.0,derived,12
Arugam Bay,2022,foreign,232,116000,500.0,derived,1
Arugam Bay,2022,foreign,232,116000,500.0,derived,2
Arugam Bay,2022,foreign,388,194000,500.0,derived,3
Arugam Bay,2022,foreign,698,349000,500.0,derived,4
Arugam Bay,2022,foreign,931,465500,500.0,derived,5
Arugam Bay,2022,foreign,1009,504500,500.0,derived,6
Arugam Bay,2022,foreign,1087,543500,500.0,derived,7
Arugam Bay,2022,foreign,1009,504500,500.0,derived,8
Arugam Bay,2022,foreign,854,427000,500.0,derived,9
Arugam Bay,2022,foreign,621,310500,500.0,derived,10
Arugam Bay,2022,foreign,310,155000,500.0,derived,11
Arugam Bay,2022,foreign,388,194000,500.0,derived,12
Arugam Bay,2022,local,328,6560,20.0,derived,1
Arugam Bay,2022,local,328,6560,20.0,derived,2
Arugam Bay,2022,local,547,10940,20.0,derived,3
Arugam Bay,2022,local,986,19720,20.0,derived,4
Arugam Bay,2022,local,1315,26300,20.0,derived,5
Arugam Bay,2022,local,1424,28480,20.0,derived,6
Arugam Bay,2022,local,1534,30680,20.0,derived,7
Arugam Bay,2022,local,1424,28480,20.0,derived,8
Arugam Bay,2022,local,1205,24100,20.0,derived,9
Arugam Bay,2022,local,876,17520,20.0,derived,10
Arugam Bay,2022,local,438,8760,20.0,derived,11
Arugam Bay,2022,local,547,10940,20.0,derived,12
Arugam Bay,2023,foreign,480,240000,500.0,derived,1
Arugam Bay,2023,foreign,480,240000,500.0,derived,2
Arugam Bay,2023,foreign,800,400000,500.0,derived,3
Arugam Bay,2023,foreign,1441,720500,500.0,derived,4
Arugam Bay,2023,foreign,1921,960500,500.0,derived,5
Arugam Bay,2023,foreign,2081,1040500,500.0,derived,6
Arugam Bay,2023,foreign,2241,1120500,500.0,derived,7
Arugam Bay,2023,foreign,2081,1040500,500.0,derived,8
Arugam Bay,2023,foreign,1761,880500,500.0,derived,9
Arugam Bay,2023,foreign,1281,640500,500.0,derived,10
Arugam Bay,2023,foreign,640,320000,500.0,derived,11
Arugam Bay,2023,foreign,800,400000,500.0,derived,12
Arugam Bay,2023,local,660,13200,20.0,derived,1
Arugam Bay,2023,local,660,13200,20.0,derived,2
Arugam Bay,2023,local,1100,22000,20.0,derived,3
Arugam Bay,2023,local,1981,39620,20.0,derived,4
Arugam Bay,2023,local,2641,52820,20.0,derived,5
Arugam Bay,2023,local,2862,57240,20.0,derived,6
Arugam Bay,2023,local,3082,61640,20.0,derived,7
Arugam Bay,2023,local,2862,57240,20.0,derived,8
Arugam Bay,2023,local,2421,48420,20.0,derived,9
Arugam Bay,2023,local,1761,35220,20.0,derived,10
Arugam Bay,2023,local,880,17600,20.0,derived,11
Arugam Bay,2023,local,1100,22000,20.0,derived,12
Arugam Bay,2024,foreign,664,332000,500.0,derived,1
Arugam Bay,2024,foreign,664,332000,500.0,derived,2
Arugam Bay,2024,foreign,1107,553500,500.0,derived,3
Arugam Bay,2024,foreign,1992,996000,500.0,derived,4
Arugam Bay,2024,foreign,2657,1328500,500.0,derived,5
Arugam Bay,2024,foreign,2878,1439000,500.0,derived,6
Arugam Bay,2024,foreign,3099,1549500,500.0,derived,7
Arugam Bay,2024,foreign,2878,1439000,500.0,derived,8
Arugam Bay,2024,foreign,2435,1217500,500.0,derived,9
Arugam Bay,2024,foreign,1771,885500,500.0,derived,10
Arugam Bay,2024,foreign,885,442500,500.0,derived,11
Arugam Bay,2024,foreign,1107,553500,500.0,derived,12
Arugam Bay,2024,local,937,18740,20.0,derived,1
Arugam Bay,2024,local,937,18740,20.0,derived,2
Arugam Bay,2024,local,1562,31240,20.0,derived,3
Arugam Bay,2024,local,2812,56240,20.0,derived,4
Arugam Bay,2024,local,3750,75000,20.0,derived,5
Arugam Bay,2024,local,4063,81260,20.0,derived,6
Arugam Bay,2024,local,4375,87500,20.0,derived,7
Arugam Bay,2024,local,4063,81260,20.0,derived,8
Arugam Bay,2024,local,3438,68760,20.0,derived,9
Arugam Bay,2024,local,2500,50000,20.0,derived,10
Arugam Bay,2024,local,1250,25000,20.0,derived,11
Arugam Bay,2024,local,1562,31240,20.0,derived,12
Arugam Bay,2025,foreign,771,385500,500.0,derived,1
Arugam Bay,2025,foreign,771,385500,500.0,derived,2
Arugam Bay,2025,foreign,1286,643000,500.0,derived,3
Arugam Bay,2025,foreign,2315,1157500,500.0,derived,4
Arugam Bay,2025,foreign,3087,1543500,500.0,derived,5
Arugam Bay,2025,foreign,3344,1672000,500.0,derived,6
Arugam Bay,2025,foreign,3601,1800500,500.0,derived,7
Arugam Bay,2025,foreign,3344,1672000,500.0,derived,8
Arugam Bay,2025,foreign,2829,1414500,500.0,derived,9
Arugam Bay,2025,foreign,2058,1029000,500.0,derived,10
Arugam Bay,2025,foreign,1029,514500,500.0,derived,11
Arugam Bay,2025,foreign,1286,643000,500.0,derived,12
Arugam Bay,2025,local,1099,21980,20.0,derived,1
Arugam Bay,2025,local,1099,21980,20.0,derived,2
Arugam Bay,2025,local,1832,36640,20.0,derived,3
Arugam Bay,2025,local,3298,65960,20.0,derived,4
Arugam Bay,2025,local,4398,87960,20.0,derived,5
Arugam Bay,2025,local,4765,95300,20.0,derived,6
Arugam Bay,2025,local,5131,102620,20.0,derived,7
Arugam Bay,2025,local,4765,95300,20.0,derived,8
Arugam Bay,2025,local,4031,80620,20.0,derived,9
Arugam Bay,2025,local,2932,58640,20.0,derived,10
Arugam Bay,2025,local,1466,29320,20.0,derived,11
Arugam Bay,2025,local,1832,36640,20.0,derived,12
Bentota,2015,foreign,3365,5047500,1500.0,derived,1
Bentota,2015,foreign,3334,5001000,1500.0,derived,2
Bentota,2015,foreign,3301,4951500,1500.0,derived,3
Bentota,2015,foreign,2572,3858000,1500.0,derived,4
Bentota,2015,foreign,2146,3219000,1500.0,derived,5
Bentota,2015,foreign,2368,3552000,1500.0,derived,6
Bentota,2015,foreign,3473,5209500,1500.0,derived,7
Bentota,2015,foreign,3271,4906500,1500.0,derived,8
Bentota,2015,foreign,2618,3927000,1500.0,derived,9
Bentota,2015,foreign,2829,4243500,1500.0,derived,10
Bentota,2015,foreign,3340,5010000,1500.0,derived,11
Bentota,2015,foreign,4312,6468000,1500.0,derived,12
Bentota,2015,local,4653,232650,50.0,derived,1
Bentota,2015,local,4610,230500,50.0,derived,2
Bentota,2015,local,4565,228250,50.0,derived,3
Bentota,2015,local,3557,177850,50.0,derived,4
Bentota,2015,local,2967,148350,50.0,derived,5
Bentota,2015,local,3275,163750,50.0,derived,6
Bentota,2015,local,4803,240150,50.0,derived,7
Bentota,2015,local,4523,226150,50.0,derived,8
Bentota,2015,local,3620,181000,50.0,derived,9
Bentota,2015,local,3911,195550,50.0,derived,10
Bentota,2015,local,4619,230950,50.0,derived,11
Bentota,2015,local,5962,298100,50.0,derived,12
Bentota,2016,foreign,3690,5535000,1500.0,derived,1
Bentota,2016,foreign,3657,5485500,1500.0,derived,2
Bentota,2016,foreign,3621,5431500,1500.0,derived,3
Bentota,2016,foreign,2821,4231500,1500.0,derived,4
Bentota,2016,foreign,2354,3531000,1500.0,derived,5
Bentota,2016,foreign,2598,3897000,1500.0,derived,6
Bentota,2016,foreign,3809,5713500,1500.0,derived,7
Bentota,2016,foreign,3588,5382000,1500.0,derived,8
Bentota,2016,foreign,2871,4306500,1500.0,derived,9
Bentota,2016,foreign,3102,4653000,1500.0,derived,10
Bentota,2016,foreign,3663,5494500,1500.0,derived,11
Bentota,2016,foreign,4729,7093500,1500.0,derived,12
Bentota,2016,local,5228,261400,50.0,derived,1
Bentota,2016,local,5181,259050,50.0,derived,2
Bentota,2016,local,5130,256500,50.0,derived,3
Bentota,2016,local,3997,199850,50.0,derived,4
Bentota,2016,local,3335,166750,50.0,derived,5
Bentota,2016,local,3680,184000,50.0,derived,6
Bentota,2016,local,5397,269850,50.0,derived,7
Bentota,2016,local,5083,254150,50.0,derived,8
Bentota,2016,local,4067,203350,50.0,derived,9
Bentota,2016,local,4395,219750,50.0,derived,10
Bentota,2016,local,5190,259500,50.0,derived,11
Bentota,2016,local,6700,335000,50.0,derived,12
Bentota,2017,foreign,3884,5826000,1500.0,derived,1
Bentota,2017,foreign,3849,5773500,1500.0,derived,2
Bentota,2017,foreign,3811,5716500,1500.0,derived,3
Bentota,2017,foreign,2969,4453500,1500.0,derived,4
Bentota,2017,foreign,2477,3715500,1500.0,derived,5
Bentota,2017,foreign,2734,4101000,1500.0,derived,6
Bentota,2017,foreign,4009,6013500,1500.0,derived,7
Bentota,2017,foreign,3776,5664000,1500.0,derived,8
Bentota,2017,foreign,3022,4533000,1500.0,derived,9
Bentota,2017,foreign,3265,4897500,1500.0,derived,10
Bentota,2017,foreign,3856,5784000,1500.0,derived,11
Bentota,2017,foreign,4977,7465500,1500.0,derived,12
Bentota,2017,local,5399,269950,50.0,derived,1
Bentota,2017,local,5350,267500,50.0,derived,2
Bentota,2017,local,5297,264850,50.0,derived,3
Bentota,2017,local,4127,206350,50.0,derived,4
Bentota,2017,local,3444,172200,50.0,derived,5
Bentota,2017,local,3801,190050,50.0,derived,6
Bentota,2017,local,5573,278650,50.0,derived,7
Bentota,2017,local,5249,262450,50.0,derived,8
Bentota,2017,local,4200,210000,50.0,derived,9
Bentota,2017,local,4539,226950,50.0,derived,10
Bentota,2017,local,5360,268000,50.0,derived,11
Bentota,2017,local,6919,345950,50.0,derived,12
Bentota,2018,foreign,4258,6387000,1500.0,derived,1
Bentota,2018,foreign,4219,6328500,1500.0,derived,2
Bentota,2018,foreign,4177,6265500,1500.0,derived,3
Bentota,2018,foreign,3255,4882500,1500.0,derived,4
Bentota,2018,foreign,2716,4074000,1500.0,derived,5
Bentota,2018,foreign,2997,4495500,1500.0,derived,6
Bentota,2018,foreign,4395,6592500,1500.0,derived,7
Bentota,2018,foreign,4139,6208500,1500.0,derived,8
Bentota,2018,foreign,3312,4968000,1500.0,derived,9
Bentota,2018,foreign,3579,5368500,1500.0,derived,10
Bentota,2018,foreign,4227,6340500,1500.0,derived,11
Bentota,2018,foreign,5456,8184000,1500.0,derived,12
Bentota,2018,local,6021,301050,50.0,derived,1
Bentota,2018,local,5967,298350,50.0,derived,2
Bentota,2018,local,5908,295400,50.0,derived,3
Bentota,2018,local,4603,230150,50.0,derived,4
Bentota,2018,local,3840,192000,50.0,derived,5
Bentota,2018,local,4239,211950,50.0,derived,6
Bentota,2018,local,6216,310800,50.0,derived,7
Bentota,2018,local,5854,292700,50.0,derived,8
Bentota,2018,local,4684,234200,50.0,derived,9
Bentota,2018,local,5062,253100,50.0,derived,10
Bentota,2018,local,5978,298900,50.0,derived,11
Bentota,2018,local,7716,385800,50.0,derived,12
Bentota,2019,foreign,3503,5254500,1500.0,derived,1
Bentota,2019,foreign,3471,5206500,1500.0,derived,2
Bentota,2019,foreign,3437,5155500,1500.0,derived,3
Bentota,2019,foreign,2678,4017000,1500.0,derived,4
Bentota,2019,foreign,2234,3351000,1500.0,derived,5
Bentota,2019,foreign,2466,3699000,1500.0,derived,6
Bentota,2019,foreign,3616,5424000,1500.0,derived,7
Bentota,2019,foreign,3405,5107500,1500.0,derived,8
Bentota,2019,foreign,2725,4087500,1500.0,derived,9
Bentota,2019,foreign,2945,4417500,1500.0,derived,10
Bentota,2019,foreign,3477,5215500,1500.0,derived,11
Bentota,2019,foreign,4489,6733500,1500.0,derived,12
Bentota,2019,local,4900,245000,50.0,derived,1
Bentota,2019,local,4856,242800,50.0,derived,2
Bentota,2019,local,4808,240400,50.0,derived,3
Bentota,2019,local,3746,187300,50.0,derived,4
Bentota,2019,local,3125,156250,50.0,derived,5
Bentota,2019,local,3450,172500,50.0,derived,6
Bentota,2019,local,5059,252950,50.0,derived,7
Bentota,2019,local,4764,238200,50.0,derived,8
Bentota,2019,local,3812,190600,50.0,derived,9
Bentota,2019,local,4120,206000,50.0,derived,10
Bentota,2019,local,4865,243250,50.0,derived,11
Bentota,2019,local,6280,314000,50.0,derived,12
Bentota,2020,foreign,946,1419000,1500.0,derived,1
Bentota,2020,foreign,937,1405500,1500.0,derived,2
Bentota,2020,foreign,928,1392000,1500.0,derived,3
Bentota,2020,foreign,723,1084500,1500.0,derived,4
Bentota,2020,foreign,603,904500,1500.0,derived,5
Bentota,2020,foreign,666,999000,1500.0,derived,6
Bentota,2020,foreign,976,1464000,1500.0,derived,7
Bentota,2020,foreign,919,1378500,1500.0,derived,8
Bentota,2020,foreign,736,1104000,1500.0,derived,9
Bentota,2020,foreign,795,1192500,1500.0,derived,10
Bentota,2020,foreign,939,1408500,1500.0,derived,11
Bentota,2020,foreign,1212,1818000,1500.0,derived,12
Bentota,2020,local,1293,64650,50.0,derived,1
Bentota,2020,local,1282,64100,50.0,derived,2
Bentota,2020,local,1269,63450,50.0,derived,3
Bentota,2020,local,989,49450,50.0,derived,4
Bentota,2020,local,825,41250,50.0,derived,5
Bentota,2020,local,910,45500,50.0,derived,6
Bentota,2020,local,1335,66750,50.0,derived,7
Bentota,2020,local,1257,62850,50.0,derived,8
Bentota,2020,local,1006,50300,50.0,derived,9
Bentota,2020,local,1087,54350,50.0,derived,10
Bentota,2020,local,1284,64200,50.0,derived,11
Bentota,2020,local,1658,82900,50.0,derived,12
Bentota,2021,foreign,357,535500,1500.0,derived,1
Bentota,2021,foreign,354,531000,1500.0,derived,2
Bentota,2021,foreign,351,526500,1500.0,derived,3
Bentota,2021,foreign,273,409500,1500.0,derived,4
Bentota,2021,foreign,228,342000,1500.0,derived,5
Bentota,2021,foreign,251,376500,1500.0,derived,6
Bentota,2021,foreign,369,553500,1500.0,derived,7
Bentota,2021,foreign,347,520500,1500.0,derived,8
Bentota,2021,foreign,278,417000,1500.0,derived,9
Bentota,2021,foreign,300,450000,1500.0,derived,10
Bentota,2021,foreign,355,532500,1500.0,derived,11
Bentota,2021,foreign,458,687000,1500.0,derived,12
Bentota,2021,local,497,24850,50.0,derived,1
Bentota,2021,local,492,24600,50.0,derived,2
Bentota,2021,local,487,24350,50.0,derived,3
Bentota,2021,local,380,19000,50.0,derived,4
Bentota,2021,local,317,15850,50.0,derived,5
Bentota,2021,local,350,17500,50.0,derived,6
Bentota,2021,local,513,25650,50.0,derived,7
Bentota,2021,local,483,24150,50.0,derived,8
Bentota,2021,local,386,19300,50.0,derived,9
Bentota,2021,local,418,20900,50.0,derived,10
Bentota,2021,local,493,24650,50.0,derived,11
Bentota,2021,local,637,31850,50.0,derived,12
Bentota,2022,foreign,1322,1983000,1500.0,derived,1
Bentota,2022,foreign,1310,1965000,1500.0,derived,2
Bentota,2022,foreign,1297,1945500,1500.0,derived,3
Bentota,2022,foreign,1010,1515000,1500.0,derived,4
Bentota,2022,foreign,843,1264500,1500.0,derived,5
Bentota,2022,foreign,930,1395000,1500.0,derived,6
Bentota,2022,foreign,1365,2047500,1500.0,derived,7
Bentota,2022,foreign,1285,1927500,1500.0,derived,8
Bentota,2022,foreign,1028,1542000,1500.0,derived,9
Bentota,2022,foreign,1111,1666500,1500.0,derived,10
Bentota,2022,foreign,1312,1968000,1500.0,derived,11
Bentota,2022,foreign,1694,2541000,1500.0,derived,12
Bentota,2022,local,1872,93600,50.0,derived,1
Bentota,2022,local,1855,92750,50.0,derived,2
Bentota,2022,local,1837,91850,50.0,derived,3
Bentota,2022,local,1431,71550,50.0,derived,4
Bentota,2022,local,1194,59700,50.0,derived,5
Bentota,2022,local,1318,65900,50.0,derived,6
Bentota,2022,local,1933,96650,50.0,derived,7
Bentota,2022,local,1820,91000,50.0,derived,8
Bentota,2022,local,1456,72800,50.0,derived,9
Bentota,2022,local,1574,78700,50.0,derived,10
Bentota,2022,local,1859,92950,50.0,derived,11
Bentota,2022,local,2399,119950,50.0,derived,12
Bentota,2023,foreign,2723,4084500,1500.0,derived,1
Bentota,2023,foreign,2698,4047000,1500.0,derived,2
Bentota,2023,foreign,2672,4008000,1500.0,derived,3
Bentota,2023,foreign,2081,3121500,1500.0,derived,4
Bentota,2023,foreign,1737,2605500,1500.0,derived,5
Bentota,2023,foreign,1917,2875500,1500.0,derived,6
Bentota,2023,foreign,2811,4216500,1500.0,derived,7
Bentota,2023,foreign,2647,3970500,1500.0,derived,8
Bentota,2023,foreign,2118,3177000,1500.0,derived,9
Bentota,2023,foreign,2289,3433500,1500.0,derived,10
Bentota,2023,foreign,2703,4054500,1500.0,derived,11
Bentota,2023,foreign,3489,5233500,1500.0,derived,12
Bentota,2023,local,3794,189700,50.0,derived,1
Bentota,2023,local,3760,188000,50.0,derived,2
Bentota,2023,local,3723,186150,50.0,derived,3
Bentota,2023,local,2900,145000,50.0,derived,4
Bentota,2023,local,2420,121000,50.0,derived,5
Bentota,2023,local,2671,133550,50.0,derived,6
Bentota,2023,local,3917,195850,50.0,derived,7
Bentota,2023,local,3689,184450,50.0,derived,8
Bentota,2023,local,2952,147600,50.0,derived,9
Bentota,2023,local,3190,159500,50.0,derived,10
Bentota,2023,local,3767,188350,50.0,derived,11
Bentota,2023,local,4862,243100,50.0,derived,12
Bentota,2024,foreign,3760,5640000,1500.0,derived,1
Bentota,2024,foreign,3726,5589000,1500.0,derived,2
Bentota,2024,foreign,3689,5533500,1500.0,derived,3
Bentota,2024,foreign,2874,4311000,1500.0,derived,4
Bentota,2024,foreign,2398,3597000,1500.0,derived,5
Bentota,2024,foreign,2647,3970500,1500.0,derived,6
Bentota,2024,foreign,3881,5821500,1500.0,derived,7
Bentota,2024,foreign,3655,5482500,1500.0,derived,8
Bentota,2024,foreign,2925,4387500,1500.0,derived,9
Bentota,2024,foreign,3161,4741500,1500.0,derived,10
Bentota,2024,foreign,3733,5599500,1500.0,derived,11
Bentota,2024,foreign,4818,7227000,1500.0,derived,12
Bentota,2024,local,5219,260950,50.0,derived,1
Bentota,2024,local,5171,258550,50.0,derived,2
Bentota,2024,local,5120,256000,50.0,derived,3
Bentota,2024,local,3990,199500,50.0,derived,4
Bentota,2024,local,3328,166400,50.0,derived,5
Bentota,2024,local,3674,183700,50.0,derived,6
Bentota,2024,local,5387,269350,50.0,derived,7
Bentota,2024,local,5074,253700,50.0,derived,8
Bentota,2024,local,4060,203000,50.0,derived,9
Bentota,2024,local,4387,219350,50.0,derived,10
Bentota,2024,local,5181,259050,50.0,derived,11
Bentota,2024,local,6688,334400,50.0,derived,12
Bentota,2025,foreign,4381,6571500,1500.0,derived,1
Bentota,2025,foreign,4342,6513000,1500.0,derived,2
Bentota,2025,foreign,4299,6448500,1500.0,derived,3
Bentota,2025,foreign,3349,5023500,1500.0,derived,4
Bentota,2025,foreign,2794,4191000,1500.0,derived,5
Bentota,2025,foreign,3084,4626000,1500.0,derived,6
Bentota,2025,foreign,4523,6784500,1500.0,derived,7
Bentota,2025,foreign,4260,6390000,1500.0,derived,8
Bentota,2025,foreign,3409,5113500,1500.0,derived,9
Bentota,2025,foreign,3683,5524500,1500.0,derived,10
Bentota,2025,foreign,4350,6525000,1500.0,derived,11
Bentota,2025,foreign,5615,8422500,1500.0,derived,12
Bentota,2025,local,6032,301600,50.0,derived,1
Bentota,2025,local,5977,298850,50.0,derived,2
Bentota,2025,local,5918,295900,50.0,derived,3
Bentota,2025,local,4611,230550,50.0,derived,4
Bentota,2025,local,3847,192350,50.0,derived,5
Bentota,2025,local,4246,212300,50.0,derived,6
Bentota,2025,local,6227,311350,50.0,derived,7
Bentota,2025,local,5864,293200,50.0,derived,8
Bentota,2025,local,4693,234650,50.0,derived,9
Bentota,2025,local,5071,253550,50.0,derived,10
Bentota,2025,local,5988,299400,50.0,derived,11
Bentota,2025,local,7730,386500,50.0,derived,12
Colombo,2015,foreign,4283,4283000,1000.0,derived,1
Colombo,2015,foreign,4244,4244000,1000.0,derived,2
Colombo,2015,foreign,4202,4202000,1000.0,derived,3
Colombo,2015,foreign,3274,3274000,1000.0,derived,4
Colombo,2015,foreign,2732,2732000,1000.0,derived,5
Colombo,2015,foreign,3015,3015000,1000.0,derived,6
Colombo,2015,foreign,4421,4421000,1000.0,derived,7
Colombo,2015,foreign,4164,4164000,1000.0,derived,8
Colombo,2015,foreign,3332,3332000,1000.0,derived,9
Colombo,2015,foreign,3601,3601000,1000.0,derived,10
Colombo,2015,foreign,4252,4252000,1000.0,derived,11
Colombo,2015,foreign,5489,5489000,1000.0,derived,12
Colombo,2015,local,6164,246560,40.0,derived,1
Colombo,2015,local,6108,244320,40.0,derived,2
Colombo,2015,local,6047,241880,40.0,derived,3
Colombo,2015,local,4712,188480,40.0,derived,4
Colombo,2015,local,3931,157240,40.0,derived,5
Colombo,2015,local,4339,173560,40.0,derived,6
Colombo,2015,local,6363,254520,40.0,derived,7
Colombo,2015,local,5993,239720,40.0,derived,8
Colombo,2015,local,4795,191800,40.0,derived,9
Colombo,2015,local,5182,207280,40.0,derived,10
Colombo,2015,local,6119,244760,40.0,derived,11
Colombo,2015,local,7899,315960,40.0,derived,12
Colombo,2016,foreign,4913,4913000,1000.0,derived,1
Colombo,2016,foreign,4869,4869000,1000.0,derived,2
Colombo,2016,foreign,4821,4821000,1000.0,derived,3
Colombo,2016,foreign,3756,3756000,1000.0,derived,4
Colombo,2016,foreign,3134,3134000,1000.0,derived,5
Colombo,2016,foreign,3459,3459000,1000.0,derived,6
Colombo,2016,foreign,5072,5072000,1000.0,derived,7
Colombo,2016,foreign,4777,4777000,1000.0,derived,8
Colombo,2016,foreign,3823,3823000,1000.0,derived,9
Colombo,2016,foreign,4131,4131000,1000.0,derived,10
Colombo,2016,foreign,4878,4878000,1000.0,derived,11
Colombo,2016,foreign,6297,6297000,1000.0,derived,12
Colombo,2016,local,6863,274520,40.0,derived,1
Colombo,2016,local,6801,272040,40.0,derived,2
Colombo,2016,local,6734,269360,40.0,derived,3
Colombo,2016,local,5247,209880,40.0,derived,4
Colombo,2016,local,4378,175120,40.0,derived,5
Colombo,2016,local,4831,193240,40.0,derived,6
Colombo,2016,local,7085,283400,40.0,derived,7
Colombo,2016,local,6673,266920,40.0,derived,8
Colombo,2016,local,5340,213600,40.0,derived,9
Colombo,2016,local,5770,230800,40.0,derived,10
Colombo,2016,local,6814,272560,40.0,derived,11
Colombo,2016,local,8796,351840,40.0,derived,12
Colombo,2017,foreign,5150,5150000,1000.0,derived,1
Colombo,2017,foreign,5104,5104000,1000.0,derived,2
Colombo,2017,foreign,5053,5053000,1000.0,derived,3
Colombo,2017,foreign,3937,3937000,1000.0,derived,4
Colombo,2017,foreign,3285,3285000,1000.0,derived,5
Colombo,2017,foreign,3626,3626000,1000.0,derived,6
Colombo,2017,foreign,5317,5317000,1000.0,derived,7
Colombo,2017,foreign,5007,5007000,1000.0,derived,8
Colombo,2017,foreign,4007,4007000,1000.0,derived,9
Colombo,2017,foreign,4330,4330000,1000.0,derived,10
Colombo,2017,foreign,5113,5113000,1000.0,derived,11
Colombo,2017,foreign,6600,6600000,1000.0,derived,12
Colombo,2017,local,7080,283200,40.0,derived,1
Colombo,2017,local,7016,280640,40.0,derived,2
Colombo,2017,local,6946,277840,40.0,derived,3
Colombo,2017,local,5413,216520,40.0,derived,4
Colombo,2017,local,4516,180640,40.0,derived,5
Colombo,2017,local,4984,199360,40.0,derived,6
Colombo,2017,local,7308,292320,40.0,derived,7
Colombo,2017,local,6883,275320,40.0,derived,8
Colombo,2017,local,5508,220320,40.0,derived,9
Colombo,2017,local,5952,238080,40.0,derived,10
Colombo,2017,local,7029,281160,40.0,derived,11
Colombo,2017,local,9073,362920,40.0,derived,12
Colombo,2018,foreign,5660,5660000,1000.0,derived,1
Colombo,2018,foreign,5609,5609000,1000.0,derived,2
Colombo,2018,foreign,5553,5553000,1000.0,derived,3
Colombo,2018,foreign,4327,4327000,1000.0,derived,4
Colombo,2018,foreign,3610,3610000,1000.0,derived,5
Colombo,2018,foreign,3984,3984000,1000.0,derived,6
Colombo,2018,foreign,5843,5843000,1000.0,derived,7
Colombo,2018,foreign,5503,5503000,1000.0,derived,8
Colombo,2018,foreign,4403,4403000,1000.0,derived,9
Colombo,2018,foreign,4758,4758000,1000.0,derived,10
Colombo,2018,foreign,5619,5619000,1000.0,derived,11
Colombo,2018,foreign,7253,7253000,1000.0,derived,12
Colombo,2018,local,7884,315360,40.0,derived,1
Colombo,2018,local,7813,312520,40.0,derived,2
Colombo,2018,local,7735,309400,40.0,derived,3
Colombo,2018,local,6027,241080,40.0,derived,4
Colombo,2018,local,5029,201160,40.0,derived,5
Colombo,2018,local,5550,222000,40.0,derived,6
Colombo,2018,local,8139,325560,40.0,derived,7
Colombo,2018,local,7665,306600,40.0,derived,8
Colombo,2018,local,6134,245360,40.0,derived,9
Colombo,2018,local,6628,265120,40.0,derived,10
Colombo,2018,local,7827,313080,40.0,derived,11
Colombo,2018,local,10104,404160,40.0,derived,12
Colombo,2019,foreign,4668,4668000,1000.0,derived,1
Colombo,2019,foreign,4626,4626000,1000.0,derived,2
Colombo,2019,foreign,4580,4580000,1000.0,derived,3
Colombo,2019,foreign,3569,3569000,1000.0,derived,4
Colombo,2019,foreign,2977,2977000,1000.0,derived,5
Colombo,2019,foreign,3286,3286000,1000.0,derived,6
Colombo,2019,foreign,4819,4819000,1000.0,derived,7
Colombo,2019,foreign,4539,4539000,1000.0,derived,8
Colombo,2019,foreign,3632,3632000,1000.0,derived,9
Colombo,2019,foreign,3925,3925000,1000.0,derived,10
Colombo,2019,foreign,4635,4635000,1000.0,derived,11
Colombo,2019,foreign,5983,5983000,1000.0,derived,12
Colombo,2019,local,6558,262320,40.0,derived,1
Colombo,2019,local,6499,259960,40.0,derived,2
Colombo,2019,local,6434,257360,40.0,derived,3
Colombo,2019,local,5013,200520,40.0,derived,4
Colombo,2019,local,4183,167320,40.0,derived,5
Colombo,2019,local,4616,184640,40.0,derived,6
Colombo,2019,local,6770,270800,40.0,derived,7
Colombo,2019,local,6376,255040,40.0,derived,8
Colombo,2019,local,5102,204080,40.0,derived,9
Colombo,2019,local,5513,220520,40.0,derived,10
Colombo,2019,local,6511,260440,40.0,derived,11
Colombo,2019,local,8404,336160,40.0,derived,12
Colombo,2020,foreign,1209,1209000,1000.0,derived,1
Colombo,2020,foreign,1198,1198000,1000.0,derived,2
Colombo,2020,foreign,1187,1187000,1000.0,derived,3
Colombo,2020,foreign,924,924000,1000.0,derived,4
Colombo,2020,foreign,771,771000,1000.0,derived,5
Colombo,2020,foreign,851,851000,1000.0,derived,6
Colombo,2020,foreign,1248,1248000,1000.0,derived,7
Colombo,2020,foreign,1176,1176000,1000.0,derived,8
Colombo,2020,foreign,941,941000,1000.0,derived,9
Colombo,2020,foreign,1017,1017000,1000.0,derived,10
Colombo,2020,foreign,1201,1201000,1000.0,derived,11
Colombo,2020,foreign,1550,1550000,1000.0,derived,12
Colombo,2020,local,1732,69280,40.0,derived,1
Colombo,2020,local,1717,68680,40.0,derived,2
Colombo,2020,local,1700,68000,40.0,derived,3
Colombo,2020,local,1324,52960,40.0,derived,4
Colombo,2020,local,1105,44200,40.0,derived,5
Colombo,2020,local,1219,48760,40.0,derived,6
Colombo,2020,local,1788,71520,40.0,derived,7
Colombo,2020,local,1684,67360,40.0,derived,8
Colombo,2020,local,1348,53920,40.0,derived,9
Colombo,2020,local,1456,58240,40.0,derived,10
Colombo,2020,local,1720,68800,40.0,derived,11
Colombo,2020,local,2220,88800,40.0,derived,12
Colombo,2021,foreign,471,471000,1000.0,derived,1
Colombo,2021,foreign,467,467000,1000.0,derived,2
Colombo,2021,foreign,462,462000,1000.0,derived,3
Colombo,2021,foreign,360,360000,1000.0,derived,4
Colombo,2021,foreign,300,300000,1000.0,derived,5
Colombo,2021,foreign,331,331000,1000.0,derived,6
Colombo,2021,foreign,486,486000,1000.0,derived,7
Colombo,2021,foreign,458,458000,1000.0,derived,8
Colombo,2021,foreign,366,366000,1000.0,derived,9
Colombo,2021,foreign,396,396000,1000.0,derived,10
Colombo,2021,foreign,468,468000,1000.0,derived,11
Colombo,2021,foreign,604,604000,1000.0,derived,12
Colombo,2021,local,660,26400,40.0,derived,1
Colombo,2021,local,654,26160,40.0,derived,2
Colombo,2021,local,647,25880,40.0,derived,3
Colombo,2021,local,504,20160,40.0,derived,4
Colombo,2021,local,421,16840,40.0,derived,5
Colombo,2021,local,464,18560,40.0,derived,6
Colombo,2021,local,681,27240,40.0,derived,7
Colombo,2021,local,642,25680,40.0,derived,8
Colombo,2021,local,513,20520,40.0,derived,9
Colombo,2021,local,555,22200,40.0,derived,10
Colombo,2021,local,655,26200,40.0,derived,11
Colombo,2021,local,846,33840,40.0,derived,12
Colombo,2022,foreign,1770,1770000,1000.0,derived,1
Colombo,2022,foreign,1754,1754000,1000.0,derived,2
Colombo,2022,foreign,1737,1737000,1000.0,derived,3
Colombo,2022,foreign,1353,1353000,1000.0,derived,4
Colombo,2022,foreign,1129,1129000,1000.0,derived,5
Colombo,2022,foreign,1246,1246000,1000.0,derived,6
Colombo,2022,foreign,1827,1827000,1000.0,derived,7
Colombo,2022,foreign,1721,1721000,1000.0,derived,8
Colombo,2022,foreign,1377,1377000,1000.0,derived,9
Colombo,2022,foreign,1488,1488000,1000.0,derived,10
Colombo,2022,foreign,1757,1757000,1000.0,derived,11
Colombo,2022,foreign,2268,2268000,1000.0,derived,12
Colombo,2022,local,2446,97840,40.0,derived,1
Colombo,2022,local,2424,96960,40.0,derived,2
Colombo,2022,local,2400,96000,40.0,derived,3
Colombo,2022,local,1870,74800,40.0,derived,4
Colombo,2022,local,1560,62400,40.0,derived,5
Colombo,2022,local,1722,68880,40.0,derived,6
Colombo,2022,local,2525,101000,40.0,derived,7
Colombo,2022,local,2378,95120,40.0,derived,8
Colombo,2022,local,1903,76120,40.0,derived,9
Colombo,2022,local,2056,82240,40.0,derived,10
Colombo,2022,local,2428,97120,40.0,derived,11
Colombo,2022,local,3135,125400,40.0,derived,12
Colombo,2023,foreign,3600,3600000,1000.0,derived,1
Colombo,2023,foreign,3567,3567000,1000.0,derived,2
Colombo,2023,foreign,3532,3532000,1000.0,derived,3
Colombo,2023,foreign,2752,2752000,1000.0,derived,4
Colombo,2023,foreign,2296,2296000,1000.0,derived,5
Colombo,2023,foreign,2534,2534000,1000.0,derived,6
Colombo,2023,foreign,3716,3716000,1000.0,derived,7
Colombo,2023,foreign,3500,3500000,1000.0,derived,8
Colombo,2023,foreign,2801,2801000,1000.0,derived,9
Colombo,2023,foreign,3026,3026000,1000.0,derived,10
Colombo,2023,foreign,3574,3574000,1000.0,derived,11
Colombo,2023,foreign,4613,4613000,1000.0,derived,12
Colombo,2023,local,5094,203760,40.0,derived,1
Colombo,2023,local,5048,201920,40.0,derived,2
Colombo,2023,local,4998,199920,40.0,derived,3
Colombo,2023,local,3894,155760,40.0,derived,4
Colombo,2023,local,3249,129960,40.0,derived,5
Colombo,2023,local,3586,143440,40.0,derived,6
Colombo,2023,local,5258,210320,40.0,derived,7
Colombo,2023,local,4953,198120,40.0,derived,8
Colombo,2023,local,3963,158520,40.0,derived,9
Colombo,2023,local,4282,171280,40.0,derived,10
Colombo,2023,local,5057,202280,40.0,derived,11
Colombo,2023,local,6528,261120,40.0,derived,12
Colombo,2024,foreign,4943,4943000,1000.0,derived,1
Colombo,2024,foreign,4898,4898000,1000.0,derived,2
Colombo,2024,foreign,4850,4850000,1000.0,derived,3
Colombo,2024,foreign,3779,3779000,1000.0,derived,4
Colombo,2024,foreign,3153,3153000,1000.0,derived,5
Colombo,2024,foreign,3479,3479000,1000.0,derived,6
Colombo,2024,foreign,5102,5102000,1000.0,derived,7
Colombo,2024,foreign,4806,4806000,1000.0,derived,8
Colombo,2024,foreign,3845,3845000,1000.0,derived,9
Colombo,2024,foreign,4155,4155000,1000.0,derived,10
Colombo,2024,foreign,4907,4907000,1000.0,derived,11
Colombo,2024,foreign,6334,6334000,1000.0,derived,12
Colombo,2024,local,7017,280680,40.0,derived,1
Colombo,2024,local,6954,278160,40.0,derived,2
Colombo,2024,local,6885,275400,40.0,derived,3
Colombo,2024,local,5365,214600,40.0,derived,4
Colombo,2024,local,4476,179040,40.0,derived,5
Colombo,2024,local,4940,197600,40.0,derived,6
Colombo,2024,local,7244,289760,40.0,derived,7
Colombo,2024,local,6822,272880,40.0,derived,8
Colombo,2024,local,5459,218360,40.0,derived,9
Colombo,2024,local,5899,235960,40.0,derived,10
Colombo,2024,local,6967,278680,40.0,derived,11
Colombo,2024,local,8993,359720,40.0,derived,12
Colombo,2025,foreign,5829,5829000,1000.0,derived,1
Colombo,2025,foreign,5776,5776000,1000.0,derived,2
Colombo,2025,foreign,5719,5719000,1000.0,derived,3
Colombo,2025,foreign,4456,4456000,1000.0,derived,4
Colombo,2025,foreign,3718,3718000,1000.0,derived,5
Colombo,2025,foreign,4103,4103000,1000.0,derived,6
Colombo,2025,foreign,6017,6017000,1000.0,derived,7
Colombo,2025,foreign,5667,5667000,1000.0,derived,8
Colombo,2025,foreign,4535,4535000,1000.0,derived,9
Colombo,2025,foreign,4900,4900000,1000.0,derived,10
Colombo,2025,foreign,5787,5787000,1000.0,derived,11
Colombo,2025,foreign,7470,7470000,1000.0,derived,12
Colombo,2025,local,8150,326000,40.0,derived,1
Colombo,2025,local,8076,323040,40.0,derived,2
Colombo,2025,local,7996,319840,40.0,derived,3
Colombo,2025,local,6230,249200,40.0,derived,4
Colombo,2025,local,5198,207920,40.0,derived,5
Colombo,2025,local,5737,229480,40.0,derived,6
Colombo,2025,local,8413,336520,40.0,derived,7
Colombo,2025,local,7923,316920,40.0,derived,8
Colombo,2025,local,6340,253600,40.0,derived,9
Colombo,2025,local,6851,274040,40.0,derived,10
Colombo,2025,local,8091,323640,40.0,derived,11
Colombo,2025,local,10444,417760,40.0,derived,12
Dambulla,2015,foreign,5354,19274400,3600.0,derived,1
Dambulla,2015,foreign,5305,19098000,3600.0,derived,2
Dambulla,2015,foreign,5253,18910800,3600.0,derived,3
Dambulla,2015,foreign,4093,14734800,3600.0,derived,4
Dambulla,2015,foreign,3415,12294000,3600.0,derived,5
Dambulla,2015,foreign,3769,13568400,3600.0,derived,6
Dambulla,2015,foreign,5527,19897200,3600.0,derived,7
Dambulla,2015,foreign,5205,18738000,3600.0,derived,8
Dambulla,2015,foreign,4165,14994000,3600.0,derived,9
Dambulla,2015,foreign,4501,16203600,3600.0,derived,10
Dambulla,2015,foreign,5315,19134000,3600.0,derived,11
Dambulla,2015,foreign,6861,24699600,3600.0,derived,12
Dambulla,2015,local,7355,367750,50.0,derived,1
Dambulla,2015,local,7288,364400,50.0,derived,2
Dambulla,2015,local,7216,360800,50.0,derived,3
Dambulla,2015,local,5623,281150,50.0,derived,4
Dambulla,2015,local,4691,234550,50.0,derived,5
Dambulla,2015,local,5177,258850,50.0,derived,6
Dambulla,2015,local,7592,379600,50.0,derived,7
Dambulla,2015,local,7150,357500,50.0,derived,8
Dambulla,2015,local,5722,286100,50.0,derived,9
Dambulla,2015,local,6183,309150,50.0,derived,10
Dambulla,2015,local,7302,365100,50.0,derived,11
Dambulla,2015,local,9425,471250,50.0,derived,12
Dambulla,2016,foreign,6097,21949200,3600.0,derived,1
Dambulla,2016,foreign,6042,21751200,3600.0,derived,2
Dambulla,2016,foreign,5982,21535200,3600.0,derived,3
Dambulla,2016,foreign,4661,16779600,3600.0,derived,4
Dambulla,2016,foreign,3889,14000400,3600.0,derived,5
Dambulla,2016,foreign,4292,15451200,3600.0,derived,6
Dambulla,2016,foreign,6294,22658400,3600.0,derived,7
Dambulla,2016,foreign,5928,21340800,3600.0,derived,8
Dambulla,2016,foreign,4743,17074800,3600.0,derived,9
Dambulla,2016,foreign,5126,18453600,3600.0,derived,10
Dambulla,2016,foreign,6053,21790800,3600.0,derived,11
Dambulla,2016,foreign,7813,28126800,3600.0,derived,12
Dambulla,2016,local,8492,424600,50.0,derived,1
Dambulla,2016,local,8415,420750,50.0,derived,2
Dambulla,2016,local,8332,416600,50.0,derived,3
Dambulla,2016,local,6492,324600,50.0,derived,4
Dambulla,2016,local,5416,270800,50.0,derived,5
Dambulla,2016,local,5978,298900,50.0,derived,6
Dambulla,2016,local,8766,438300,50.0,derived,7
Dambulla,2016,local,8256,412800,50.0,derived,8
Dambulla,2016,local,6607,330350,50.0,derived,9
Dambulla,2016,local,7139,356950,50.0,derived,10
Dambulla,2016,local,8431,421550,50.0,derived,11
Dambulla,2016,local,10882,544100,50.0,derived,12
Dambulla,2017,foreign,6249,22496400,3600.0,derived,1
Dambulla,2017,foreign,6193,22294800,3600.0,derived,2
Dambulla,2017,foreign,6132,22075200,3600.0,derived,3
Dambulla,2017,foreign,4778,17200800,3600.0,derived,4
Dambulla,2017,foreign,3986,14349600,3600.0,derived,5
Dambulla,2017,foreign,4399,15836400,3600.0,derived,6
Dambulla,2017,foreign,6451,23223600,3600.0,derived,7
Dambulla,2017,foreign,6076,21873600,3600.0,derived,8
Dambulla,2017,foreign,4862,17503200,3600.0,derived,9
Dambulla,2017,foreign,5254,18914400,3600.0,derived,10
Dambulla,2017,foreign,6204,22334400,3600.0,derived,11
Dambulla,2017,foreign,8009,28832400,3600.0,derived,12
Dambulla,2017,local,8866,443300,50.0,derived,1
Dambulla,2017,local,8786,439300,50.0,derived,2
Dambulla,2017,local,8699,434950,50.0,derived,3
Dambulla,2017,local,6778,338900,50.0,derived,4
Dambulla,2017,local,5655,282750,50.0,derived,5
Dambulla,2017,local,6241,312050,50.0,derived,6
Dambulla,2017,local,9152,457600,50.0,derived,7
Dambulla,2017,local,8620,431000,50.0,derived,8
Dambulla,2017,local,6898,344900,50.0,derived,9
Dambulla,2017,local,7454,372700,50.0,derived,10
Dambulla,2017,local,8802,440100,50.0,derived,11
Dambulla,2017,local,11362,568100,50.0,derived,12
Dambulla,2018,foreign,6920,24912000,3600.0,derived,1
Dambulla,2018,foreign,6858,24688800,3600.0,derived,2
Dambulla,2018,foreign,6790,24444000,3600.0,derived,3
Dambulla,2018,foreign,5290,19044000,3600.0,derived,4
Dambulla,2018,foreign,4414,15890400,3600.0,derived,5
Dambulla,2018,foreign,4872,17539200,3600.0,derived,6
Dambulla,2018,foreign,7144,25718400,3600.0,derived,7
Dambulla,2018,foreign,6728,24220800,3600.0,derived,8
Dambulla,2018,foreign,5384,19382400,3600.0,derived,9
Dambulla,2018,foreign,5818,20944800,3600.0,derived,10
Dambulla,2018,foreign,6870,24732000,3600.0,derived,11
Dambulla,2018,foreign,8868,31924800,3600.0,derived,12
Dambulla,2018,local,9784,489200,50.0,derived,1
Dambulla,2018,local,9696,484800,50.0,derived,2
Dambulla,2018,local,9600,480000,50.0,derived,3
Dambulla,2018,local,7480,374000,50.0,derived,4
Dambulla,2018,local,6241,312050,50.0,derived,5
Dambulla,2018,local,6888,344400,50.0,derived,6
Dambulla,2018,local,10100,505000,50.0,derived,7
Dambulla,2018,local,9513,475650,50.0,derived,8
Dambulla,2018,local,7612,380600,50.0,derived,9
Dambulla,2018,local,8225,411250,50.0,derived,10
Dambulla,2018,local,9713,485650,50.0,derived,11
Dambulla,2018,local,12538,626900,50.0,derived,12
Dambulla,2019,foreign,5708,20548800,3600.0,derived,1
Dambulla,2019,foreign,5657,20365200,3600.0,derived,2
Dambulla,2019,foreign,5601,20163600,3600.0,derived,3
Dambulla,2019,foreign,4364,15710400,3600.0,derived,4
Dambulla,2019,foreign,3641,13107600,3600.0,derived,5
Dambulla,2019,foreign,4018,14464800,3600.0,derived,6
Dambulla,2019,foreign,5893,21214800,3600.0,derived,7
Dambulla,2019,foreign,5550,19980000,3600.0,derived,8
Dambulla,2019,foreign,4441,15987600,3600.0,derived,9
Dambulla,2019,foreign,4799,17276400,3600.0,derived,10
Dambulla,2019,foreign,5667,20401200,3600.0,derived,11
Dambulla,2019,foreign,7315,26334000,3600.0,derived,12
Dambulla,2019,local,8052,402600,50.0,derived,1
Dambulla,2019,local,7979,398950,50.0,derived,2
Dambulla,2019,local,7901,395050,50.0,derived,3
Dambulla,2019,local,6156,307800,50.0,derived,4
Dambulla,2019,local,5136,256800,50.0,derived,5
Dambulla,2019,local,5668,283400,50.0,derived,6
Dambulla,2019,local,8312,415600,50.0,derived,7
Dambulla,2019,local,7829,391450,50.0,derived,8
Dambulla,2019,local,6265,313250,50.0,derived,9
Dambulla,2019,local,6769,338450,50.0,derived,10
Dambulla,2019,local,7994,399700,50.0,derived,11
Dambulla,2019,local,10319,515950,50.0,derived,12
Dambulla,2020,foreign,1504,5414400,3600.0,derived,1
Dambulla,2020,foreign,1490,5364000,3600.0,derived,2
Dambulla,2020,foreign,1475,5310000,3600.0,derived,3
Dambulla,2020,foreign,1149,4136400,3600.0,derived,4
Dambulla,2020,foreign,959,3452400,3600.0,derived,5
Dambulla,2020,foreign,1058,3808800,3600.0,derived,6
Dambulla,2020,foreign,1552,5587200,3600.0,derived,7
Dambulla,2020,foreign,1462,5263200,3600.0,derived,8
Dambulla,2020,foreign,1170,4212000,3600.0,derived,9
Dambulla,2020,foreign,1264,4550400,3600.0,derived,10
Dambulla,2020,foreign,1493,5374800,3600.0,derived,11
Dambulla,2020,foreign,1927,6937200,3600.0,derived,12
Dambulla,2020,local,2087,104350,50.0,derived,1
Dambulla,2020,local,2068,103400,50.0,derived,2
Dambulla,2020,local,2048,102400,50.0,derived,3
Dambulla,2020,local,1595,79750,50.0,derived,4
Dambulla,2020,local,1331,66550,50.0,derived,5
Dambulla,2020,local,1469,73450,50.0,derived,6
Dambulla,2020,local,2154,107700,50.0,derived,7
Dambulla,2020,local,2029,101450,50.0,derived,8
Dambulla,2020,local,1623,81150,50.0,derived,9
Dambulla,2020,local,1754,87700,50.0,derived,10
Dambulla,2020,local,2072,103600,50.0,derived,11
Dambulla,2020,local,2674,133700,50.0,derived,12
Dambulla,2021,foreign,570,2052000,3600.0,derived,1
Dambulla,2021,foreign,565,2034000,3600.0,derived,2
Dambulla,2021,foreign,560,2016000,3600.0,derived,3
Dambulla,2021,foreign,436,1569600,3600.0,derived,4
Dambulla,2021,foreign,364,1310400,3600.0,derived,5
Dambulla,2021,foreign,401,1443600,3600.0,derived,6
Dambulla,2021,foreign,589,2120400,3600.0,derived,7
Dambulla,2021,foreign,555,1998000,3600.0,derived,8
Dambulla,2021,foreign,444,1598400,3600.0,derived,9
Dambulla,2021,foreign,479,1724400,3600.0,derived,10
Dambulla,2021,foreign,566,2037600,3600.0,derived,11
Dambulla,2021,foreign,731,2631600,3600.0,derived,12
Dambulla,2021,local,810,40500,50.0,derived,1
Dambulla,2021,local,803,40150,50.0,derived,2
Dambulla,2021,local,795,39750,50.0,derived,3
Dambulla,2021,local,619,30950,50.0,derived,4
Dambulla,2021,local,517,25850,50.0,derived,5
Dambulla,2021,local,570,28500,50.0,derived,6
Dambulla,2021,local,836,41800,50.0,derived,7
Dambulla,2021,local,788,39400,50.0,derived,8
Dambulla,2021,local,630,31500,50.0,derived,9
Dambulla,2021,local,681,34050,50.0,derived,10
Dambulla,2021,local,804,40200,50.0,derived,11
Dambulla,2021,local,1038,51900,50.0,derived,12
Dambulla,2022,foreign,2116,7617600,3600.0,derived,1
Dambulla,2022,foreign,2097,7549200,3600.0,derived,2
Dambulla,2022,foreign,2076,7473600,3600.0,derived,3
Dambulla,2022,foreign,1618,5824800,3600.0,derived,4
Dambulla,2022,foreign,1349,4856400,3600.0,derived,5
Dambulla,2022,foreign,1489,5360400,3600.0,derived,6
Dambulla,2022,foreign,2184,7862400,3600.0,derived,7
Dambulla,2022,foreign,2057,7405200,3600.0,derived,8
Dambulla,2022,foreign,1646,5925600,3600.0,derived,9
Dambulla,2022,foreign,1779,6404400,3600.0,derived,10
Dambulla,2022,foreign,2101,7563600,3600.0,derived,11
Dambulla,2022,foreign,2712,9763200,3600.0,derived,12
Dambulla,2022,local,2975,148750,50.0,derived,1
Dambulla,2022,local,2948,147400,50.0,derived,2
Dambulla,2022,local,2918,145900,50.0,derived,3
Dambulla,2022,local,2274,113700,50.0,derived,4
Dambulla,2022,local,1897,94850,50.0,derived,5
Dambulla,2022,local,2094,104700,50.0,derived,6
Dambulla,2022,local,3071,153550,50.0,derived,7
Dambulla,2022,local,2892,144600,50.0,derived,8
Dambulla,2022,local,2314,115700,50.0,derived,9
Dambulla,2022,local,2501,125050,50.0,derived,10
Dambulla,2022,local,2953,147650,50.0,derived,11
Dambulla,2022,local,3812,190600,50.0,derived,12
Dambulla,2023,foreign,24,86400,3600.0,derived,1
Dambulla,2023,foreign,23,82800,3600.0,derived,2
Dambulla,2023,foreign,23,82800,3600.0,derived,3
Dambulla,2023,foreign,18,64800,3600.0,derived,4
Dambulla,2023,foreign,15,54000,3600.0,derived,5
Dambulla,2023,foreign,16,57600,3600.0,derived,6
Dambulla,2023,foreign,24,86400,3600.0,derived,7
Dambulla,2023,foreign,23,82800,3600.0,derived,8
Dambulla,2023,foreign,18,64800,3600.0,derived,9
Dambulla,2023,foreign,20,72000,3600.0,derived,10
Dambulla,2023,foreign,23,82800,3600.0,derived,11
Dambulla,2023,foreign,30,108000,3600.0,derived,12
Dambulla,2023,local,61,3050,50.0,derived,1
Dambulla,2023,local,61,3050,50.0,derived,2
Dambulla,2023,local,60,3000,50.0,derived,3
Dambulla,2023,local,47,2350,50.0,derived,4
Dambulla,2023,local,39,1950,50.0,derived,5
Dambulla,2023,local,43,2150,50.0,derived,6
Dambulla,2023,local,63,3150,50.0,derived,7
Dambulla,2023,local,60,3000,50.0,derived,8
Dambulla,2023,local,48,2400,50.0,derived,9
Dambulla,2023,local,52,2600,50.0,derived,10
Dambulla,2023,local,61,3050,50.0,derived,11
Dambulla,2023,local,79,3950,50.0,derived,12
Dambulla,2024,foreign,6181,22251600,3600.0,derived,1
Dambulla,2024,foreign,6125,22050000,3600.0,derived,2
Dambulla,2024,foreign,6064,21830400,3600.0,derived,3
Dambulla,2024,foreign,4725,17010000,3600.0,derived,4
Dambulla,2024,foreign,3942,14191200,3600.0,derived,5
Dambulla,2024,foreign,4351,15663600,3600.0,derived,6
Dambulla,2024,foreign,6380,22968000,3600.0,derived,7
Dambulla,2024,foreign,6009,21632400,3600.0,derived,8
Dambulla,2024,foreign,4808,17308800,3600.0,derived,9
Dambulla,2024,foreign,5196,18705600,3600.0,derived,10
Dambulla,2024,foreign,6136,22089600,3600.0,derived,11
Dambulla,2024,foreign,7921,28515600,3600.0,derived,12
Dambulla,2024,local,8437,421850,50.0,derived,1
Dambulla,2024,local,8360,418000,50.0,derived,2
Dambulla,2024,local,8278,413900,50.0,derived,3
Dambulla,2024,local,6450,322500,50.0,derived,4
Dambulla,2024,local,5381,269050,50.0,derived,5
Dambulla,2024,local,5939,296950,50.0,derived,6
Dambulla,2024,local,8709,435450,50.0,derived,7
Dambulla,2024,local,8202,410100,50.0,derived,8
Dambulla,2024,local,6564,328200,50.0,derived,9
Dambulla,2024,local,7093,354650,50.0,derived,10
Dambulla,2024,local,8376,418800,50.0,derived,11
Dambulla,2024,local,10812,540600,50.0,derived,12
Dambulla,2025,foreign,48,172800,3600.0,derived,1
Dambulla,2025,foreign,48,172800,3600.0,derived,2
Dambulla,2025,foreign,47,169200,3600.0,derived,3
Dambulla,2025,foreign,37,133200,3600.0,derived,4
Dambulla,2025,foreign,31,111600,3600.0,derived,5
Dambulla,2025,foreign,34,122400,3600.0,derived,6
Dambulla,2025,foreign,50,180000,3600.0,derived,7
Dambulla,2025,foreign,47,169200,3600.0,derived,8
Dambulla,2025,foreign,37,133200,3600.0,derived,9
Dambulla,2025,foreign,40,144000,3600.0,derived,10
Dambulla,2025,foreign,48,172800,3600.0,derived,11
Dambulla,2025,foreign,62,223200,3600.0,derived,12
Dambulla,2025,local,60,3000,50.0,derived,1
Dambulla,2025,local,59,2950,50.0,derived,2
Dambulla,2025,local,59,2950,50.0,derived,3
Dambulla,2025,local,46,2300,50.0,derived,4
Dambulla,2025,local,38,1900,50.0,derived,5
Dambulla,2025,local,42,2100,50.0,derived,6
Dambulla,2025,local,62,3100,50.0,derived,7
Dambulla,2025,local,58,2900,50.0,derived,8
Dambulla,2025,local,46,2300,50.0,derived,9
Dambulla,2025,local,50,2500,50.0,derived,10
Dambulla,2025,local,59,2950,50.0,derived,11
Dambulla,2025,local,77,3850,50.0,derived,12
Ella,2015,foreign,4671,2335500,500.0,derived,1
Ella,2015,foreign,4629,2314500,500.0,derived,2
Ella,2015,foreign,4583,2291500,500.0,derived,3
Ella,2015,foreign,3571,1785500,500.0,derived,4
Ella,2015,foreign,2979,1489500,500.0,derived,5
Ella,2015,foreign,3288,1644000,500.0,derived,6
Ella,2015,foreign,4822,2411000,500.0,derived,7
Ella,2015,foreign,4541,2270500,500.0,derived,8
Ella,2015,foreign,3634,1817000,500.0,derived,9
Ella,2015,foreign,3927,1963500,500.0,derived,10
Ella,2015,foreign,4637,2318500,500.0,derived,11
Ella,2015,foreign,5986,2993000,500.0,derived,12
Ella,2015,local,6712,134240,20.0,derived,1
Ella,2015,local,6652,133040,20.0,derived,2
Ella,2015,local,6586,131720,20.0,derived,3
Ella,2015,local,5131,102620,20.0,derived,4
Ella,2015,local,4281,85620,20.0,derived,5
Ella,2015,local,4725,94500,20.0,derived,6
Ella,2015,local,6929,138580,20.0,derived,7
Ella,2015,local,6526,130520,20.0,derived,8
Ella,2015,local,5222,104440,20.0,derived,9
Ella,2015,local,5643,112860,20.0,derived,10
Ella,2015,local,6664,133280,20.0,derived,11
Ella,2015,local,8602,172040,20.0,derived,12
Ella,2016,foreign,5439,2719500,500.0,derived,1
Ella,2016,foreign,5390,2695000,500.0,derived,2
Ella,2016,foreign,5337,2668500,500.0,derived,3
Ella,2016,foreign,4158,2079000,500.0,derived,4
Ella,2016,foreign,3469,1734500,500.0,derived,5
Ella,2016,foreign,3829,1914500,500.0,derived,6
Ella,2016,foreign,5615,2807500,500.0,derived,7
Ella,2016,foreign,5288,2644000,500.0,derived,8
Ella,2016,foreign,4232,2116000,500.0,derived,9
Ella,2016,foreign,4573,2286500,500.0,derived,10
Ella,2016,foreign,5400,2700000,500.0,derived,11
Ella,2016,foreign,6971,3485500,500.0,derived,12
Ella,2016,local,7481,149620,20.0,derived,1
Ella,2016,local,7413,148260,20.0,derived,2
Ella,2016,local,7340,146800,20.0,derived,3
Ella,2016,local,5719,114380,20.0,derived,4
Ella,2016,local,4771,95420,20.0,derived,5
Ella,2016,local,5266,105320,20.0,derived,6
Ella,2016,local,7722,154440,20.0,derived,7
Ella,2016,local,7273,145460,20.0,derived,8
Ella,2016,local,5820,116400,20.0,derived,9
Ella,2016,local,6289,125780,20.0,derived,10
Ella,2016,local,7427,148540,20.0,derived,11
Ella,2016,local,9587,191740,20.0,derived,12
Ella,2017,foreign,5534,2767000,500.0,derived,1
Ella,2017,foreign,5484,2742000,500.0,derived,2
Ella,2017,foreign,5430,2715000,500.0,derived,3
Ella,2017,foreign,4231,2115500,500.0,derived,4
Ella,2017,foreign,3530,1765000,500.0,derived,5
Ella,2017,foreign,3896,1948000,500.0,derived,6
Ella,2017,foreign,5713,2856500,500.0,derived,7
Ella,2017,foreign,5380,2690000,500.0,derived,8
Ella,2017,foreign,4305,2152500,500.0,derived,9
Ella,2017,foreign,4652,2326000,500.0,derived,10
Ella,2017,foreign,5494,2747000,500.0,derived,11
Ella,2017,foreign,7092,3546000,500.0,derived,12
Ella,2017,local,7826,156520,20.0,derived,1
Ella,2017,local,7755,155100,20.0,derived,2
Ella,2017,local,7679,153580,20.0,derived,3
Ella,2017,local,5983,119660,20.0,derived,4
Ella,2017,local,4992,99840,20.0,derived,5
Ella,2017,local,5509,110180,20.0,derived,6
Ella,2017,local,8079,161580,20.0,derived,7
Ella,2017,local,7609,152180,20.0,derived,8
Ella,2017,local,6089,121780,20.0,derived,9
Ella,2017,local,6579,131580,20.0,derived,10
Ella,2017,local,7770,155400,20.0,derived,11
Ella,2017,local,10029,200580,20.0,derived,12
Ella,2018,foreign,6152,3076000,500.0,derived,1
Ella,2018,foreign,6096,3048000,500.0,derived,2
Ella,2018,foreign,6036,3018000,500.0,derived,3
Ella,2018,foreign,4703,2351500,500.0,derived,4
Ella,2018,foreign,3924,1962000,500.0,derived,5
Ella,2018,foreign,4330,2165000,500.0,derived,6
Ella,2018,foreign,6350,3175000,500.0,derived,7
Ella,2018,foreign,5981,2990500,500.0,derived,8
Ella,2018,foreign,4786,2393000,500.0,derived,9
Ella,2018,foreign,5172,2586000,500.0,derived,10
Ella,2018,foreign,6107,3053500,500.0,derived,11
Ella,2018,foreign,7883,3941500,500.0,derived,12
Ella,2018,local,8615,172300,20.0,derived,1
Ella,2018,local,8537,170740,20.0,derived,2
Ella,2018,local,8452,169040,20.0,derived,3
Ella,2018,local,6586,131720,20.0,derived,4
Ella,2018,local,5495,109900,20.0,derived,5
Ella,2018,local,6064,121280,20.0,derived,6
Ella,2018,local,8893,177860,20.0,derived,7
Ella,2018,local,8376,167520,20.0,derived,8
Ella,2018,local,6702,134040,20.0,derived,9
Ella,2018,local,7242,144840,20.0,derived,10
Ella,2018,local,8553,171060,20.0,derived,11
Ella,2018,local,11040,220800,20.0,derived,12
Ella,2019,foreign,4971,2485500,500.0,derived,1
Ella,2019,foreign,4926,2463000,500.0,derived,2
Ella,2019,foreign,4878,2439000,500.0,derived,3
Ella,2019,foreign,3800,1900000,500.0,derived,4
Ella,2019,foreign,3171,1585500,500.0,derived,5
Ella,2019,foreign,3499,1749500,500.0,derived,6
Ella,2019,foreign,5132,2566000,500.0,derived,7
Ella,2019,foreign,4833,2416500,500.0,derived,8
Ella,2019,foreign,3867,1933500,500.0,derived,9
Ella,2019,foreign,4179,2089500,500.0,derived,10
Ella,2019,foreign,4935,2467500,500.0,derived,11
Ella,2019,foreign,6371,3185500,500.0,derived,12
Ella,2019,local,6990,139800,20.0,derived,1
Ella,2019,local,6927,138540,20.0,derived,2
Ella,2019,local,6859,137180,20.0,derived,3
Ella,2019,local,5344,106880,20.0,derived,4
Ella,2019,local,4458,89160,20.0,derived,5
Ella,2019,local,4921,98420,20.0,derived,6
Ella,2019,local,7216,144320,20.0,derived,7
Ella,2019,local,6796,135920,20.0,derived,8
Ella,2019,local,5438,108760,20.0,derived,9
Ella,2019,local,5877,117540,20.0,derived,10
Ella,2019,local,6940,138800,20.0,derived,11
Ella,2019,local,8958,179160,20.0,derived,12
Ella,2020,foreign,1320,660000,500.0,derived,1
Ella,2020,foreign,1308,654000,500.0,derived,2
Ella,2020,foreign,1295,647500,500.0,derived,3
Ella,2020,foreign,1009,504500,500.0,derived,4
Ella,2020,foreign,841,420500,500.0,derived,5
Ella,2020,foreign,929,464500,500.0,derived,6
Ella,2020,foreign,1362,681000,500.0,derived,7
Ella,2020,foreign,1283,641500,500.0,derived,8
Ella,2020,foreign,1027,513500,500.0,derived,9
Ella,2020,foreign,1109,554500,500.0,derived,10
Ella,2020,foreign,1310,655000,500.0,derived,11
Ella,2020,foreign,1691,845500,500.0,derived,12
Ella,2020,local,1848,36960,20.0,derived,1
Ella,2020,local,1831,36620,20.0,derived,2
Ella,2020,local,1813,36260,20.0,derived,3
Ella,2020,local,1412,28240,20.0,derived,4
Ella,2020,local,1178,23560,20.0,derived,5
Ella,2020,local,1301,26020,20.0,derived,6
Ella,2020,local,1907,38140,20.0,derived,7
Ella,2020,local,1796,35920,20.0,derived,8
Ella,2020,local,1437,28740,20.0,derived,9
Ella,2020,local,1553,31060,20.0,derived,10
Ella,2020,local,1834,36680,20.0,derived,11
Ella,2020,local,2368,47360,20.0,derived,12
Ella,2021,foreign,507,253500,500.0,derived,1
Ella,2021,foreign,502,251000,500.0,derived,2
Ella,2021,foreign,497,248500,500.0,derived,3
Ella,2021,foreign,387,193500,500.0,derived,4
Ella,2021,foreign,323,161500,500.0,derived,5
Ella,2021,foreign,356,178000,500.0,derived,6
Ella,2021,foreign,523,261500,500.0,derived,7
Ella,2021,foreign,492,246000,500.0,derived,8
Ella,2021,foreign,394,197000,500.0,derived,9
Ella,2021,foreign,426,213000,500.0,derived,10
Ella,2021,foreign,503,251500,500.0,derived,11
Ella,2021,foreign,649,324500,500.0,derived,12
Ella,2021,local,716,14320,20.0,derived,1
Ella,2021,local,709,14180,20.0,derived,2
Ella,2021,local,702,14040,20.0,derived,3
Ella,2021,local,547,10940,20.0,derived,4
Ella,2021,local,456,9120,20.0,derived,5
Ella,2021,local,504,10080,20.0,derived,6
Ella,2021,local,739,14780,20.0,derived,7
Ella,2021,local,696,13920,20.0,derived,8
Ella,2021,local,557,11140,20.0,derived,9
Ella,2021,local,602,12040,20.0,derived,10
Ella,2021,local,711,14220,20.0,derived,11
Ella,2021,local,917,18340,20.0,derived,12
Ella,2022,foreign,1864,932000,500.0,derived,1
Ella,2022,foreign,1847,923500,500.0,derived,2
Ella,2022,foreign,1829,914500,500.0,derived,3
Ella,2022,foreign,1425,712500,500.0,derived,4
Ella,2022,foreign,1189,594500,500.0,derived,5
Ella,2022,foreign,1312,656000,500.0,derived,6
Ella,2022,foreign,1924,962000,500.0,derived,7
Ella,2022,foreign,1812,906000,500.0,derived,8
Ella,2022,foreign,1450,725000,500.0,derived,9
Ella,2022,foreign,1567,783500,500.0,derived,10
Ella,2022,foreign,1850,925000,500.0,derived,11
Ella,2022,foreign,2389,1194500,500.0,derived,12
Ella,2022,local,2697,53940,20.0,derived,1
Ella,2022,local,2673,53460,20.0,derived,2
Ella,2022,local,2646,52920,20.0,derived,3
Ella,2022,local,2062,41240,20.0,derived,4
Ella,2022,local,1720,34400,20.0,derived,5
Ella,2022,local,1899,37980,20.0,derived,6
Ella,2022,local,2784,55680,20.0,derived,7
Ella,2022,local,2622,52440,20.0,derived,8
Ella,2022,local,2098,41960,20.0,derived,9
Ella,2022,local,2267,45340,20.0,derived,10
Ella,2022,local,2678,53560,20.0,derived,11
Ella,2022,local,3457,69140,20.0,derived,12
Ella,2023,foreign,3909,1954500,500.0,derived,1
Ella,2023,foreign,3873,1936500,500.0,derived,2
Ella,2023,foreign,3835,1917500,500.0,derived,3
Ella,2023,foreign,2988,1494000,500.0,derived,4
Ella,2023,foreign,2493,1246500,500.0,derived,5
Ella,2023,foreign,2751,1375500,500.0,derived,6
Ella,2023,foreign,4035,2017500,500.0,derived,7
Ella,2023,foreign,3800,1900000,500.0,derived,8
Ella,2023,foreign,3041,1520500,500.0,derived,9
Ella,2023,foreign,3286,1643000,500.0,derived,10
Ella,2023,foreign,3880,1940000,500.0,derived,11
Ella,2023,foreign,5009,2504500,500.0,derived,12
Ella,2023,local,5491,109820,20.0,derived,1
Ella,2023,local,5441,108820,20.0,derived,2
Ella,2023,local,5387,107740,20.0,derived,3
Ella,2023,local,4198,83960,20.0,derived,4
Ella,2023,local,3502,70040,20.0,derived,5
Ella,2023,local,3865,77300,20.0,derived,6
Ella,2023,local,5668,113360,20.0,derived,7
Ella,2023,local,5338,106760,20.0,derived,8
Ella,2023,local,4272,85440,20.0,derived,9
Ella,2023,local,4616,92320,20.0,derived,10
Ella,2023,local,5451,109020,20.0,derived,11
Ella,2023,local,7037,140740,20.0,derived,12
Ella,2024,foreign,5365,2682500,500.0,derived,1
Ella,2024,foreign,5316,2658000,500.0,derived,2
Ella,2024,foreign,5264,2632000,500.0,derived,3
Ella,2024,foreign,4101,2050500,500.0,derived,4
Ella,2024,foreign,3422,1711000,500.0,derived,5
Ella,2024,foreign,3777,1888500,500.0,derived,6
Ella,2024,foreign,5538,2769000,500.0,derived,7
Ella,2024,foreign,5216,2608000,500.0,derived,8
Ella,2024,foreign,4174,2087000,500.0,derived,9
Ella,2024,foreign,4510,2255000,500.0,derived,10
Ella,2024,foreign,5326,2663000,500.0,derived,11
Ella,2024,foreign,6875,3437500,500.0,derived,12
Ella,2024,local,7512,150240,20.0,derived,1
Ella,2024,local,7444,148880,20.0,derived,2
Ella,2024,local,7370,147400,20.0,derived,3
Ella,2024,local,5743,114860,20.0,derived,4
Ella,2024,local,4791,95820,20.0,derived,5
Ella,2024,local,5288,105760,20.0,derived,6
Ella,2024,local,7755,155100,20.0,derived,7
Ella,2024,local,7304,146080,20.0,derived,8
Ella,2024,local,5844,116880,20.0,derived,9
Ella,2024,local,6315,126300,20.0,derived,10
Ella,2024,local,7458,149160,20.0,derived,11
Ella,2024,local,9627,192540,20.0,derived,12
Ella,2025,foreign,6190,3095000,500.0,derived,1
Ella,2025,foreign,6134,3067000,500.0,derived,2
Ella,2025,foreign,6074,3037000,500.0,derived,3
Ella,2025,foreign,4732,2366000,500.0,derived,4
Ella,2025,foreign,3948,1974000,500.0,derived,5
Ella,2025,foreign,4358,2179000,500.0,derived,6
Ella,2025,foreign,6390,3195000,500.0,derived,7
Ella,2025,foreign,6018,3009000,500.0,derived,8
Ella,2025,foreign,4816,2408000,500.0,derived,9
Ella,2025,foreign,5204,2602000,500.0,derived,10
Ella,2025,foreign,6146,3073000,500.0,derived,11
Ella,2025,foreign,7933,3966500,500.0,derived,12
Ella,2025,local,8683,173660,20.0,derived,1
Ella,2025,local,8604,172080,20.0,derived,2
Ella,2025,local,8519,170380,20.0,derived,3
Ella,2025,local,6638,132760,20.0,derived,4
Ella,2025,local,5538,110760,20.0,derived,5
Ella,2025,local,6112,122240,20.0,derived,6
Ella,2025,local,8963,179260,20.0,derived,7
Ella,2025,local,8442,168840,20.0,derived,8
Ella,2025,local,6755,135100,20.0,derived,9
Ella,2025,local,7300,146000,20.0,derived,10
Ella,2025,local,8620,172400,20.0,derived,11
Ella,2025,local,11127,222540,20.0,derived,12
Galle Fort,2015,foreign,1849,1294300,700.0,derived,1
Galle Fort,2015,foreign,1833,1283100,700.0,derived,2
Galle Fort,2015,foreign,1815,1270500,700.0,derived,3
Galle Fort,2015,foreign,1414,989800,700.0,derived,4
Galle Fort,2015,foreign,1179,825300,700.0,derived,5
Galle Fort,2015,foreign,1302,911400,700.0,derived,6
Galle Fort,2015,foreign,1909,1336300,700.0,derived,7
Galle Fort,2015,foreign,1798,1258600,700.0,derived,8
Galle Fort,2015,foreign,1439,1007300,700.0,derived,9
Galle Fort,2015,foreign,1555,1088500,700.0,derived,10
Galle Fort,2015,foreign,1836,1285200,700.0,derived,11
Galle Fort,2015,foreign,2370,1659000,700.0,derived,12
Galle Fort,2015,local,1695,50850,30.0,derived,1
Galle Fort,2015,local,1680,50400,30.0,derived,2
Galle Fort,2015,local,1663,49890,30.0,derived,3
Galle Fort,2015,local,1296,38880,30.0,derived,4
Galle Fort,2015,local,1081,32430,30.0,derived,5
Galle Fort,2015,local,1193,35790,30.0,derived,6
Galle Fort,2015,local,1750,52500,30.0,derived,7
Galle Fort,2015,local,1648,49440,30.0,derived,8
Galle Fort,2015,local,1319,39570,30.0,derived,9
Galle Fort,2015,local,1425,42750,30.0,derived,10
Galle Fort,2015,local,1683,50490,30.0,derived,11
Galle Fort,2015,local,2173,65190,30.0,derived,12
Galle Fort,2016,foreign,1396,977200,700.0,derived,1
Galle Fort,2016,foreign,1383,968100,700.0,derived,2
Galle Fort,2016,foreign,1370,959000,700.0,derived,3
Galle Fort,2016,foreign,1067,746900,700.0,derived,4
Galle Fort,2016,foreign,890,623000,700.0,derived,5
Galle Fort,2016,foreign,983,688100,700.0,derived,6
Galle Fort,2016,foreign,1441,1008700,700.0,derived,7
Galle Fort,2016,foreign,1357,949900,700.0,derived,8
Galle Fort,2016,foreign,1086,760200,700.0,derived,9
Galle Fort,2016,foreign,1173,821100,700.0,derived,10
Galle Fort,2016,foreign,1386,970200,700.0,derived,11
Galle Fort,2016,foreign,1789,1252300,700.0,derived,12
Galle Fort,2016,local,1241,37230,30.0,derived,1
Galle Fort,2016,local,1229,36870,30.0,derived,2
Galle Fort,2016,local,1217,36510,30.0,derived,3
Galle Fort,2016,local,948,28440,30.0,derived,4
Galle Fort,2016,local,791,23730,30.0,derived,5
Galle Fort,2016,local,873,26190,30.0,derived,6
Galle Fort,2016,local,1281,38430,30.0,derived,7
Galle Fort,2016,local,1206,36180,30.0,derived,8
Galle Fort,2016,local,965,28950,30.0,derived,9
Galle Fort,2016,local,1043,31290,30.0,derived,10
Galle Fort,2016,local,1232,36960,30.0,derived,11
Galle Fort,2016,local,1590,47700,30.0,derived,12
Galle Fort,2017,foreign,1434,1003800,700.0,derived,1
Galle Fort,2017,foreign,1421,994700,700.0,derived,2
Galle Fort,2017,foreign,1407,984900,700.0,derived,3
Galle Fort,2017,foreign,1096,767200,700.0,derived,4
Galle Fort,2017,foreign,914,639800,700.0,derived,5
Galle Fort,2017,foreign,1009,706300,700.0,derived,6
Galle Fort,2017,foreign,1480,1036000,700.0,derived,7
Galle Fort,2017,foreign,1394,975800,700.0,derived,8
Galle Fort,2017,foreign,1115,780500,700.0,derived,9
Galle Fort,2017,foreign,1205,843500,700.0,derived,10
Galle Fort,2017,foreign,1423,996100,700.0,derived,11
Galle Fort,2017,foreign,1837,1285900,700.0,derived,12
Galle Fort,2017,local,1203,36090,30.0,derived,1
Galle Fort,2017,local,1192,35760,30.0,derived,2
Galle Fort,2017,local,1180,35400,30.0,derived,3
Galle Fort,2017,local,919,27570,30.0,derived,4
Galle Fort,2017,local,767,23010,30.0,derived,5
Galle Fort,2017,local,846,25380,30.0,derived,6
Galle Fort,2017,local,1241,37230,30.0,derived,7
Galle Fort,2017,local,1169,35070,30.0,derived,8
Galle Fort,2017,local,936,28080,30.0,derived,9
Galle Fort,2017,local,1011,30330,30.0,derived,10
Galle Fort,2017,local,1194,35820,30.0,derived,11
Galle Fort,2017,local,1541,46230,30.0,derived,12
Galle Fort,2018,foreign,1532,1072400,700.0,derived,1
Galle Fort,2018,foreign,1518,1062600,700.0,derived,2
Galle Fort,2018,foreign,1503,1052100,700.0,derived,3
Galle Fort,2018,foreign,1171,819700,700.0,derived,4
Galle Fort,2018,foreign,977,683900,700.0,derived,5
Galle Fort,2018,foreign,1078,754600,700.0,derived,6
Galle Fort,2018,foreign,1581,1106700,700.0,derived,7
Galle Fort,2018,foreign,1489,1042300,700.0,derived,8
Galle Fort,2018,foreign,1192,834400,700.0,derived,9
Galle Fort,2018,foreign,1288,901600,700.0,derived,10
Galle Fort,2018,foreign,1521,1064700,700.0,derived,11
Galle Fort,2018,foreign,1963,1374100,700.0,derived,12
Galle Fort,2018,local,1348,40440,30.0,derived,1
Galle Fort,2018,local,1336,40080,30.0,derived,2
Galle Fort,2018,local,1322,39660,30.0,derived,3
Galle Fort,2018,local,1030,30900,30.0,derived,4
Galle Fort,2018,local,860,25800,30.0,derived,5
Galle Fort,2018,local,949,28470,30.0,derived,6
Galle Fort,2018,local,1391,41730,30.0,derived,7
Galle Fort,2018,local,1310,39300,30.0,derived,8
Galle Fort,2018,local,1049,31470,30.0,derived,9
Galle Fort,2018,local,1133,33990,30.0,derived,10
Galle Fort,2018,local,1338,40140,30.0,derived,11
Galle Fort,2018,local,1727,51810,30.0,derived,12
Galle Fort,2019,foreign,9506,6654200,700.0,derived,1
Galle Fort,2019,foreign,9420,6594000,700.0,derived,2
Galle Fort,2019,foreign,9327,6528900,700.0,derived,3
Galle Fort,2019,foreign,7268,5087600,700.0,derived,4
Galle Fort,2019,foreign,6063,4244100,700.0,derived,5
Galle Fort,2019,foreign,6692,4684400,700.0,derived,6
Galle Fort,2019,foreign,9813,6869100,700.0,derived,7
Galle Fort,2019,foreign,9243,6470100,700.0,derived,8
Galle Fort,2019,foreign,7396,5177200,700.0,derived,9
Galle Fort,2019,foreign,7992,5594400,700.0,derived,10
Galle Fort,2019,foreign,9438,6606600,700.0,derived,11
Galle Fort,2019,foreign,12183,8528100,700.0,derived,12
Galle Fort,2019,local,13251,397530,30.0,derived,1
Galle Fort,2019,local,13131,393930,30.0,derived,2
Galle Fort,2019,local,13001,390030,30.0,derived,3
Galle Fort,2019,local,10131,303930,30.0,derived,4
Galle Fort,2019,local,8452,253560,30.0,derived,5
Galle Fort,2019,local,9328,279840,30.0,derived,6
Galle Fort,2019,local,13679,410370,30.0,derived,7
Galle Fort,2019,local,12883,386490,30.0,derived,8
Galle Fort,2019,local,10309,309270,30.0,derived,9
Galle Fort,2019,local,11140,334200,30.0,derived,10
Galle Fort,2019,local,13156,394680,30.0,derived,11
Galle Fort,2019,local,16982,509460,30.0,derived,12
Galle Fort,2020,foreign,1234,863800,700.0,derived,1
Galle Fort,2020,foreign,1223,856100,700.0,derived,2
Galle Fort,2020,foreign,1211,847700,700.0,derived,3
Galle Fort,2020,foreign,943,660100,700.0,derived,4
Galle Fort,2020,foreign,787,550900,700.0,derived,5
Galle Fort,2020,foreign,869,608300,700.0,derived,6
Galle Fort,2020,foreign,1274,891800,700.0,derived,7
Galle Fort,2020,foreign,1200,840000,700.0,derived,8
Galle Fort,2020,foreign,960,672000,700.0,derived,9
Galle Fort,2020,foreign,1038,726600,700.0,derived,10
Galle Fort,2020,foreign,1225,857500,700.0,derived,11
Galle Fort,2020,foreign,1582,1107400,700.0,derived,12
Galle Fort,2020,local,1031,30930,30.0,derived,1
Galle Fort,2020,local,1022,30660,30.0,derived,2
Galle Fort,2020,local,1012,30360,30.0,derived,3
Galle Fort,2020,local,788,23640,30.0,derived,4
Galle Fort,2020,local,658,19740,30.0,derived,5
Galle Fort,2020,local,726,21780,30.0,derived,6
Galle Fort,2020,local,1065,31950,30.0,derived,7
Galle Fort,2020,local,1003,30090,30.0,derived,8
Galle Fort,2020,local,802,24060,30.0,derived,9
Galle Fort,2020,local,867,26010,30.0,derived,10
Galle Fort,2020,local,1024,30720,30.0,derived,11
Galle Fort,2020,local,1322,39660,30.0,derived,12
Galle Fort,2021,foreign,955,668500,700.0,derived,1
Galle Fort,2021,foreign,946,662200,700.0,derived,2
Galle Fort,2021,foreign,937,655900,700.0,derived,3
Galle Fort,2021,foreign,730,511000,700.0,derived,4
Galle Fort,2021,foreign,609,426300,700.0,derived,5
Galle Fort,2021,foreign,672,470400,700.0,derived,6
Galle Fort,2021,foreign,986,690200,700.0,derived,7
Galle Fort,2021,foreign,928,649600,700.0,derived,8
Galle Fort,2021,foreign,743,520100,700.0,derived,9
Galle Fort,2021,foreign,803,562100,700.0,derived,10
Galle Fort,2021,foreign,948,663600,700.0,derived,11
Galle Fort,2021,foreign,1224,856800,700.0,derived,12
Galle Fort,2021,local,1337,40110,30.0,derived,1
Galle Fort,2021,local,1325,39750,30.0,derived,2
Galle Fort,2021,local,1311,39330,30.0,derived,3
Galle Fort,2021,local,1022,30660,30.0,derived,4
Galle Fort,2021,local,852,25560,30.0,derived,5
Galle Fort,2021,local,941,28230,30.0,derived,6
Galle Fort,2021,local,1380,41400,30.0,derived,7
Galle Fort,2021,local,1299,38970,30.0,derived,8
Galle Fort,2021,local,1040,31200,30.0,derived,9
Galle Fort,2021,local,1124,33720,30.0,derived,10
Galle Fort,2021,local,1327,39810,30.0,derived,11
Galle Fort,2021,local,1713,51390,30.0,derived,12
Galle Fort,2022,foreign,3538,2476600,700.0,derived,1
Galle Fort,2022,foreign,3506,2454200,700.0,derived,2
Galle Fort,2022,foreign,3471,2429700,700.0,derived,3
Galle Fort,2022,foreign,2705,1893500,700.0,derived,4
Galle Fort,2022,foreign,2256,1579200,700.0,derived,5
Galle Fort,2022,foreign,2490,1743000,700.0,derived,6
Galle Fort,2022,foreign,3652,2556400,700.0,derived,7
Galle Fort,2022,foreign,3440,2408000,700.0,derived,8
Galle Fort,2022,foreign,2752,1926400,700.0,derived,9
Galle Fort,2022,foreign,2974,2081800,700.0,derived,10
Galle Fort,2022,foreign,3512,2458400,700.0,derived,11
Galle Fort,2022,foreign,4534,3173800,700.0,derived,12
Galle Fort,2022,local,5063,151890,30.0,derived,1
Galle Fort,2022,local,5018,150540,30.0,derived,2
Galle Fort,2022,local,4968,149040,30.0,derived,3
Galle Fort,2022,local,3871,116130,30.0,derived,4
Galle Fort,2022,local,3230,96900,30.0,derived,5
Galle Fort,2022,local,3564,106920,30.0,derived,6
Galle Fort,2022,local,5227,156810,30.0,derived,7
Galle Fort,2022,local,4923,147690,30.0,derived,8
Galle Fort,2022,local,3939,118170,30.0,derived,9
Galle Fort,2022,local,4257,127710,30.0,derived,10
Galle Fort,2022,local,5027,150810,30.0,derived,11
Galle Fort,2022,local,6489,194670,30.0,derived,12
Galle Fort,2023,foreign,964,674800,700.0,derived,1
Galle Fort,2023,foreign,956,669200,700.0,derived,2
Galle Fort,2023,foreign,946,662200,700.0,derived,3
Galle Fort,2023,foreign,737,515900,700.0,derived,4
Galle Fort,2023,foreign,615,430500,700.0,derived,5
Galle Fort,2023,foreign,679,475300,700.0,derived,6
Galle Fort,2023,foreign,995,696500,700.0,derived,7
Galle Fort,2023,foreign,937,655900,700.0,derived,8
Galle Fort,2023,foreign,750,525000,700.0,derived,9
Galle Fort,2023,foreign,811,567700,700.0,derived,10
Galle Fort,2023,foreign,957,669900,700.0,derived,11
Galle Fort,2023,foreign,1236,865200,700.0,derived,12
Galle Fort,2023,local,4894,146820,30.0,derived,1
Galle Fort,2023,local,4850,145500,30.0,derived,2
Galle Fort,2023,local,4802,144060,30.0,derived,3
Galle Fort,2023,local,3741,112230,30.0,derived,4
Galle Fort,2023,local,3121,93630,30.0,derived,5
Galle Fort,2023,local,3445,103350,30.0,derived,6
Galle Fort,2023,local,5052,151560,30.0,derived,7
Galle Fort,2023,local,4758,142740,30.0,derived,8
Galle Fort,2023,local,3808,114240,30.0,derived,9
Galle Fort,2023,local,4114,123420,30.0,derived,10
Galle Fort,2023,local,4859,145770,30.0,derived,11
Galle Fort,2023,local,6272,188160,30.0,derived,12
Galle Fort,2024,foreign,10161,7112700,700.0,derived,1
Galle Fort,2024,foreign,10069,7048300,700.0,derived,2
Galle Fort,2024,foreign,9969,6978300,700.0,derived,3
Galle Fort,2024,foreign,7768,5437600,700.0,derived,4
Galle Fort,2024,foreign,6481,4536700,700.0,derived,5
Galle Fort,2024,foreign,7153,5007100,700.0,derived,6
Galle Fort,2024,foreign,10489,7342300,700.0,derived,7
Galle Fort,2024,foreign,9879,6915300,700.0,derived,8
Galle Fort,2024,foreign,7905,5533500,700.0,derived,9
Galle Fort,2024,foreign,8542,5979400,700.0,derived,10
Galle Fort,2024,foreign,10088,7061600,700.0,derived,11
Galle Fort,2024,foreign,13021,9114700,700.0,derived,12
Galle Fort,2024,local,14070,422100,30.0,derived,1
Galle Fort,2024,local,13942,418260,30.0,derived,2
Galle Fort,2024,local,13804,414120,30.0,derived,3
Galle Fort,2024,local,10756,322680,30.0,derived,4
Galle Fort,2024,local,8974,269220,30.0,derived,5
Galle Fort,2024,local,9904,297120,30.0,derived,6
Galle Fort,2024,local,14524,435720,30.0,derived,7
Galle Fort,2024,local,13679,410370,30.0,derived,8
Galle Fort,2024,local,10946,328380,30.0,derived,9
Galle Fort,2024,local,11828,354840,30.0,derived,10
Galle Fort,2024,local,13968,419040,30.0,derived,11
Galle Fort,2024,local,18030,540900,30.0,derived,12
Galle Fort,2025,foreign,2533,1773100,700.0,derived,1
Galle Fort,2025,foreign,2510,1757000,700.0,derived,2
Galle Fort,2025,foreign,2485,1739500,700.0,derived,3
Galle Fort,2025,foreign,1937,1355900,700.0,derived,4
Galle Fort,2025,foreign,1616,1131200,700.0,derived,5
Galle Fort,2025,foreign,1783,1248100,700.0,derived,6
Galle Fort,2025,foreign,2615,1830500,700.0,derived,7
Galle Fort,2025,foreign,2463,1724100,700.0,derived,8
Galle Fort,2025,foreign,1971,1379700,700.0,derived,9
Galle Fort,2025,foreign,2130,1491000,700.0,derived,10
Galle Fort,2025,foreign,2515,1760500,700.0,derived,11
Galle Fort,2025,foreign,3246,2272200,700.0,derived,12
Galle Fort,2025,local,3612,108360,30.0,derived,1
Galle Fort,2025,local,3579,107370,30.0,derived,2
Galle Fort,2025,local,3544,106320,30.0,derived,3
Galle Fort,2025,local,2761,82830,30.0,derived,4
Galle Fort,2025,local,2304,69120,30.0,derived,5
Galle Fort,2025,local,2542,76260,30.0,derived,6
Galle Fort,2025,local,3728,111840,30.0,derived,7
Galle Fort,2025,local,3512,105360,30.0,derived,8
Galle Fort,2025,local,2810,84300,30.0,derived,9
Galle Fort,2025,local,3036,91080,30.0,derived,10
Galle Fort,2025,local,3586,107580,30.0,derived,11
Galle Fort,2025,local,4629,138870,30.0,derived,12
Horton Plains,2015,foreign,6490,55165000,8500.0,derived,1
Horton Plains,2015,foreign,6431,54663500,8500.0,derived,2
Horton Plains,2015,foreign,6367,54119500,8500.0,derived,3
Horton Plains,2015,foreign,4961,42168500,8500.0,derived,4
Horton Plains,2015,foreign,4139,35181500,8500.0,derived,5
Horton Plains,2015,foreign,4568,38828000,8500.0,derived,6
Horton Plains,2015,foreign,6699,56941500,8500.0,derived,7
Horton Plains,2015,foreign,6310,53635000,8500.0,derived,8
Horton Plains,2015,foreign,5049,42916500,8500.0,derived,9
Horton Plains,2015,foreign,5456,46376000,8500.0,derived,10
Horton Plains,2015,foreign,6443,54765500,8500.0,derived,11
Horton Plains,2015,foreign,8317,70694500,8500.0,derived,12
Horton Plains,2015,local,9077,907700,100.0,derived,1
Horton Plains,2015,local,8994,899400,100.0,derived,2
Horton Plains,2015,local,8906,890600,100.0,derived,3
Horton Plains,2015,local,6939,693900,100.0,derived,4
Horton Plains,2015,local,5789,578900,100.0,derived,5
Horton Plains,2015,local,6390,639000,100.0,derived,6
Horton Plains,2015,local,9370,937000,100.0,derived,7
Horton Plains,2015,local,8825,882500,100.0,derived,8
Horton Plains,2015,local,7062,706200,100.0,derived,9
Horton Plains,2015,local,7631,763100,100.0,derived,10
Horton Plains,2015,local,9011,901100,100.0,derived,11
Horton Plains,2015,local,11632,1163200,100.0,derived,12
Horton Plains,2016,foreign,7355,62517500,8500.0,derived,1
Horton Plains,2016,foreign,7288,61948000,8500.0,derived,2
Horton Plains,2016,foreign,7216,61336000,8500.0,derived,3
Horton Plains,2016,foreign,5623,47795500,8500.0,derived,4
Horton Plains,2016,foreign,4691,39873500,8500.0,derived,5
Horton Plains,2016,foreign,5177,44004500,8500.0,derived,6
Horton Plains,2016,foreign,7592,64532000,8500.0,derived,7
Horton Plains,2016,foreign,7150,60775000,8500.0,derived,8
Horton Plains,2016,foreign,5722,48637000,8500.0,derived,9
Horton Plains,2016,foreign,6183,52555500,8500.0,derived,10
Horton Plains,2016,foreign,7302,62067000,8500.0,derived,11
Horton Plains,2016,foreign,9425,80112500,8500.0,derived,12
Horton Plains,2016,local,10377,1037700,100.0,derived,1
Horton Plains,2016,local,10283,1028300,100.0,derived,2
Horton Plains,2016,local,10181,1018100,100.0,derived,3
Horton Plains,2016,local,7933,793300,100.0,derived,4
Horton Plains,2016,local,6618,661800,100.0,derived,5
Horton Plains,2016,local,7305,730500,100.0,derived,6
Horton Plains,2016,local,10712,1071200,100.0,derived,7
Horton Plains,2016,local,10089,1008900,100.0,derived,8
Horton Plains,2016,local,8073,807300,100.0,derived,9
Horton Plains,2016,local,8724,872400,100.0,derived,10
Horton Plains,2016,local,10302,1030200,100.0,derived,11
Horton Plains,2016,local,13298,1329800,100.0,derived,12
Horton Plains,2017,foreign,11082,94197000,8500.0,derived,1
Horton Plains,2017,foreign,10981,93338500,8500.0,derived,2
Horton Plains,2017,foreign,10873,92420500,8500.0,derived,3
Horton Plains,2017,foreign,8472,72012000,8500.0,derived,4
Horton Plains,2017,foreign,7068,60078000,8500.0,derived,5
Horton Plains,2017,foreign,7801,66308500,8500.0,derived,6
Horton Plains,2017,foreign,11440,97240000,8500.0,derived,7
Horton Plains,2017,foreign,10774,91579000,8500.0,derived,8
Horton Plains,2017,foreign,8622,73287000,8500.0,derived,9
Horton Plains,2017,foreign,9316,79186000,8500.0,derived,10
Horton Plains,2017,foreign,11002,93517000,8500.0,derived,11
Horton Plains,2017,foreign,14201,120708500,8500.0,derived,12
Horton Plains,2017,local,28834,2883400,100.0,derived,1
Horton Plains,2017,local,28573,2857300,100.0,derived,2
Horton Plains,2017,local,28291,2829100,100.0,derived,3
Horton Plains,2017,local,22044,2204400,100.0,derived,4
Horton Plains,2017,local,18392,1839200,100.0,derived,5
Horton Plains,2017,local,20298,2029800,100.0,derived,6
Horton Plains,2017,local,29765,2976500,100.0,derived,7
Horton Plains,2017,local,28034,2803400,100.0,derived,8
Horton Plains,2017,local,22433,2243300,100.0,derived,9
Horton Plains,2017,local,24241,2424100,100.0,derived,10
Horton Plains,2017,local,28626,2862600,100.0,derived,11
Horton Plains,2017,local,36951,3695100,100.0,derived,12
Horton Plains,2018,foreign,10685,90822500,8500.0,derived,1
Horton Plains,2018,foreign,10588,89998000,8500.0,derived,2
Horton Plains,2018,foreign,10484,89114000,8500.0,derived,3
Horton Plains,2018,foreign,8169,69436500,8500.0,derived,4
Horton Plains,2018,foreign,6815,57927500,8500.0,derived,5
Horton Plains,2018,foreign,7522,63937000,8500.0,derived,6
Horton Plains,2018,foreign,11030,93755000,8500.0,derived,7
Horton Plains,2018,foreign,10388,88298000,8500.0,derived,8
Horton Plains,2018,foreign,8313,70660500,8500.0,derived,9
Horton Plains,2018,foreign,8983,76355500,8500.0,derived,10
Horton Plains,2018,foreign,10608,90168000,8500.0,derived,11
Horton Plains,2018,foreign,13693,116390500,8500.0,derived,12
Horton Plains,2018,local,26827,2682700,100.0,derived,1
Horton Plains,2018,local,26585,2658500,100.0,derived,2
Horton Plains,2018,local,26322,2632200,100.0,derived,3
Horton Plains,2018,local,20510,2051000,100.0,derived,4
Horton Plains,2018,local,17111,1711100,100.0,derived,5
Horton Plains,2018,local,18885,1888500,100.0,derived,6
Horton Plains,2018,local,27693,2769300,100.0,derived,7
Horton Plains,2018,local,26083,2608300,100.0,derived,8
Horton Plains,2018,local,20872,2087200,100.0,derived,9
Horton Plains,2018,local,22554,2255400,100.0,derived,10
Horton Plains,2018,local,26634,2663400,100.0,derived,11
Horton Plains,2018,local,34379,3437900,100.0,derived,12
Horton Plains,2019,foreign,6874,58429000,8500.0,derived,1
Horton Plains,2019,foreign,6812,57902000,8500.0,derived,2
Horton Plains,2019,foreign,6745,57332500,8500.0,derived,3
Horton Plains,2019,foreign,5255,44667500,8500.0,derived,4
Horton Plains,2019,foreign,4385,37272500,8500.0,derived,5
Horton Plains,2019,foreign,4839,41131500,8500.0,derived,6
Horton Plains,2019,foreign,7096,60316000,8500.0,derived,7
Horton Plains,2019,foreign,6684,56814000,8500.0,derived,8
Horton Plains,2019,foreign,5348,45458000,8500.0,derived,9
Horton Plains,2019,foreign,5779,49121500,8500.0,derived,10
Horton Plains,2019,foreign,6825,58012500,8500.0,derived,11
Horton Plains,2019,foreign,8810,74885000,8500.0,derived,12
Horton Plains,2019,local,9713,971300,100.0,derived,1
Horton Plains,2019,local,9626,962600,100.0,derived,2
Horton Plains,2019,local,9530,953000,100.0,derived,3
Horton Plains,2019,local,7426,742600,100.0,derived,4
Horton Plains,2019,local,6195,619500,100.0,derived,5
Horton Plains,2019,local,6838,683800,100.0,derived,6
Horton Plains,2019,local,10027,1002700,100.0,derived,7
Horton Plains,2019,local,9444,944400,100.0,derived,8
Horton Plains,2019,local,7557,755700,100.0,derived,9
Horton Plains,2019,local,8166,816600,100.0,derived,10
Horton Plains,2019,local,9643,964300,100.0,derived,11
Horton Plains,2019,local,12448,1244800,100.0,derived,12
Horton Plains,2020,foreign,1833,15580500,8500.0,derived,1
Horton Plains,2020,foreign,1816,15436000,8500.0,derived,2
Horton Plains,2020,foreign,1799,15291500,8500.0,derived,3
Horton Plains,2020,foreign,1401,11908500,8500.0,derived,4
Horton Plains,2020,foreign,1169,9936500,8500.0,derived,5
Horton Plains,2020,foreign,1290,10965000,8500.0,derived,6
Horton Plains,2020,foreign,1892,16082000,8500.0,derived,7
Horton Plains,2020,foreign,1782,15147000,8500.0,derived,8
Horton Plains,2020,foreign,1426,12121000,8500.0,derived,9
Horton Plains,2020,foreign,1541,13098500,8500.0,derived,10
Horton Plains,2020,foreign,1820,15470000,8500.0,derived,11
Horton Plains,2020,foreign,2349,19966500,8500.0,derived,12
Horton Plains,2020,local,9212,921200,100.0,derived,1
Horton Plains,2020,local,9129,912900,100.0,derived,2
Horton Plains,2020,local,9038,903800,100.0,derived,3
Horton Plains,2020,local,7043,704300,100.0,derived,4
Horton Plains,2020,local,5876,587600,100.0,derived,5
Horton Plains,2020,local,6485,648500,100.0,derived,6
Horton Plains,2020,local,9510,951000,100.0,derived,7
Horton Plains,2020,local,8956,895600,100.0,derived,8
Horton Plains,2020,local,7167,716700,100.0,derived,9
Horton Plains,2020,local,7745,774500,100.0,derived,10
Horton Plains,2020,local,9146,914600,100.0,derived,11
Horton Plains,2020,local,11805,1180500,100.0,derived,12
Horton Plains,2021,foreign,698,5933000,8500.0,derived,1
Horton Plains,2021,foreign,692,5882000,8500.0,derived,2
Horton Plains,2021,foreign,685,5822500,8500.0,derived,3
Horton Plains,2021,foreign,534,4539000,8500.0,derived,4
Horton Plains,2021,foreign,445,3782500,8500.0,derived,5
Horton Plains,2021,foreign,491,4173500,8500.0,derived,6
Horton Plains,2021,foreign,721,6128500,8500.0,derived,7
Horton Plains,2021,foreign,679,5771500,8500.0,derived,8
Horton Plains,2021,foreign,543,4615500,8500.0,derived,9
Horton Plains,2021,foreign,587,4989500,8500.0,derived,10
Horton Plains,2021,foreign,693,5890500,8500.0,derived,11
Horton Plains,2021,foreign,895,7607500,8500.0,derived,12
Horton Plains,2021,local,977,97700,100.0,derived,1
Horton Plains,2021,local,968,96800,100.0,derived,2
Horton Plains,2021,local,958,95800,100.0,derived,3
Horton Plains,2021,local,747,74700,100.0,derived,4
Horton Plains,2021,local,623,62300,100.0,derived,5
Horton Plains,2021,local,687,68700,100.0,derived,6
Horton Plains,2021,local,1008,100800,100.0,derived,7
Horton Plains,2021,local,950,95000,100.0,derived,8
Horton Plains,2021,local,760,76000,100.0,derived,9
Horton Plains,2021,local,821,82100,100.0,derived,10
Horton Plains,2021,local,970,97000,100.0,derived,11
Horton Plains,2021,local,1252,125200,100.0,derived,12
Horton Plains,2022,foreign,2605,22142500,8500.0,derived,1
Horton Plains,2022,foreign,2581,21938500,8500.0,derived,2
Horton Plains,2022,foreign,2556,21726000,8500.0,derived,3
Horton Plains,2022,foreign,1991,16923500,8500.0,derived,4
Horton Plains,2022,foreign,1661,14118500,8500.0,derived,5
Horton Plains,2022,foreign,1834,15589000,8500.0,derived,6
Horton Plains,2022,foreign,2689,22856500,8500.0,derived,7
Horton Plains,2022,foreign,2533,21530500,8500.0,derived,8
Horton Plains,2022,foreign,2027,17229500,8500.0,derived,9
Horton Plains,2022,foreign,2190,18615000,8500.0,derived,10
Horton Plains,2022,foreign,2586,21981000,8500.0,derived,11
Horton Plains,2022,foreign,3338,28373000,8500.0,derived,12
Horton Plains,2022,local,3626,362600,100.0,derived,1
Horton Plains,2022,local,3593,359300,100.0,derived,2
Horton Plains,2022,local,3558,355800,100.0,derived,3
Horton Plains,2022,local,2772,277200,100.0,derived,4
Horton Plains,2022,local,2313,231300,100.0,derived,5
Horton Plains,2022,local,2552,255200,100.0,derived,6
Horton Plains,2022,local,3743,374300,100.0,derived,7
Horton Plains,2022,local,3525,352500,100.0,derived,8
Horton Plains,2022,local,2821,282100,100.0,derived,9
Horton Plains,2022,local,3048,304800,100.0,derived,10
Horton Plains,2022,local,3600,360000,100.0,derived,11
Horton Plains,2022,local,4647,464700,100.0,derived,12
Horton Plains,2023,foreign,2843,24165500,8500.0,derived,1
Horton Plains,2023,foreign,2817,23944500,8500.0,derived,2
Horton Plains,2023,foreign,2789,23706500,8500.0,derived,3
Horton Plains,2023,foreign,2173,18470500,8500.0,derived,4
Horton Plains,2023,foreign,1813,15410500,8500.0,derived,5
Horton Plains,2023,foreign,2001,17008500,8500.0,derived,6
Horton Plains,2023,foreign,2935,24947500,8500.0,derived,7
Horton Plains,2023,foreign,2764,23494000,8500.0,derived,8
Horton Plains,2023,foreign,2212,18802000,8500.0,derived,9
Horton Plains,2023,foreign,2390,20315000,8500.0,derived,10
Horton Plains,2023,foreign,2823,23995500,8500.0,derived,11
Horton Plains,2023,foreign,3644,30974000,8500.0,derived,12
Horton Plains,2023,local,19900,1990000,100.0,derived,1
Horton Plains,2023,local,19720,1972000,100.0,derived,2
Horton Plains,2023,local,19525,1952500,100.0,derived,3
Horton Plains,2023,local,15213,1521300,100.0,derived,4
Horton Plains,2023,local,12693,1269300,100.0,derived,5
Horton Plains,2023,local,14009,1400900,100.0,derived,6
Horton Plains,2023,local,20542,2054200,100.0,derived,7
Horton Plains,2023,local,19348,1934800,100.0,derived,8
Horton Plains,2023,local,15482,1548200,100.0,derived,9
Horton Plains,2023,local,16730,1673000,100.0,derived,10
Horton Plains,2023,local,19756,1975600,100.0,derived,11
Horton Plains,2023,local,25502,2550200,100.0,derived,12
Horton Plains,2024,foreign,7430,63155000,8500.0,derived,1
Horton Plains,2024,foreign,7363,62585500,8500.0,derived,2
Horton Plains,2024,foreign,7290,61965000,8500.0,derived,3
Horton Plains,2024,foreign,5680,48280000,8500.0,derived,4
Horton Plains,2024,foreign,4739,40281500,8500.0,derived,5
Horton Plains,2024,foreign,5230,44455000,8500.0,derived,6
Horton Plains,2024,foreign,7670,65195000,8500.0,derived,7
Horton Plains,2024,foreign,7224,61404000,8500.0,derived,8
Horton Plains,2024,foreign,5780,49130000,8500.0,derived,9
Horton Plains,2024,foreign,6246,53091000,8500.0,derived,10
Horton Plains,2024,foreign,7376,62696000,8500.0,derived,11
Horton Plains,2024,foreign,9521,80928500,8500.0,derived,12
Horton Plains,2024,local,10396,1039600,100.0,derived,1
Horton Plains,2024,local,10302,1030200,100.0,derived,2
Horton Plains,2024,local,10200,1020000,100.0,derived,3
Horton Plains,2024,local,7948,794800,100.0,derived,4
Horton Plains,2024,local,6631,663100,100.0,derived,5
Horton Plains,2024,local,7319,731900,100.0,derived,6
Horton Plains,2024,local,10732,1073200,100.0,derived,7
Horton Plains,2024,local,10108,1010800,100.0,derived,8
Horton Plains,2024,local,8088,808800,100.0,derived,9
Horton Plains,2024,local,8740,874000,100.0,derived,10
Horton Plains,2024,local,10321,1032100,100.0,derived,11
Horton Plains,2024,local,13323,1332300,100.0,derived,12
Horton Plains,2025,foreign,4688,39848000,8500.0,derived,1
Horton Plains,2025,foreign,4646,39491000,8500.0,derived,2
Horton Plains,2025,foreign,4600,39100000,8500.0,derived,3
Horton Plains,2025,foreign,3584,30464000,8500.0,derived,4
Horton Plains,2025,foreign,2990,25415000,8500.0,derived,5
Horton Plains,2025,foreign,3300,28050000,8500.0,derived,6
Horton Plains,2025,foreign,4839,41131500,8500.0,derived,7
Horton Plains,2025,foreign,4558,38743000,8500.0,derived,8
Horton Plains,2025,foreign,3647,30999500,8500.0,derived,9
Horton Plains,2025,foreign,3941,33498500,8500.0,derived,10
Horton Plains,2025,foreign,4654,39559000,8500.0,derived,11
Horton Plains,2025,foreign,6008,51068000,8500.0,derived,12
Horton Plains,2025,local,30719,3071900,100.0,derived,1
Horton Plains,2025,local,30441,3044100,100.0,derived,2
Horton Plains,2025,local,30141,3014100,100.0,derived,3
Horton Plains,2025,local,23485,2348500,100.0,derived,4
Horton Plains,2025,local,19594,1959400,100.0,derived,5
Horton Plains,2025,local,21625,2162500,100.0,derived,6
Horton Plains,2025,local,31711,3171100,100.0,derived,7
Horton Plains,2025,local,29867,2986700,100.0,derived,8
Horton Plains,2025,local,23900,2390000,100.0,derived,9
Horton Plains,2025,local,25826,2582600,100.0,derived,10
Horton Plains,2025,local,30498,3049800,100.0,derived,11
Horton Plains,2025,local,39367,3936700,100.0,derived,12
Jaffna,2015,foreign,2341,1404600,600.0,derived,1
Jaffna,2015,foreign,2319,1391400,600.0,derived,2
Jaffna,2015,foreign,2296,1377600,600.0,derived,3
Jaffna,2015,foreign,1789,1073400,600.0,derived,4
Jaffna,2015,foreign,1493,895800,600.0,derived,5
Jaffna,2015,foreign,1648,988800,600.0,derived,6
Jaffna,2015,foreign,2416,1449600,600.0,derived,7
Jaffna,2015,foreign,2276,1365600,600.0,derived,8
Jaffna,2015,foreign,1821,1092600,600.0,derived,9
Jaffna,2015,foreign,1968,1180800,600.0,derived,10
Jaffna,2015,foreign,2324,1394400,600.0,derived,11
Jaffna,2015,foreign,3000,1800000,600.0,derived,12
Jaffna,2015,local,3311,99330,30.0,derived,1
Jaffna,2015,local,3281,98430,30.0,derived,2
Jaffna,2015,local,3249,97470,30.0,derived,3
Jaffna,2015,local,2531,75930,30.0,derived,4
Jaffna,2015,local,2112,63360,30.0,derived,5
Jaffna,2015,local,2331,69930,30.0,derived,6
Jaffna,2015,local,3418,102540,30.0,derived,7
Jaffna,2015,local,3219,96570,30.0,derived,8
Jaffna,2015,local,2576,77280,30.0,derived,9
Jaffna,2015,local,2783,83490,30.0,derived,10
Jaffna,2015,local,3287,98610,30.0,derived,11
Jaffna,2015,local,4243,127290,30.0,derived,12
Jaffna,2016,foreign,2715,1629000,600.0,derived,1
Jaffna,2016,foreign,2690,1614000,600.0,derived,2
Jaffna,2016,foreign,2663,1597800,600.0,derived,3
Jaffna,2016,foreign,2075,1245000,600.0,derived,4
Jaffna,2016,foreign,1731,1038600,600.0,derived,5
Jaffna,2016,foreign,1911,1146600,600.0,derived,6
Jaffna,2016,foreign,2802,1681200,600.0,derived,7
Jaffna,2016,foreign,2639,1583400,600.0,derived,8
Jaffna,2016,foreign,2112,1267200,600.0,derived,9
Jaffna,2016,foreign,2282,1369200,600.0,derived,10
Jaffna,2016,foreign,2695,1617000,600.0,derived,11
Jaffna,2016,foreign,3479,2087400,600.0,derived,12
Jaffna,2016,local,3770,113100,30.0,derived,1
Jaffna,2016,local,3736,112080,30.0,derived,2
Jaffna,2016,local,3699,110970,30.0,derived,3
Jaffna,2016,local,2882,86460,30.0,derived,4
Jaffna,2016,local,2405,72150,30.0,derived,5
Jaffna,2016,local,2654,79620,30.0,derived,6
Jaffna,2016,local,3892,116760,30.0,derived,7
Jaffna,2016,local,3666,109980,30.0,derived,8
Jaffna,2016,local,2933,87990,30.0,derived,9
Jaffna,2016,local,3170,95100,30.0,derived,10
Jaffna,2016,local,3743,112290,30.0,derived,11
Jaffna,2016,local,4832,144960,30.0,derived,12
Jaffna,2017,foreign,2778,1666800,600.0,derived,1
Jaffna,2017,foreign,2753,1651800,600.0,derived,2
Jaffna,2017,foreign,2726,1635600,600.0,derived,3
Jaffna,2017,foreign,2124,1274400,600.0,derived,4
Jaffna,2017,foreign,1772,1063200,600.0,derived,5
Jaffna,2017,foreign,1956,1173600,600.0,derived,6
Jaffna,2017,foreign,2868,1720800,600.0,derived,7
Jaffna,2017,foreign,2701,1620600,600.0,derived,8
Jaffna,2017,foreign,2162,1297200,600.0,derived,9
Jaffna,2017,foreign,2336,1401600,600.0,derived,10
Jaffna,2017,foreign,2758,1654800,600.0,derived,11
Jaffna,2017,foreign,3561,2136600,600.0,derived,12
Jaffna,2017,local,3933,117990,30.0,derived,1
Jaffna,2017,local,3898,116940,30.0,derived,2
Jaffna,2017,local,3859,115770,30.0,derived,3
Jaffna,2017,local,3007,90210,30.0,derived,4
Jaffna,2017,local,2509,75270,30.0,derived,5
Jaffna,2017,local,2769,83070,30.0,derived,6
Jaffna,2017,local,4060,121800,30.0,derived,7
Jaffna,2017,local,3824,114720,30.0,derived,8
Jaffna,2017,local,3060,91800,30.0,derived,9
Jaffna,2017,local,3306,99180,30.0,derived,10
Jaffna,2017,local,3905,117150,30.0,derived,11
Jaffna,2017,local,5040,151200,30.0,derived,12
Jaffna,2018,foreign,3087,1852200,600.0,derived,1
Jaffna,2018,foreign,3059,1835400,600.0,derived,2
Jaffna,2018,foreign,3029,1817400,600.0,derived,3
Jaffna,2018,foreign,2360,1416000,600.0,derived,4
Jaffna,2018,foreign,1969,1181400,600.0,derived,5
Jaffna,2018,foreign,2173,1303800,600.0,derived,6
Jaffna,2018,foreign,3187,1912200,600.0,derived,7
Jaffna,2018,foreign,3001,1800600,600.0,derived,8
Jaffna,2018,foreign,2402,1441200,600.0,derived,9
Jaffna,2018,foreign,2595,1557000,600.0,derived,10
Jaffna,2018,foreign,3065,1839000,600.0,derived,11
Jaffna,2018,foreign,3956,2373600,600.0,derived,12
Jaffna,2018,local,4305,129150,30.0,derived,1
Jaffna,2018,local,4266,127980,30.0,derived,2
Jaffna,2018,local,4224,126720,30.0,derived,3
Jaffna,2018,local,3291,98730,30.0,derived,4
Jaffna,2018,local,2746,82380,30.0,derived,5
Jaffna,2018,local,3030,90900,30.0,derived,6
Jaffna,2018,local,4444,133320,30.0,derived,7
Jaffna,2018,local,4185,125550,30.0,derived,8
Jaffna,2018,local,3349,100470,30.0,derived,9
Jaffna,2018,local,3619,108570,30.0,derived,10
Jaffna,2018,local,4274,128220,30.0,derived,11
Jaffna,2018,local,5517,165510,30.0,derived,12
Jaffna,2019,foreign,2513,1507800,600.0,derived,1
Jaffna,2019,foreign,2490,1494000,600.0,derived,2
Jaffna,2019,foreign,2465,1479000,600.0,derived,3
Jaffna,2019,foreign,1921,1152600,600.0,derived,4
Jaffna,2019,foreign,1602,961200,600.0,derived,5
Jaffna,2019,foreign,1769,1061400,600.0,derived,6
Jaffna,2019,foreign,2594,1556400,600.0,derived,7
Jaffna,2019,foreign,2443,1465800,600.0,derived,8
Jaffna,2019,foreign,1955,1173000,600.0,derived,9
Jaffna,2019,foreign,2112,1267200,600.0,derived,10
Jaffna,2019,foreign,2495,1497000,600.0,derived,11
Jaffna,2019,foreign,3220,1932000,600.0,derived,12
Jaffna,2019,local,3544,106320,30.0,derived,1
Jaffna,2019,local,3512,105360,30.0,derived,2
Jaffna,2019,local,3477,104310,30.0,derived,3
Jaffna,2019,local,2709,81270,30.0,derived,4
Jaffna,2019,local,2260,67800,30.0,derived,5
Jaffna,2019,local,2495,74850,30.0,derived,6
Jaffna,2019,local,3658,109740,30.0,derived,7
Jaffna,2019,local,3446,103380,30.0,derived,8
Jaffna,2019,local,2757,82710,30.0,derived,9
Jaffna,2019,local,2979,89370,30.0,derived,10
Jaffna,2019,local,3518,105540,30.0,derived,11
Jaffna,2019,local,4542,136260,30.0,derived,12
Jaffna,2020,foreign,665,399000,600.0,derived,1
Jaffna,2020,foreign,659,395400,600.0,derived,2
Jaffna,2020,foreign,653,391800,600.0,derived,3
Jaffna,2020,foreign,508,304800,600.0,derived,4
Jaffna,2020,foreign,424,254400,600.0,derived,5
Jaffna,2020,foreign,468,280800,600.0,derived,6
Jaffna,2020,foreign,687,412200,600.0,derived,7
Jaffna,2020,foreign,647,388200,600.0,derived,8
Jaffna,2020,foreign,517,310200,600.0,derived,9
Jaffna,2020,foreign,559,335400,600.0,derived,10
Jaffna,2020,foreign,660,396000,600.0,derived,11
Jaffna,2020,foreign,853,511800,600.0,derived,12
Jaffna,2020,local,939,28170,30.0,derived,1
Jaffna,2020,local,931,27930,30.0,derived,2
Jaffna,2020,local,921,27630,30.0,derived,3
Jaffna,2020,local,718,21540,30.0,derived,4
Jaffna,2020,local,599,17970,30.0,derived,5
Jaffna,2020,local,661,19830,30.0,derived,6
Jaffna,2020,local,970,29100,30.0,derived,7
Jaffna,2020,local,913,27390,30.0,derived,8
Jaffna,2020,local,731,21930,30.0,derived,9
Jaffna,2020,local,790,23700,30.0,derived,10
Jaffna,2020,local,932,27960,30.0,derived,11
Jaffna,2020,local,1204,36120,30.0,derived,12
Jaffna,2021,foreign,252,151200,600.0,derived,1
Jaffna,2021,foreign,250,150000,600.0,derived,2
Jaffna,2021,foreign,247,148200,600.0,derived,3
Jaffna,2021,foreign,193,115800,600.0,derived,4
Jaffna,2021,foreign,161,96600,600.0,derived,5
Jaffna,2021,foreign,177,106200,600.0,derived,6
Jaffna,2021,foreign,260,156000,600.0,derived,7
Jaffna,2021,foreign,245,147000,600.0,derived,8
Jaffna,2021,foreign,196,117600,600.0,derived,9
Jaffna,2021,foreign,212,127200,600.0,derived,10
Jaffna,2021,foreign,250,150000,600.0,derived,11
Jaffna,2021,foreign,323,193800,600.0,derived,12
Jaffna,2021,local,360,10800,30.0,derived,1
Jaffna,2021,local,357,10710,30.0,derived,2
Jaffna,2021,local,353,10590,30.0,derived,3
Jaffna,2021,local,275,8250,30.0,derived,4
Jaffna,2021,local,229,6870,30.0,derived,5
Jaffna,2021,local,253,7590,30.0,derived,6
Jaffna,2021,local,371,11130,30.0,derived,7
Jaffna,2021,local,350,10500,30.0,derived,8
Jaffna,2021,local,280,8400,30.0,derived,9
Jaffna,2021,local,302,9060,30.0,derived,10
Jaffna,2021,local,357,10710,30.0,derived,11
Jaffna,2021,local,461,13830,30.0,derived,12
Jaffna,2022,foreign,950,570000,600.0,derived,1
Jaffna,2022,foreign,941,564600,600.0,derived,2
Jaffna,2022,foreign,932,559200,600.0,derived,3
Jaffna,2022,foreign,726,435600,600.0,derived,4
Jaffna,2022,foreign,606,363600,600.0,derived,5
Jaffna,2022,foreign,669,401400,600.0,derived,6
Jaffna,2022,foreign,981,588600,600.0,derived,7
Jaffna,2022,foreign,924,554400,600.0,derived,8
Jaffna,2022,foreign,739,443400,600.0,derived,9
Jaffna,2022,foreign,799,479400,600.0,derived,10
Jaffna,2022,foreign,943,565800,600.0,derived,11
Jaffna,2022,foreign,1217,730200,600.0,derived,12
Jaffna,2022,local,1322,39660,30.0,derived,1
Jaffna,2022,local,1310,39300,30.0,derived,2
Jaffna,2022,local,1297,38910,30.0,derived,3
Jaffna,2022,local,1010,30300,30.0,derived,4
Jaffna,2022,local,843,25290,30.0,derived,5
Jaffna,2022,local,930,27900,30.0,derived,6
Jaffna,2022,local,1364,40920,30.0,derived,7
Jaffna,2022,local,1285,38550,30.0,derived,8
Jaffna,2022,local,1028,30840,30.0,derived,9
Jaffna,2022,local,1111,33330,30.0,derived,10
Jaffna,2022,local,1312,39360,30.0,derived,11
Jaffna,2022,local,1694,50820,30.0,derived,12
Jaffna,2023,foreign,926,555600,600.0,derived,1
Jaffna,2023,foreign,918,550800,600.0,derived,2
Jaffna,2023,foreign,909,545400,600.0,derived,3
Jaffna,2023,foreign,708,424800,600.0,derived,4
Jaffna,2023,foreign,591,354600,600.0,derived,5
Jaffna,2023,foreign,652,391200,600.0,derived,6
Jaffna,2023,foreign,956,573600,600.0,derived,7
Jaffna,2023,foreign,901,540600,600.0,derived,8
Jaffna,2023,foreign,721,432600,600.0,derived,9
Jaffna,2023,foreign,779,467400,600.0,derived,10
Jaffna,2023,foreign,920,552000,600.0,derived,11
Jaffna,2023,foreign,1187,712200,600.0,derived,12
Jaffna,2023,local,22240,667200,30.0,derived,1
Jaffna,2023,local,22039,661170,30.0,derived,2
Jaffna,2023,local,21821,654630,30.0,derived,3
Jaffna,2023,local,17003,510090,30.0,derived,4
Jaffna,2023,local,14185,425550,30.0,derived,5
Jaffna,2023,local,15656,469680,30.0,derived,6
Jaffna,2023,local,22958,688740,30.0,derived,7
Jaffna,2023,local,21623,648690,30.0,derived,8
Jaffna,2023,local,17303,519090,30.0,derived,9
Jaffna,2023,local,18697,560910,30.0,derived,10
Jaffna,2023,local,22080,662400,30.0,derived,11
Jaffna,2023,local,28501,855030,30.0,derived,12
Jaffna,2024,foreign,2674,1604400,600.0,derived,1
Jaffna,2024,foreign,2650,1590000,600.0,derived,2
Jaffna,2024,foreign,2624,1574400,600.0,derived,3
Jaffna,2024,foreign,2044,1226400,600.0,derived,4
Jaffna,2024,foreign,1705,1023000,600.0,derived,5
Jaffna,2024,foreign,1882,1129200,600.0,derived,6
Jaffna,2024,foreign,2760,1656000,600.0,derived,7
Jaffna,2024,foreign,2600,1560000,600.0,derived,8
Jaffna,2024,foreign,2080,1248000,600.0,derived,9
Jaffna,2024,foreign,2248,1348800,600.0,derived,10
Jaffna,2024,foreign,2655,1593000,600.0,derived,11
Jaffna,2024,foreign,3427,2056200,600.0,derived,12
Jaffna,2024,local,3728,111840,30.0,derived,1
Jaffna,2024,local,3694,110820,30.0,derived,2
Jaffna,2024,local,3657,109710,30.0,derived,3
Jaffna,2024,local,2850,85500,30.0,derived,4
Jaffna,2024,local,2377,71310,30.0,derived,5
Jaffna,2024,local,2624,78720,30.0,derived,6
Jaffna,2024,local,3848,115440,30.0,derived,7
Jaffna,2024,local,3624,108720,30.0,derived,8
Jaffna,2024,local,2900,87000,30.0,derived,9
Jaffna,2024,local,3134,94020,30.0,derived,10
Jaffna,2024,local,3701,111030,30.0,derived,11
Jaffna,2024,local,4777,143310,30.0,derived,12
Jaffna,2025,foreign,1322,793200,600.0,derived,1
Jaffna,2025,foreign,1310,786000,600.0,derived,2
Jaffna,2025,foreign,1297,778200,600.0,derived,3
Jaffna,2025,foreign,1010,606000,600.0,derived,4
Jaffna,2025,foreign,843,505800,600.0,derived,5
Jaffna,2025,foreign,930,558000,600.0,derived,6
Jaffna,2025,foreign,1365,819000,600.0,derived,7
Jaffna,2025,foreign,1285,771000,600.0,derived,8
Jaffna,2025,foreign,1028,616800,600.0,derived,9
Jaffna,2025,foreign,1111,666600,600.0,derived,10
Jaffna,2025,foreign,1312,787200,600.0,derived,11
Jaffna,2025,foreign,1694,1016400,600.0,derived,12
Jaffna,2025,local,21378,641340,30.0,derived,1
Jaffna,2025,local,21184,635520,30.0,derived,2
Jaffna,2025,local,20975,629250,30.0,derived,3
Jaffna,2025,local,16343,490290,30.0,derived,4
Jaffna,2025,local,13635,409050,30.0,derived,5
Jaffna,2025,local,15049,451470,30.0,derived,6
Jaffna,2025,local,22068,662040,30.0,derived,7
Jaffna,2025,local,20784,623520,30.0,derived,8
Jaffna,2025,local,16632,498960,30.0,derived,9
Jaffna,2025,local,17972,539160,30.0,derived,10
Jaffna,2025,local,21223,636690,30.0,derived,11
Jaffna,2025,local,27396,821880,30.0,derived,12
Kandy,2015,foreign,10667,22400700,2100.0,derived,1
Kandy,2015,foreign,10571,22199100,2100.0,derived,2
Kandy,2015,foreign,10466,21978600,2100.0,derived,3
Kandy,2015,foreign,8155,17125500,2100.0,derived,4
Kandy,2015,foreign,6804,14288400,2100.0,derived,5
Kandy,2015,foreign,7509,15768900,2100.0,derived,6
Kandy,2015,foreign,11012,23125200,2100.0,derived,7
Kandy,2015,foreign,10371,21779100,2100.0,derived,8
Kandy,2015,foreign,8299,17427900,2100.0,derived,9
Kandy,2015,foreign,8968,18832800,2100.0,derived,10
Kandy,2015,foreign,10590,22239000,2100.0,derived,11
Kandy,2015,foreign,13670,28707000,2100.0,derived,12
Kandy,2015,local,14735,736750,50.0,derived,1
Kandy,2015,local,14602,730100,50.0,derived,2
Kandy,2015,local,14458,722900,50.0,derived,3
Kandy,2015,local,11265,563250,50.0,derived,4
Kandy,2015,local,9399,469950,50.0,derived,5
Kandy,2015,local,10373,518650,50.0,derived,6
Kandy,2015,local,15211,760550,50.0,derived,7
Kandy,2015,local,14326,716300,50.0,derived,8
Kandy,2015,local,11464,573200,50.0,derived,9
Kandy,2015,local,12388,619400,50.0,derived,10
Kandy,2015,local,14629,731450,50.0,derived,11
Kandy,2015,local,18884,944200,50.0,derived,12
Kandy,2016,foreign,12313,25857300,2100.0,derived,1
Kandy,2016,foreign,12202,25624200,2100.0,derived,2
Kandy,2016,foreign,12081,25370100,2100.0,derived,3
Kandy,2016,foreign,9414,19769400,2100.0,derived,4
Kandy,2016,foreign,7854,16493400,2100.0,derived,5
Kandy,2016,foreign,8668,18202800,2100.0,derived,6
Kandy,2016,foreign,12711,26693100,2100.0,derived,7
Kandy,2016,foreign,11972,25141200,2100.0,derived,8
Kandy,2016,foreign,9580,20118000,2100.0,derived,9
Kandy,2016,foreign,10352,21739200,2100.0,derived,10
Kandy,2016,foreign,12224,25670400,2100.0,derived,11
Kandy,2016,foreign,15780,33138000,2100.0,derived,12
Kandy,2016,local,16849,842450,50.0,derived,1
Kandy,2016,local,16696,834800,50.0,derived,2
Kandy,2016,local,16531,826550,50.0,derived,3
Kandy,2016,local,12881,644050,50.0,derived,4
Kandy,2016,local,10747,537350,50.0,derived,5
Kandy,2016,local,11861,593050,50.0,derived,6
Kandy,2016,local,17393,869650,50.0,derived,7
Kandy,2016,local,16381,819050,50.0,derived,8
Kandy,2016,local,13108,655400,50.0,derived,9
Kandy,2016,local,14165,708250,50.0,derived,10
Kandy,2016,local,16727,836350,50.0,derived,11
Kandy,2016,local,21592,1079600,50.0,derived,12
Kandy,2017,foreign,12757,26789700,2100.0,derived,1
Kandy,2017,foreign,12641,26546100,2100.0,derived,2
Kandy,2017,foreign,12516,26283600,2100.0,derived,3
Kandy,2017,foreign,9753,20481300,2100.0,derived,4
Kandy,2017,foreign,8137,17087700,2100.0,derived,5
Kandy,2017,foreign,8980,18858000,2100.0,derived,6
Kandy,2017,foreign,13169,27654900,2100.0,derived,7
Kandy,2017,foreign,12403,26046300,2100.0,derived,8
Kandy,2017,foreign,9925,20842500,2100.0,derived,9
Kandy,2017,foreign,10725,22522500,2100.0,derived,10
Kandy,2017,foreign,12665,26596500,2100.0,derived,11
Kandy,2017,foreign,16348,34330800,2100.0,derived,12
Kandy,2017,local,17461,873050,50.0,derived,1
Kandy,2017,local,17303,865150,50.0,derived,2
Kandy,2017,local,17132,856600,50.0,derived,3
Kandy,2017,local,13349,667450,50.0,derived,4
Kandy,2017,local,11137,556850,50.0,derived,5
Kandy,2017,local,12292,614600,50.0,derived,6
Kandy,2017,local,18025,901250,50.0,derived,7
Kandy,2017,local,16976,848800,50.0,derived,8
Kandy,2017,local,13585,679250,50.0,derived,9
Kandy,2017,local,14679,733950,50.0,derived,10
Kandy,2017,local,17335,866750,50.0,derived,11
Kandy,2017,local,22376,1118800,50.0,derived,12
Kandy,2018,foreign,13839,29061900,2100.0,derived,1
Kandy,2018,foreign,13714,28799400,2100.0,derived,2
Kandy,2018,foreign,13578,28513800,2100.0,derived,3
Kandy,2018,foreign,10580,22218000,2100.0,derived,4
Kandy,2018,foreign,8827,18536700,2100.0,derived,5
Kandy,2018,foreign,9742,20458200,2100.0,derived,6
Kandy,2018,foreign,14286,30000600,2100.0,derived,7
Kandy,2018,foreign,13455,28255500,2100.0,derived,8
Kandy,2018,foreign,10766,22608600,2100.0,derived,9
Kandy,2018,foreign,11634,24431400,2100.0,derived,10
Kandy,2018,foreign,13739,28851900,2100.0,derived,11
Kandy,2018,foreign,17735,37243500,2100.0,derived,12
Kandy,2018,local,19203,960150,50.0,derived,1
Kandy,2018,local,19029,951450,50.0,derived,2
Kandy,2018,local,18841,942050,50.0,derived,3
Kandy,2018,local,14681,734050,50.0,derived,4
Kandy,2018,local,12248,612400,50.0,derived,5
Kandy,2018,local,13518,675900,50.0,derived,6
Kandy,2018,local,19823,991150,50.0,derived,7
Kandy,2018,local,18670,933500,50.0,derived,8
Kandy,2018,local,14940,747000,50.0,derived,9
Kandy,2018,local,16144,807200,50.0,derived,10
Kandy,2018,local,19065,953250,50.0,derived,11
Kandy,2018,local,24609,1230450,50.0,derived,12
Kandy,2019,foreign,11332,23797200,2100.0,derived,1
Kandy,2019,foreign,11229,23580900,2100.0,derived,2
Kandy,2019,foreign,11118,23347800,2100.0,derived,3
Kandy,2019,foreign,8663,18192300,2100.0,derived,4
Kandy,2019,foreign,7228,15178800,2100.0,derived,5
Kandy,2019,foreign,7977,16751700,2100.0,derived,6
Kandy,2019,foreign,11698,24565800,2100.0,derived,7
Kandy,2019,foreign,11017,23135700,2100.0,derived,8
Kandy,2019,foreign,8816,18513600,2100.0,derived,9
Kandy,2019,foreign,9527,20006700,2100.0,derived,10
Kandy,2019,foreign,11250,23625000,2100.0,derived,11
Kandy,2019,foreign,14522,30496200,2100.0,derived,12
Kandy,2019,local,16053,802650,50.0,derived,1
Kandy,2019,local,15908,795400,50.0,derived,2
Kandy,2019,local,15751,787550,50.0,derived,3
Kandy,2019,local,12273,613650,50.0,derived,4
Kandy,2019,local,10239,511950,50.0,derived,5
Kandy,2019,local,11301,565050,50.0,derived,6
Kandy,2019,local,16572,828600,50.0,derived,7
Kandy,2019,local,15608,780400,50.0,derived,8
Kandy,2019,local,12489,624450,50.0,derived,9
Kandy,2019,local,13496,674800,50.0,derived,10
Kandy,2019,local,15938,796900,50.0,derived,11
Kandy,2019,local,20573,1028650,50.0,derived,12
Kandy,2020,foreign,2961,6218100,2100.0,derived,1
Kandy,2020,foreign,2934,6161400,2100.0,derived,2
Kandy,2020,foreign,2905,6100500,2100.0,derived,3
Kandy,2020,foreign,2264,4754400,2100.0,derived,4
Kandy,2020,foreign,1889,3966900,2100.0,derived,5
Kandy,2020,foreign,2084,4376400,2100.0,derived,6
Kandy,2020,foreign,3057,6419700,2100.0,derived,7
Kandy,2020,foreign,2879,6045900,2100.0,derived,8
Kandy,2020,foreign,2304,4838400,2100.0,derived,9
Kandy,2020,foreign,2489,5226900,2100.0,derived,10
Kandy,2020,foreign,2940,6174000,2100.0,derived,11
Kandy,2020,foreign,3795,7969500,2100.0,derived,12
Kandy,2020,local,4192,209600,50.0,derived,1
Kandy,2020,local,4154,207700,50.0,derived,2
Kandy,2020,local,4113,205650,50.0,derived,3
Kandy,2020,local,3205,160250,50.0,derived,4
Kandy,2020,local,2674,133700,50.0,derived,5
Kandy,2020,local,2951,147550,50.0,derived,6
Kandy,2020,local,4328,216400,50.0,derived,7
Kandy,2020,local,4076,203800,50.0,derived,8
Kandy,2020,local,3261,163050,50.0,derived,9
Kandy,2020,local,3524,176200,50.0,derived,10
Kandy,2020,local,4162,208100,50.0,derived,11
Kandy,2020,local,5372,268600,50.0,derived,12
Kandy,2021,foreign,1133,2379300,2100.0,derived,1
Kandy,2021,foreign,1123,2358300,2100.0,derived,2
Kandy,2021,foreign,1111,2333100,2100.0,derived,3
Kandy,2021,foreign,866,1818600,2100.0,derived,4
Kandy,2021,foreign,722,1516200,2100.0,derived,5
Kandy,2021,foreign,797,1673700,2100.0,derived,6
Kandy,2021,foreign,1169,2454900,2100.0,derived,7
Kandy,2021,foreign,1101,2312100,2100.0,derived,8
Kandy,2021,foreign,881,1850100,2100.0,derived,9
Kandy,2021,foreign,952,1999200,2100.0,derived,10
Kandy,2021,foreign,1125,2362500,2100.0,derived,11
Kandy,2021,foreign,1452,3049200,2100.0,derived,12
Kandy,2021,local,1630,81500,50.0,derived,1
Kandy,2021,local,1615,80750,50.0,derived,2
Kandy,2021,local,1599,79950,50.0,derived,3
Kandy,2021,local,1246,62300,50.0,derived,4
Kandy,2021,local,1039,51950,50.0,derived,5
Kandy,2021,local,1147,57350,50.0,derived,6
Kandy,2021,local,1682,84100,50.0,derived,7
Kandy,2021,local,1584,79200,50.0,derived,8
Kandy,2021,local,1268,63400,50.0,derived,9
Kandy,2021,local,1370,68500,50.0,derived,10
Kandy,2021,local,1618,80900,50.0,derived,11
Kandy,2021,local,2088,104400,50.0,derived,12
Kandy,2022,foreign,4257,8939700,2100.0,derived,1
Kandy,2022,foreign,4219,8859900,2100.0,derived,2
Kandy,2022,foreign,4177,8771700,2100.0,derived,3
Kandy,2022,foreign,3255,6835500,2100.0,derived,4
Kandy,2022,foreign,2715,5701500,2100.0,derived,5
Kandy,2022,foreign,2997,6293700,2100.0,derived,6
Kandy,2022,foreign,4395,9229500,2100.0,derived,7
Kandy,2022,foreign,4139,8691900,2100.0,derived,8
Kandy,2022,foreign,3312,6955200,2100.0,derived,9
Kandy,2022,foreign,3579,7515900,2100.0,derived,10
Kandy,2022,foreign,4227,8876700,2100.0,derived,11
Kandy,2022,foreign,5456,11457600,2100.0,derived,12
Kandy,2022,local,5973,298650,50.0,derived,1
Kandy,2022,local,5919,295950,50.0,derived,2
Kandy,2022,local,5861,293050,50.0,derived,3
Kandy,2022,local,4566,228300,50.0,derived,4
Kandy,2022,local,3810,190500,50.0,derived,5
Kandy,2022,local,4205,210250,50.0,derived,6
Kandy,2022,local,6166,308300,50.0,derived,7
Kandy,2022,local,5807,290350,50.0,derived,8
Kandy,2022,local,4647,232350,50.0,derived,9
Kandy,2022,local,5022,251100,50.0,derived,10
Kandy,2022,local,5930,296500,50.0,derived,11
Kandy,2022,local,7655,382750,50.0,derived,12
Kandy,2023,foreign,483,1014300,2100.0,derived,1
Kandy,2023,foreign,479,1005900,2100.0,derived,2
Kandy,2023,foreign,474,995400,2100.0,derived,3
Kandy,2023,foreign,369,774900,2100.0,derived,4
Kandy,2023,foreign,308,646800,2100.0,derived,5
Kandy,2023,foreign,340,714000,2100.0,derived,6
Kandy,2023,foreign,499,1047900,2100.0,derived,7
Kandy,2023,foreign,470,987000,2100.0,derived,8
Kandy,2023,foreign,376,789600,2100.0,derived,9
Kandy,2023,foreign,406,852600,2100.0,derived,10
Kandy,2023,foreign,480,1008000,2100.0,derived,11
Kandy,2023,foreign,619,1299900,2100.0,derived,12
Kandy,2023,local,900,45000,50.0,derived,1
Kandy,2023,local,892,44600,50.0,derived,2
Kandy,2023,local,883,44150,50.0,derived,3
Kandy,2023,local,688,34400,50.0,derived,4
Kandy,2023,local,574,28700,50.0,derived,5
Kandy,2023,local,634,31700,50.0,derived,6
Kandy,2023,local,929,46450,50.0,derived,7
Kandy,2023,local,875,43750,50.0,derived,8
Kandy,2023,local,700,35000,50.0,derived,9
Kandy,2023,local,757,37850,50.0,derived,10
Kandy,2023,local,894,44700,50.0,derived,11
Kandy,2023,local,1154,57700,50.0,derived,12
Kandy,2024,foreign,12125,25462500,2100.0,derived,1
Kandy,2024,foreign,12015,25231500,2100.0,derived,2
Kandy,2024,foreign,11896,24981600,2100.0,derived,3
Kandy,2024,foreign,9269,19464900,2100.0,derived,4
Kandy,2024,foreign,7734,16241400,2100.0,derived,5
Kandy,2024,foreign,8535,17923500,2100.0,derived,6
Kandy,2024,foreign,12516,26283600,2100.0,derived,7
Kandy,2024,foreign,11788,24754800,2100.0,derived,8
Kandy,2024,foreign,9433,19809300,2100.0,derived,9
Kandy,2024,foreign,10193,21405300,2100.0,derived,10
Kandy,2024,foreign,12037,25277700,2100.0,derived,11
Kandy,2024,foreign,15538,32629800,2100.0,derived,12
Kandy,2024,local,17008,850400,50.0,derived,1
Kandy,2024,local,16854,842700,50.0,derived,2
Kandy,2024,local,16688,834400,50.0,derived,3
Kandy,2024,local,13003,650150,50.0,derived,4
Kandy,2024,local,10848,542400,50.0,derived,5
Kandy,2024,local,11973,598650,50.0,derived,6
Kandy,2024,local,17557,877850,50.0,derived,7
Kandy,2024,local,16536,826800,50.0,derived,8
Kandy,2024,local,13232,661600,50.0,derived,9
Kandy,2024,local,14299,714950,50.0,derived,10
Kandy,2024,local,16886,844300,50.0,derived,11
Kandy,2024,local,21796,1089800,50.0,derived,12
Kandy,2025,foreign,3542,7438200,2100.0,derived,1
Kandy,2025,foreign,3510,7371000,2100.0,derived,2
Kandy,2025,foreign,3475,7297500,2100.0,derived,3
Kandy,2025,foreign,2708,5686800,2100.0,derived,4
Kandy,2025,foreign,2259,4743900,2100.0,derived,5
Kandy,2025,foreign,2493,5235300,2100.0,derived,6
Kandy,2025,foreign,3656,7677600,2100.0,derived,7
Kandy,2025,foreign,3444,7232400,2100.0,derived,8
Kandy,2025,foreign,2755,5785500,2100.0,derived,9
Kandy,2025,foreign,2978,6253800,2100.0,derived,10
Kandy,2025,foreign,3516,7383600,2100.0,derived,11
Kandy,2025,foreign,4539,9531900,2100.0,derived,12
Kandy,2025,local,1859,92950,50.0,derived,1
Kandy,2025,local,1842,92100,50.0,derived,2
Kandy,2025,local,1824,91200,50.0,derived,3
Kandy,2025,local,1421,71050,50.0,derived,4
Kandy,2025,local,1185,59250,50.0,derived,5
Kandy,2025,local,1308,65400,50.0,derived,6
Kandy,2025,local,1919,95950,50.0,derived,7
Kandy,2025,local,1807,90350,50.0,derived,8
Kandy,2025,local,1446,72300,50.0,derived,9
Kandy,2025,local,1563,78150,50.0,derived,10
Kandy,2025,local,1845,92250,50.0,derived,11
Kandy,2025,local,2382,119100,50.0,derived,12
Mirissa,2015,foreign,6627,39762000,6000.0,derived,1
Mirissa,2015,foreign,6627,39762000,6000.0,derived,2
Mirissa,2015,foreign,5608,33648000,6000.0,derived,3
Mirissa,2015,foreign,3568,21408000,6000.0,derived,4
Mirissa,2015,foreign,1529,9174000,6000.0,derived,5
Mirissa,2015,foreign,1019,6114000,6000.0,derived,6
Mirissa,2015,foreign,2039,12234000,6000.0,derived,7
Mirissa,2015,foreign,2039,12234000,6000.0,derived,8
Mirissa,2015,foreign,2549,15294000,6000.0,derived,9
Mirissa,2015,foreign,3058,18348000,6000.0,derived,10
Mirissa,2015,foreign,6117,36702000,6000.0,derived,11
Mirissa,2015,foreign,8157,48942000,6000.0,derived,12
Mirissa,2015,local,9351,1870200,200.0,derived,1
Mirissa,2015,local,9351,1870200,200.0,derived,2
Mirissa,2015,local,7912,1582400,200.0,derived,3
Mirissa,2015,local,5035,1007000,200.0,derived,4
Mirissa,2015,local,2158,431600,200.0,derived,5
Mirissa,2015,local,1438,287600,200.0,derived,6
Mirissa,2015,local,2877,575400,200.0,derived,7
Mirissa,2015,local,2877,575400,200.0,derived,8
Mirissa,2015,local,3596,719200,200.0,derived,9
Mirissa,2015,local,4316,863200,200.0,derived,10
Mirissa,2015,local,8632,1726400,200.0,derived,11
Mirissa,2015,local,11509,2301800,200.0,derived,12
Mirissa,2016,foreign,7734,46404000,6000.0,derived,1
Mirissa,2016,foreign,7734,46404000,6000.0,derived,2
Mirissa,2016,foreign,6544,39264000,6000.0,derived,3
Mirissa,2016,foreign,4164,24984000,6000.0,derived,4
Mirissa,2016,foreign,1784,10704000,6000.0,derived,5
Mirissa,2016,foreign,1189,7134000,6000.0,derived,6
Mirissa,2016,foreign,2379,14274000,6000.0,derived,7
Mirissa,2016,foreign,2379,14274000,6000.0,derived,8
Mirissa,2016,foreign,2974,17844000,6000.0,derived,9
Mirissa,2016,foreign,3569,21414000,6000.0,derived,10
Mirissa,2016,foreign,7139,42834000,6000.0,derived,11
Mirissa,2016,foreign,9519,57114000,6000.0,derived,12
Mirissa,2016,local,10593,2118600,200.0,derived,1
Mirissa,2016,local,10593,2118600,200.0,derived,2
Mirissa,2016,local,8963,1792600,200.0,derived,3
Mirissa,2016,local,5703,1140600,200.0,derived,4
Mirissa,2016,local,2444,488800,200.0,derived,5
Mirissa,2016,local,1629,325800,200.0,derived,6
Mirissa,2016,local,3259,651800,200.0,derived,7
Mirissa,2016,local,3259,651800,200.0,derived,8
Mirissa,2016,local,4074,814800,200.0,derived,9
Mirissa,2016,local,4889,977800,200.0,derived,10
Mirissa,2016,local,9778,1955600,200.0,derived,11
Mirissa,2016,local,13037,2607400,200.0,derived,12
Mirissa,2017,foreign,7863,47178000,6000.0,derived,1
Mirissa,2017,foreign,7863,47178000,6000.0,derived,2
Mirissa,2017,foreign,6653,39918000,6000.0,derived,3
Mirissa,2017,foreign,4234,25404000,6000.0,derived,4
Mirissa,2017,foreign,1814,10884000,6000.0,derived,5
Mirissa,2017,foreign,1209,7254000,6000.0,derived,6
Mirissa,2017,foreign,2419,14514000,6000.0,derived,7
Mirissa,2017,foreign,2419,14514000,6000.0,derived,8
Mirissa,2017,foreign,3024,18144000,6000.0,derived,9
Mirissa,2017,foreign,3629,21774000,6000.0,derived,10
Mirissa,2017,foreign,7258,43548000,6000.0,derived,11
Mirissa,2017,foreign,9678,58068000,6000.0,derived,12
Mirissa,2017,local,10824,2164800,200.0,derived,1
Mirissa,2017,local,10824,2164800,200.0,derived,2
Mirissa,2017,local,9159,1831800,200.0,derived,3
Mirissa,2017,local,5828,1165600,200.0,derived,4
Mirissa,2017,local,2497,499400,200.0,derived,5
Mirissa,2017,local,1665,333000,200.0,derived,6
Mirissa,2017,local,3330,666000,200.0,derived,7
Mirissa,2017,local,3330,666000,200.0,derived,8
Mirissa,2017,local,4163,832600,200.0,derived,9
Mirissa,2017,local,4995,999000,200.0,derived,10
Mirissa,2017,local,9991,1998200,200.0,derived,11
Mirissa,2017,local,13322,2664400,200.0,derived,12
Mirissa,2018,foreign,8662,51972000,6000.0,derived,1
Mirissa,2018,foreign,8662,51972000,6000.0,derived,2
Mirissa,2018,foreign,7330,43980000,6000.0,derived,3
Mirissa,2018,foreign,4664,27984000,6000.0,derived,4
Mirissa,2018,foreign,1999,11994000,6000.0,derived,5
Mirissa,2018,foreign,1332,7992000,6000.0,derived,6
Mirissa,2018,foreign,2665,15990000,6000.0,derived,7
Mirissa,2018,foreign,2665,15990000,6000.0,derived,8
Mirissa,2018,foreign,3331,19986000,6000.0,derived,9
Mirissa,2018,foreign,3998,23988000,6000.0,derived,10
Mirissa,2018,foreign,7996,47976000,6000.0,derived,11
Mirissa,2018,foreign,10661,63966000,6000.0,derived,12
Mirissa,2018,local,12006,2401200,200.0,derived,1
Mirissa,2018,local,12006,2401200,200.0,derived,2
Mirissa,2018,local,10159,2031800,200.0,derived,3
Mirissa,2018,local,6465,1293000,200.0,derived,4
Mirissa,2018,local,2770,554000,200.0,derived,5
Mirissa,2018,local,1847,369400,200.0,derived,6
Mirissa,2018,local,3694,738800,200.0,derived,7
Mirissa,2018,local,3694,738800,200.0,derived,8
Mirissa,2018,local,4617,923400,200.0,derived,9
Mirissa,2018,local,5541,1108200,200.0,derived,10
Mirissa,2018,local,11083,2216600,200.0,derived,11
Mirissa,2018,local,14777,2955400,200.0,derived,12
Mirissa,2019,foreign,7100,42600000,6000.0,derived,1
Mirissa,2019,foreign,7100,42600000,6000.0,derived,2
Mirissa,2019,foreign,6008,36048000,6000.0,derived,3
Mirissa,2019,foreign,3823,22938000,6000.0,derived,4
Mirissa,2019,foreign,1638,9828000,6000.0,derived,5
Mirissa,2019,foreign,1092,6552000,6000.0,derived,6
Mirissa,2019,foreign,2184,13104000,6000.0,derived,7
Mirissa,2019,foreign,2184,13104000,6000.0,derived,8
Mirissa,2019,foreign,2731,16386000,6000.0,derived,9
Mirissa,2019,foreign,3277,19662000,6000.0,derived,10
Mirissa,2019,foreign,6554,39324000,6000.0,derived,11
Mirissa,2019,foreign,8739,52434000,6000.0,derived,12
Mirissa,2019,local,9899,1979800,200.0,derived,1
Mirissa,2019,local,9899,1979800,200.0,derived,2
Mirissa,2019,local,8376,1675200,200.0,derived,3
Mirissa,2019,local,5330,1066000,200.0,derived,4
Mirissa,2019,local,2284,456800,200.0,derived,5
Mirissa,2019,local,1522,304400,200.0,derived,6
Mirissa,2019,local,3045,609000,200.0,derived,7
Mirissa,2019,local,3045,609000,200.0,derived,8
Mirissa,2019,local,3807,761400,200.0,derived,9
Mirissa,2019,local,4568,913600,200.0,derived,10
Mirissa,2019,local,9137,1827400,200.0,derived,11
Mirissa,2019,local,12183,2436600,200.0,derived,12
Mirissa,2020,foreign,1861,11166000,6000.0,derived,1
Mirissa,2020,foreign,1861,11166000,6000.0,derived,2
Mirissa,2020,foreign,1574,9444000,6000.0,derived,3
Mirissa,2020,foreign,1002,6012000,6000.0,derived,4
Mirissa,2020,foreign,429,2574000,6000.0,derived,5
Mirissa,2020,foreign,286,1716000,6000.0,derived,6
Mirissa,2020,foreign,572,3432000,6000.0,derived,7
Mirissa,2020,foreign,572,3432000,6000.0,derived,8
Mirissa,2020,foreign,715,4290000,6000.0,derived,9
Mirissa,2020,foreign,859,5154000,6000.0,derived,10
Mirissa,2020,foreign,1718,10308000,6000.0,derived,11
Mirissa,2020,foreign,2290,13740000,6000.0,derived,12
Mirissa,2020,local,2670,534000,200.0,derived,1
Mirissa,2020,local,2670,534000,200.0,derived,2
Mirissa,2020,local,2259,451800,200.0,derived,3
Mirissa,2020,local,1437,287400,200.0,derived,4
Mirissa,2020,local,616,123200,200.0,derived,5
Mirissa,2020,local,410,82000,200.0,derived,6
Mirissa,2020,local,821,164200,200.0,derived,7
Mirissa,2020,local,821,164200,200.0,derived,8
Mirissa,2020,local,1026,205200,200.0,derived,9
Mirissa,2020,local,1232,246400,200.0,derived,10
Mirissa,2020,local,2464,492800,200.0,derived,11
Mirissa,2020,local,3286,657200,200.0,derived,12
Mirissa,2021,foreign,727,4362000,6000.0,derived,1
Mirissa,2021,foreign,727,4362000,6000.0,derived,2
Mirissa,2021,foreign,615,3690000,6000.0,derived,3
Mirissa,2021,foreign,391,2346000,6000.0,derived,4
Mirissa,2021,foreign,167,1002000,6000.0,derived,5
Mirissa,2021,foreign,111,666000,6000.0,derived,6
Mirissa,2021,foreign,223,1338000,6000.0,derived,7
Mirissa,2021,foreign,223,1338000,6000.0,derived,8
Mirissa,2021,foreign,279,1674000,6000.0,derived,9
Mirissa,2021,foreign,335,2010000,6000.0,derived,10
Mirissa,2021,foreign,671,4026000,6000.0,derived,11
Mirissa,2021,foreign,895,5370000,6000.0,derived,12
Mirissa,2021,local,1003,200600,200.0,derived,1
Mirissa,2021,local,1003,200600,200.0,derived,2
Mirissa,2021,local,849,169800,200.0,derived,3
Mirissa,2021,local,540,108000,200.0,derived,4
Mirissa,2021,local,231,46200,200.0,derived,5
Mirissa,2021,local,154,30800,200.0,derived,6
Mirissa,2021,local,308,61600,200.0,derived,7
Mirissa,2021,local,308,61600,200.0,derived,8
Mirissa,2021,local,386,77200,200.0,derived,9
Mirissa,2021,local,463,92600,200.0,derived,10
Mirissa,2021,local,926,185200,200.0,derived,11
Mirissa,2021,local,1235,247000,200.0,derived,12
Mirissa,2022,foreign,2642,15852000,6000.0,derived,1
Mirissa,2022,foreign,2642,15852000,6000.0,derived,2
Mirissa,2022,foreign,2236,13416000,6000.0,derived,3
Mirissa,2022,foreign,1422,8532000,6000.0,derived,4
Mirissa,2022,foreign,609,3654000,6000.0,derived,5
Mirissa,2022,foreign,406,2436000,6000.0,derived,6
Mirissa,2022,foreign,813,4878000,6000.0,derived,7
Mirissa,2022,foreign,813,4878000,6000.0,derived,8
Mirissa,2022,foreign,1016,6096000,6000.0,derived,9
Mirissa,2022,foreign,1219,7314000,6000.0,derived,10
Mirissa,2022,foreign,2439,14634000,6000.0,derived,11
Mirissa,2022,foreign,3252,19512000,6000.0,derived,12
Mirissa,2022,local,3735,747000,200.0,derived,1
Mirissa,2022,local,3735,747000,200.0,derived,2
Mirissa,2022,local,3161,632200,200.0,derived,3
Mirissa,2022,local,2011,402200,200.0,derived,4
Mirissa,2022,local,862,172400,200.0,derived,5
Mirissa,2022,local,574,114800,200.0,derived,6
Mirissa,2022,local,1149,229800,200.0,derived,7
Mirissa,2022,local,1149,229800,200.0,derived,8
Mirissa,2022,local,1436,287200,200.0,derived,9
Mirissa,2022,local,1724,344800,200.0,derived,10
Mirissa,2022,local,3448,689600,200.0,derived,11
Mirissa,2022,local,4598,919600,200.0,derived,12
Mirissa,2023,foreign,5484,32904000,6000.0,derived,1
Mirissa,2023,foreign,5484,32904000,6000.0,derived,2
Mirissa,2023,foreign,4640,27840000,6000.0,derived,3
Mirissa,2023,foreign,2953,17718000,6000.0,derived,4
Mirissa,2023,foreign,1265,7590000,6000.0,derived,5
Mirissa,2023,foreign,843,5058000,6000.0,derived,6
Mirissa,2023,foreign,1687,10122000,6000.0,derived,7
Mirissa,2023,foreign,1687,10122000,6000.0,derived,8
Mirissa,2023,foreign,2109,12654000,6000.0,derived,9
Mirissa,2023,foreign,2531,15186000,6000.0,derived,10
Mirissa,2023,foreign,5062,30372000,6000.0,derived,11
Mirissa,2023,foreign,6749,40494000,6000.0,derived,12
Mirissa,2023,local,7668,1533600,200.0,derived,1
Mirissa,2023,local,7668,1533600,200.0,derived,2
Mirissa,2023,local,6488,1297600,200.0,derived,3
Mirissa,2023,local,4129,825800,200.0,derived,4
Mirissa,2023,local,1769,353800,200.0,derived,5
Mirissa,2023,local,1179,235800,200.0,derived,6
Mirissa,2023,local,2359,471800,200.0,derived,7
Mirissa,2023,local,2359,471800,200.0,derived,8
Mirissa,2023,local,2949,589800,200.0,derived,9
Mirissa,2023,local,3539,707800,200.0,derived,10
Mirissa,2023,local,7078,1415600,200.0,derived,11
Mirissa,2023,local,9438,1887600,200.0,derived,12
Mirissa,2024,foreign,7718,46308000,6000.0,derived,1
Mirissa,2024,foreign,7718,46308000,6000.0,derived,2
Mirissa,2024,foreign,6531,39186000,6000.0,derived,3
Mirissa,2024,foreign,4156,24936000,6000.0,derived,4
Mirissa,2024,foreign,1781,10686000,6000.0,derived,5
Mirissa,2024,foreign,1187,7122000,6000.0,derived,6
Mirissa,2024,foreign,2375,14250000,6000.0,derived,7
Mirissa,2024,foreign,2375,14250000,6000.0,derived,8
Mirissa,2024,foreign,2968,17808000,6000.0,derived,9
Mirissa,2024,foreign,3562,21372000,6000.0,derived,10
Mirissa,2024,foreign,7125,42750000,6000.0,derived,11
Mirissa,2024,foreign,9500,57000000,6000.0,derived,12
Mirissa,2024,local,10672,2134400,200.0,derived,1
Mirissa,2024,local,10672,2134400,200.0,derived,2
Mirissa,2024,local,9030,1806000,200.0,derived,3
Mirissa,2024,local,5746,1149200,200.0,derived,4
Mirissa,2024,local,2462,492400,200.0,derived,5
Mirissa,2024,local,1641,328200,200.0,derived,6
Mirissa,2024,local,3283,656600,200.0,derived,7
Mirissa,2024,local,3283,656600,200.0,derived,8
Mirissa,2024,local,4104,820800,200.0,derived,9
Mirissa,2024,local,4925,985000,200.0,derived,10
Mirissa,2024,local,9851,1970200,200.0,derived,11
Mirissa,2024,local,13135,2627000,200.0,derived,12
Mirissa,2025,foreign,8971,53826000,6000.0,derived,1
Mirissa,2025,foreign,8971,53826000,6000.0,derived,2
Mirissa,2025,foreign,7591,45546000,6000.0,derived,3
Mirissa,2025,foreign,4830,28980000,6000.0,derived,4
Mirissa,2025,foreign,2070,12420000,6000.0,derived,5
Mirissa,2025,foreign,1380,8280000,6000.0,derived,6
Mirissa,2025,foreign,2760,16560000,6000.0,derived,7
Mirissa,2025,foreign,2760,16560000,6000.0,derived,8
Mirissa,2025,foreign,3450,20700000,6000.0,derived,9
Mirissa,2025,foreign,4140,24840000,6000.0,derived,10
Mirissa,2025,foreign,8281,49686000,6000.0,derived,11
Mirissa,2025,foreign,11041,66246000,6000.0,derived,12
Mirissa,2025,local,12479,2495800,200.0,derived,1
Mirissa,2025,local,12479,2495800,200.0,derived,2
Mirissa,2025,local,10559,2111800,200.0,derived,3
Mirissa,2025,local,6719,1343800,200.0,derived,4
Mirissa,2025,local,2879,575800,200.0,derived,5
Mirissa,2025,local,1919,383800,200.0,derived,6
Mirissa,2025,local,3839,767800,200.0,derived,7
Mirissa,2025,local,3839,767800,200.0,derived,8
Mirissa,2025,local,4799,959800,200.0,derived,9
Mirissa,2025,local,5759,1151800,200.0,derived,10
Mirissa,2025,local,11519,2303800,200.0,derived,11
Mirissa,2025,local,15359,3071800,200.0,derived,12
Negombo,2015,foreign,2981,1788600,600.0,derived,1
Negombo,2015,foreign,2954,1772400,600.0,derived,2
Negombo,2015,foreign,2925,1755000,600.0,derived,3
Negombo,2015,foreign,2279,1367400,600.0,derived,4
Negombo,2015,foreign,1901,1140600,600.0,derived,5
Negombo,2015,foreign,2099,1259400,600.0,derived,6
Negombo,2015,foreign,3078,1846800,600.0,derived,7
Negombo,2015,foreign,2899,1739400,600.0,derived,8
Negombo,2015,foreign,2319,1391400,600.0,derived,9
Negombo,2015,foreign,2506,1503600,600.0,derived,10
Negombo,2015,foreign,2960,1776000,600.0,derived,11
Negombo,2015,foreign,3821,2292600,600.0,derived,12
Negombo,2015,local,4160,124800,30.0,derived,1
Negombo,2015,local,4123,123690,30.0,derived,2
Negombo,2015,local,4082,122460,30.0,derived,3
Negombo,2015,local,3180,95400,30.0,derived,4
Negombo,2015,local,2653,79590,30.0,derived,5
Negombo,2015,local,2929,87870,30.0,derived,6
Negombo,2015,local,4295,128850,30.0,derived,7
Negombo,2015,local,4045,121350,30.0,derived,8
Negombo,2015,local,3237,97110,30.0,derived,9
Negombo,2015,local,3498,104940,30.0,derived,10
Negombo,2015,local,4130,123900,30.0,derived,11
Negombo,2015,local,5332,159960,30.0,derived,12
Negombo,2016,foreign,3359,2015400,600.0,derived,1
Negombo,2016,foreign,3329,1997400,600.0,derived,2
Negombo,2016,foreign,3296,1977600,600.0,derived,3
Negombo,2016,foreign,2568,1540800,600.0,derived,4
Negombo,2016,foreign,2142,1285200,600.0,derived,5
Negombo,2016,foreign,2365,1419000,600.0,derived,6
Negombo,2016,foreign,3467,2080200,600.0,derived,7
Negombo,2016,foreign,3266,1959600,600.0,derived,8
Negombo,2016,foreign,2613,1567800,600.0,derived,9
Negombo,2016,foreign,2824,1694400,600.0,derived,10
Negombo,2016,foreign,3335,2001000,600.0,derived,11
Negombo,2016,foreign,4305,2583000,600.0,derived,12
Negombo,2016,local,4660,139800,30.0,derived,1
Negombo,2016,local,4617,138510,30.0,derived,2
Negombo,2016,local,4572,137160,30.0,derived,3
Negombo,2016,local,3562,106860,30.0,derived,4
Negombo,2016,local,2972,89160,30.0,derived,5
Negombo,2016,local,3280,98400,30.0,derived,6
Negombo,2016,local,4810,144300,30.0,derived,7
Negombo,2016,local,4530,135900,30.0,derived,8
Negombo,2016,local,3625,108750,30.0,derived,9
Negombo,2016,local,3917,117510,30.0,derived,10
Negombo,2016,local,4626,138780,30.0,derived,11
Negombo,2016,local,5971,179130,30.0,derived,12
Negombo,2017,foreign,3479,2087400,600.0,derived,1
Negombo,2017,foreign,3448,2068800,600.0,derived,2
Negombo,2017,foreign,3414,2048400,600.0,derived,3
Negombo,2017,foreign,2660,1596000,600.0,derived,4
Negombo,2017,foreign,2219,1331400,600.0,derived,5
Negombo,2017,foreign,2449,1469400,600.0,derived,6
Negombo,2017,foreign,3591,2154600,600.0,derived,7
Negombo,2017,foreign,3383,2029800,600.0,derived,8
Negombo,2017,foreign,2707,1624200,600.0,derived,9
Negombo,2017,foreign,2925,1755000,600.0,derived,10
Negombo,2017,foreign,3454,2072400,600.0,derived,11
Negombo,2017,foreign,4459,2675400,600.0,derived,12
Negombo,2017,local,4928,147840,30.0,derived,1
Negombo,2017,local,4883,146490,30.0,derived,2
Negombo,2017,local,4835,145050,30.0,derived,3
Negombo,2017,local,3767,113010,30.0,derived,4
Negombo,2017,local,3143,94290,30.0,derived,5
Negombo,2017,local,3469,104070,30.0,derived,6
Negombo,2017,local,5087,152610,30.0,derived,7
Negombo,2017,local,4791,143730,30.0,derived,8
Negombo,2017,local,3834,115020,30.0,derived,9
Negombo,2017,local,4143,124290,30.0,derived,10
Negombo,2017,local,4892,146760,30.0,derived,11
Negombo,2017,local,6315,189450,30.0,derived,12
Negombo,2018,foreign,3783,2269800,600.0,derived,1
Negombo,2018,foreign,3749,2249400,600.0,derived,2
Negombo,2018,foreign,3712,2227200,600.0,derived,3
Negombo,2018,foreign,2892,1735200,600.0,derived,4
Negombo,2018,foreign,2413,1447800,600.0,derived,5
Negombo,2018,foreign,2663,1597800,600.0,derived,6
Negombo,2018,foreign,3906,2343600,600.0,derived,7
Negombo,2018,foreign,3678,2206800,600.0,derived,8
Negombo,2018,foreign,2943,1765800,600.0,derived,9
Negombo,2018,foreign,3181,1908600,600.0,derived,10
Negombo,2018,foreign,3756,2253600,600.0,derived,11
Negombo,2018,foreign,4849,2909400,600.0,derived,12
Negombo,2018,local,5408,162240,30.0,derived,1
Negombo,2018,local,5359,160770,30.0,derived,2
Negombo,2018,local,5306,159180,30.0,derived,3
Negombo,2018,local,4134,124020,30.0,derived,4
Negombo,2018,local,3449,103470,30.0,derived,5
Negombo,2018,local,3807,114210,30.0,derived,6
Negombo,2018,local,5582,167460,30.0,derived,7
Negombo,2018,local,5257,157710,30.0,derived,8
Negombo,2018,local,4207,126210,30.0,derived,9
Negombo,2018,local,4546,136380,30.0,derived,10
Negombo,2018,local,5368,161040,30.0,derived,11
Negombo,2018,local,6930,207900,30.0,derived,12
Negombo,2019,foreign,3124,1874400,600.0,derived,1
Negombo,2019,foreign,3096,1857600,600.0,derived,2
Negombo,2019,foreign,3065,1839000,600.0,derived,3
Negombo,2019,foreign,2388,1432800,600.0,derived,4
Negombo,2019,foreign,1993,1195800,600.0,derived,5
Negombo,2019,foreign,2199,1319400,600.0,derived,6
Negombo,2019,foreign,3225,1935000,600.0,derived,7
Negombo,2019,foreign,3038,1822800,600.0,derived,8
Negombo,2019,foreign,2431,1458600,600.0,derived,9
Negombo,2019,foreign,2626,1575600,600.0,derived,10
Negombo,2019,foreign,3102,1861200,600.0,derived,11
Negombo,2019,foreign,4004,2402400,600.0,derived,12
Negombo,2019,local,4385,131550,30.0,derived,1
Negombo,2019,local,4346,130380,30.0,derived,2
Negombo,2019,local,4303,129090,30.0,derived,3
Negombo,2019,local,3353,100590,30.0,derived,4
Negombo,2019,local,2797,83910,30.0,derived,5
Negombo,2019,local,3087,92610,30.0,derived,6
Negombo,2019,local,4527,135810,30.0,derived,7
Negombo,2019,local,4264,127920,30.0,derived,8
Negombo,2019,local,3412,102360,30.0,derived,9
Negombo,2019,local,3687,110610,30.0,derived,10
Negombo,2019,local,4354,130620,30.0,derived,11
Negombo,2019,local,5620,168600,30.0,derived,12
Negombo,2020,foreign,838,502800,600.0,derived,1
Negombo,2020,foreign,830,498000,600.0,derived,2
Negombo,2020,foreign,822,493200,600.0,derived,3
Negombo,2020,foreign,641,384600,600.0,derived,4
Negombo,2020,foreign,534,320400,600.0,derived,5
Negombo,2020,foreign,590,354000,600.0,derived,6
Negombo,2020,foreign,865,519000,600.0,derived,7
Negombo,2020,foreign,815,489000,600.0,derived,8
Negombo,2020,foreign,652,391200,600.0,derived,9
Negombo,2020,foreign,704,422400,600.0,derived,10
Negombo,2020,foreign,832,499200,600.0,derived,11
Negombo,2020,foreign,1074,644400,600.0,derived,12
Negombo,2020,local,1166,34980,30.0,derived,1
Negombo,2020,local,1155,34650,30.0,derived,2
Negombo,2020,local,1144,34320,30.0,derived,3
Negombo,2020,local,891,26730,30.0,derived,4
Negombo,2020,local,744,22320,30.0,derived,5
Negombo,2020,local,821,24630,30.0,derived,6
Negombo,2020,local,1204,36120,30.0,derived,7
Negombo,2020,local,1134,34020,30.0,derived,8
Negombo,2020,local,907,27210,30.0,derived,9
Negombo,2020,local,980,29400,30.0,derived,10
Negombo,2020,local,1158,34740,30.0,derived,11
Negombo,2020,local,1494,44820,30.0,derived,12
Negombo,2021,foreign,317,190200,600.0,derived,1
Negombo,2021,foreign,315,189000,600.0,derived,2
Negombo,2021,foreign,311,186600,600.0,derived,3
Negombo,2021,foreign,243,145800,600.0,derived,4
Negombo,2021,foreign,202,121200,600.0,derived,5
Negombo,2021,foreign,223,133800,600.0,derived,6
Negombo,2021,foreign,328,196800,600.0,derived,7
Negombo,2021,foreign,309,185400,600.0,derived,8
Negombo,2021,foreign,247,148200,600.0,derived,9
Negombo,2021,foreign,267,160200,600.0,derived,10
Negombo,2021,foreign,315,189000,600.0,derived,11
Negombo,2021,foreign,407,244200,600.0,derived,12
Negombo,2021,local,441,13230,30.0,derived,1
Negombo,2021,local,437,13110,30.0,derived,2
Negombo,2021,local,433,12990,30.0,derived,3
Negombo,2021,local,337,10110,30.0,derived,4
Negombo,2021,local,281,8430,30.0,derived,5
Negombo,2021,local,310,9300,30.0,derived,6
Negombo,2021,local,455,13650,30.0,derived,7
Negombo,2021,local,429,12870,30.0,derived,8
Negombo,2021,local,343,10290,30.0,derived,9
Negombo,2021,local,371,11130,30.0,derived,10
Negombo,2021,local,438,13140,30.0,derived,11
Negombo,2021,local,566,16980,30.0,derived,12
Negombo,2022,foreign,1187,712200,600.0,derived,1
Negombo,2022,foreign,1176,705600,600.0,derived,2
Negombo,2022,foreign,1165,699000,600.0,derived,3
Negombo,2022,foreign,907,544200,600.0,derived,4
Negombo,2022,foreign,757,454200,600.0,derived,5
Negombo,2022,foreign,836,501600,600.0,derived,6
Negombo,2022,foreign,1225,735000,600.0,derived,7
Negombo,2022,foreign,1154,692400,600.0,derived,8
Negombo,2022,foreign,923,553800,600.0,derived,9
Negombo,2022,foreign,998,598800,600.0,derived,10
Negombo,2022,foreign,1179,707400,600.0,derived,11
Negombo,2022,foreign,1521,912600,600.0,derived,12
Negombo,2022,local,1653,49590,30.0,derived,1
Negombo,2022,local,1638,49140,30.0,derived,2
Negombo,2022,local,1622,48660,30.0,derived,3
Negombo,2022,local,1263,37890,30.0,derived,4
Negombo,2022,local,1054,31620,30.0,derived,5
Negombo,2022,local,1163,34890,30.0,derived,6
Negombo,2022,local,1706,51180,30.0,derived,7
Negombo,2022,local,1607,48210,30.0,derived,8
Negombo,2022,local,1286,38580,30.0,derived,9
Negombo,2022,local,1389,41670,30.0,derived,10
Negombo,2022,local,1641,49230,30.0,derived,11
Negombo,2022,local,2118,63540,30.0,derived,12
Negombo,2023,foreign,2474,1484400,600.0,derived,1
Negombo,2023,foreign,2452,1471200,600.0,derived,2
Negombo,2023,foreign,2428,1456800,600.0,derived,3
Negombo,2023,foreign,1892,1135200,600.0,derived,4
Negombo,2023,foreign,1578,946800,600.0,derived,5
Negombo,2023,foreign,1742,1045200,600.0,derived,6
Negombo,2023,foreign,2554,1532400,600.0,derived,7
Negombo,2023,foreign,2406,1443600,600.0,derived,8
Negombo,2023,foreign,1925,1155000,600.0,derived,9
Negombo,2023,foreign,2080,1248000,600.0,derived,10
Negombo,2023,foreign,2457,1474200,600.0,derived,11
Negombo,2023,foreign,3171,1902600,600.0,derived,12
Negombo,2023,local,3403,102090,30.0,derived,1
Negombo,2023,local,3372,101160,30.0,derived,2
Negombo,2023,local,3339,100170,30.0,derived,3
Negombo,2023,local,2601,78030,30.0,derived,4
Negombo,2023,local,2170,65100,30.0,derived,5
Negombo,2023,local,2395,71850,30.0,derived,6
Negombo,2023,local,3513,105390,30.0,derived,7
Negombo,2023,local,3308,99240,30.0,derived,8
Negombo,2023,local,2647,79410,30.0,derived,9
Negombo,2023,local,2861,85830,30.0,derived,10
Negombo,2023,local,3378,101340,30.0,derived,11
Negombo,2023,local,4361,130830,30.0,derived,12
Negombo,2024,foreign,3341,2004600,600.0,derived,1
Negombo,2024,foreign,3311,1986600,600.0,derived,2
Negombo,2024,foreign,3278,1966800,600.0,derived,3
Negombo,2024,foreign,2554,1532400,600.0,derived,4
Negombo,2024,foreign,2131,1278600,600.0,derived,5
Negombo,2024,foreign,2352,1411200,600.0,derived,6
Negombo,2024,foreign,3449,2069400,600.0,derived,7
Negombo,2024,foreign,3248,1948800,600.0,derived,8
Negombo,2024,foreign,2599,1559400,600.0,derived,9
Negombo,2024,foreign,2809,1685400,600.0,derived,10
Negombo,2024,foreign,3317,1990200,600.0,derived,11
Negombo,2024,foreign,4282,2569200,600.0,derived,12
Negombo,2024,local,4700,141000,30.0,derived,1
Negombo,2024,local,4658,139740,30.0,derived,2
Negombo,2024,local,4612,138360,30.0,derived,3
Negombo,2024,local,3593,107790,30.0,derived,4
Negombo,2024,local,2998,89940,30.0,derived,5
Negombo,2024,local,3309,99270,30.0,derived,6
Negombo,2024,local,4852,145560,30.0,derived,7
Negombo,2024,local,4570,137100,30.0,derived,8
Negombo,2024,local,3657,109710,30.0,derived,9
Negombo,2024,local,3951,118530,30.0,derived,10
Negombo,2024,local,4666,139980,30.0,derived,11
Negombo,2024,local,6023,180690,30.0,derived,12
Negombo,2025,foreign,3889,2333400,600.0,derived,1
Negombo,2025,foreign,3853,2311800,600.0,derived,2
Negombo,2025,foreign,3815,2289000,600.0,derived,3
Negombo,2025,foreign,2973,1783800,600.0,derived,4
Negombo,2025,foreign,2480,1488000,600.0,derived,5
Negombo,2025,foreign,2737,1642200,600.0,derived,6
Negombo,2025,foreign,4014,2408400,600.0,derived,7
Negombo,2025,foreign,3781,2268600,600.0,derived,8
Negombo,2025,foreign,3025,1815000,600.0,derived,9
Negombo,2025,foreign,3269,1961400,600.0,derived,10
Negombo,2025,foreign,3861,2316600,600.0,derived,11
Negombo,2025,foreign,4983,2989800,600.0,derived,12
Negombo,2025,local,5537,166110,30.0,derived,1
Negombo,2025,local,5487,164610,30.0,derived,2
Negombo,2025,local,5432,162960,30.0,derived,3
Negombo,2025,local,4233,126990,30.0,derived,4
Negombo,2025,local,3531,105930,30.0,derived,5
Negombo,2025,local,3898,116940,30.0,derived,6
Negombo,2025,local,5716,171480,30.0,derived,7
Negombo,2025,local,5383,161490,30.0,derived,8
Negombo,2025,local,4308,129240,30.0,derived,9
Negombo,2025,local,4655,139650,30.0,derived,10
Negombo,2025,local,5497,164910,30.0,derived,11
Negombo,2025,local,7096,212880,30.0,derived,12
Nuwara Eliya,2015,foreign,3437,6874000,2000.0,derived,1
Nuwara Eliya,2015,foreign,4010,8020000,2000.0,derived,2
Nuwara Eliya,2015,foreign,5156,10312000,2000.0,derived,3
Nuwara Eliya,2015,foreign,10313,20626000,2000.0,derived,4
Nuwara Eliya,2015,foreign,5156,10312000,2000.0,derived,5
Nuwara Eliya,2015,foreign,3437,6874000,2000.0,derived,6
Nuwara Eliya,2015,foreign,4583,9166000,2000.0,derived,7
Nuwara Eliya,2015,foreign,4583,9166000,2000.0,derived,8
Nuwara Eliya,2015,foreign,3437,6874000,2000.0,derived,9
Nuwara Eliya,2015,foreign,3437,6874000,2000.0,derived,10
Nuwara Eliya,2015,foreign,4010,8020000,2000.0,derived,11
Nuwara Eliya,2015,foreign,5729,11458000,2000.0,derived,12
Nuwara Eliya,2015,local,4936,394880,80.0,derived,1
Nuwara Eliya,2015,local,5758,460640,80.0,derived,2
Nuwara Eliya,2015,local,7404,592320,80.0,derived,3
Nuwara Eliya,2015,local,14808,1184640,80.0,derived,4
Nuwara Eliya,2015,local,7404,592320,80.0,derived,5
Nuwara Eliya,2015,local,4936,394880,80.0,derived,6
Nuwara Eliya,2015,local,6581,526480,80.0,derived,7
Nuwara Eliya,2015,local,6581,526480,80.0,derived,8
Nuwara Eliya,2015,local,4936,394880,80.0,derived,9
Nuwara Eliya,2015,local,4936,394880,80.0,derived,10
Nuwara Eliya,2015,local,5758,460640,80.0,derived,11
Nuwara Eliya,2015,local,8226,658080,80.0,derived,12
Nuwara Eliya,2016,foreign,4014,8028000,2000.0,derived,1
Nuwara Eliya,2016,foreign,4683,9366000,2000.0,derived,2
Nuwara Eliya,2016,foreign,6021,12042000,2000.0,derived,3
Nuwara Eliya,2016,foreign,12043,24086000,2000.0,derived,4
Nuwara Eliya,2016,foreign,6021,12042000,2000.0,derived,5
Nuwara Eliya,2016,foreign,4014,8028000,2000.0,derived,6
Nuwara Eliya,2016,foreign,5352,10704000,2000.0,derived,7
Nuwara Eliya,2016,foreign,5352,10704000,2000.0,derived,8
Nuwara Eliya,2016,foreign,4014,8028000,2000.0,derived,9
Nuwara Eliya,2016,foreign,4014,8028000,2000.0,derived,10
Nuwara Eliya,2016,foreign,4683,9366000,2000.0,derived,11
Nuwara Eliya,2016,foreign,6690,13380000,2000.0,derived,12
Nuwara Eliya,2016,local,5599,447920,80.0,derived,1
Nuwara Eliya,2016,local,6532,522560,80.0,derived,2
Nuwara Eliya,2016,local,8399,671920,80.0,derived,3
Nuwara Eliya,2016,local,16798,1343840,80.0,derived,4
Nuwara Eliya,2016,local,8399,671920,80.0,derived,5
Nuwara Eliya,2016,local,5599,447920,80.0,derived,6
Nuwara Eliya,2016,local,7465,597200,80.0,derived,7
Nuwara Eliya,2016,local,7465,597200,80.0,derived,8
Nuwara Eliya,2016,local,5599,447920,80.0,derived,9
Nuwara Eliya,2016,local,5599,447920,80.0,derived,10
Nuwara Eliya,2016,local,6532,522560,80.0,derived,11
Nuwara Eliya,2016,local,9332,746560,80.0,derived,12
Nuwara Eliya,2017,foreign,4108,8216000,2000.0,derived,1
Nuwara Eliya,2017,foreign,4792,9584000,2000.0,derived,2
Nuwara Eliya,2017,foreign,6162,12324000,2000.0,derived,3
Nuwara Eliya,2017,foreign,12324,24648000,2000.0,derived,4
Nuwara Eliya,2017,foreign,6162,12324000,2000.0,derived,5
Nuwara Eliya,2017,foreign,4108,8216000,2000.0,derived,6
Nuwara Eliya,2017,foreign,5477,10954000,2000.0,derived,7
Nuwara Eliya,2017,foreign,5477,10954000,2000.0,derived,8
Nuwara Eliya,2017,foreign,4108,8216000,2000.0,derived,9
Nuwara Eliya,2017,foreign,4108,8216000,2000.0,derived,10
Nuwara Eliya,2017,foreign,4792,9584000,2000.0,derived,11
Nuwara Eliya,2017,foreign,6846,13692000,2000.0,derived,12
Nuwara Eliya,2017,local,5788,463040,80.0,derived,1
Nuwara Eliya,2017,local,6752,540160,80.0,derived,2
Nuwara Eliya,2017,local,8682,694560,80.0,derived,3
Nuwara Eliya,2017,local,17364,1389120,80.0,derived,4
Nuwara Eliya,2017,local,8682,694560,80.0,derived,5
Nuwara Eliya,2017,local,5788,463040,80.0,derived,6
Nuwara Eliya,2017,local,7717,617360,80.0,derived,7
Nuwara Eliya,2017,local,7717,617360,80.0,derived,8
Nuwara Eliya,2017,local,5788,463040,80.0,derived,9
Nuwara Eliya,2017,local,5788,463040,80.0,derived,10
Nuwara Eliya,2017,local,6752,540160,80.0,derived,11
Nuwara Eliya,2017,local,9646,771680,80.0,derived,12
Nuwara Eliya,2018,foreign,4536,9072000,2000.0,derived,1
Nuwara Eliya,2018,foreign,5292,10584000,2000.0,derived,2
Nuwara Eliya,2018,foreign,6804,13608000,2000.0,derived,3
Nuwara Eliya,2018,foreign,13608,27216000,2000.0,derived,4
Nuwara Eliya,2018,foreign,6804,13608000,2000.0,derived,5
Nuwara Eliya,2018,foreign,4536,9072000,2000.0,derived,6
Nuwara Eliya,2018,foreign,6048,12096000,2000.0,derived,7
Nuwara Eliya,2018,foreign,6048,12096000,2000.0,derived,8
Nuwara Eliya,2018,foreign,4536,9072000,2000.0,derived,9
Nuwara Eliya,2018,foreign,4536,9072000,2000.0,derived,10
Nuwara Eliya,2018,foreign,5292,10584000,2000.0,derived,11
Nuwara Eliya,2018,foreign,7560,15120000,2000.0,derived,12
Nuwara Eliya,2018,local,6407,512560,80.0,derived,1
Nuwara Eliya,2018,local,7475,598000,80.0,derived,2
Nuwara Eliya,2018,local,9611,768880,80.0,derived,3
Nuwara Eliya,2018,local,19222,1537760,80.0,derived,4
Nuwara Eliya,2018,local,9611,768880,80.0,derived,5
Nuwara Eliya,2018,local,6407,512560,80.0,derived,6
Nuwara Eliya,2018,local,8543,683440,80.0,derived,7
Nuwara Eliya,2018,local,8543,683440,80.0,derived,8
Nuwara Eliya,2018,local,6407,512560,80.0,derived,9
Nuwara Eliya,2018,local,6407,512560,80.0,derived,10
Nuwara Eliya,2018,local,7475,598000,80.0,derived,11
Nuwara Eliya,2018,local,10679,854320,80.0,derived,12
Nuwara Eliya,2019,foreign,3693,7386000,2000.0,derived,1
Nuwara Eliya,2019,foreign,4308,8616000,2000.0,derived,2
Nuwara Eliya,2019,foreign,5539,11078000,2000.0,derived,3
Nuwara Eliya,2019,foreign,11079,22158000,2000.0,derived,4
Nuwara Eliya,2019,foreign,5539,11078000,2000.0,derived,5
Nuwara Eliya,2019,foreign,3693,7386000,2000.0,derived,6
Nuwara Eliya,2019,foreign,4924,9848000,2000.0,derived,7
Nuwara Eliya,2019,foreign,4924,9848000,2000.0,derived,8
Nuwara Eliya,2019,foreign,3693,7386000,2000.0,derived,9
Nuwara Eliya,2019,foreign,3693,7386000,2000.0,derived,10
Nuwara Eliya,2019,foreign,4308,8616000,2000.0,derived,11
Nuwara Eliya,2019,foreign,6155,12310000,2000.0,derived,12
Nuwara Eliya,2019,local,5259,420720,80.0,derived,1
Nuwara Eliya,2019,local,6136,490880,80.0,derived,2
Nuwara Eliya,2019,local,7889,631120,80.0,derived,3
Nuwara Eliya,2019,local,15778,1262240,80.0,derived,4
Nuwara Eliya,2019,local,7889,631120,80.0,derived,5
Nuwara Eliya,2019,local,5259,420720,80.0,derived,6
Nuwara Eliya,2019,local,7012,560960,80.0,derived,7
Nuwara Eliya,2019,local,7012,560960,80.0,derived,8
Nuwara Eliya,2019,local,5259,420720,80.0,derived,9
Nuwara Eliya,2019,local,5259,420720,80.0,derived,10
Nuwara Eliya,2019,local,6136,490880,80.0,derived,11
Nuwara Eliya,2019,local,8766,701280,80.0,derived,12
Nuwara Eliya,2020,foreign,991,1982000,2000.0,derived,1
Nuwara Eliya,2020,foreign,1156,2312000,2000.0,derived,2
Nuwara Eliya,2020,foreign,1487,2974000,2000.0,derived,3
Nuwara Eliya,2020,foreign,2974,5948000,2000.0,derived,4
Nuwara Eliya,2020,foreign,1487,2974000,2000.0,derived,5
Nuwara Eliya,2020,foreign,991,1982000,2000.0,derived,6
Nuwara Eliya,2020,foreign,1321,2642000,2000.0,derived,7
Nuwara Eliya,2020,foreign,1321,2642000,2000.0,derived,8
Nuwara Eliya,2020,foreign,991,1982000,2000.0,derived,9
Nuwara Eliya,2020,foreign,991,1982000,2000.0,derived,10
Nuwara Eliya,2020,foreign,1156,2312000,2000.0,derived,11
Nuwara Eliya,2020,foreign,1652,3304000,2000.0,derived,12
Nuwara Eliya,2020,local,1363,109040,80.0,derived,1
Nuwara Eliya,2020,local,1591,127280,80.0,derived,2
Nuwara Eliya,2020,local,2045,163600,80.0,derived,3
Nuwara Eliya,2020,local,4091,327280,80.0,derived,4
Nuwara Eliya,2020,local,2045,163600,80.0,derived,5
Nuwara Eliya,2020,local,1363,109040,80.0,derived,6
Nuwara Eliya,2020,local,1818,145440,80.0,derived,7
Nuwara Eliya,2020,local,1818,145440,80.0,derived,8
Nuwara Eliya,2020,local,1363,109040,80.0,derived,9
Nuwara Eliya,2020,local,1363,109040,80.0,derived,10
Nuwara Eliya,2020,local,1591,127280,80.0,derived,11
Nuwara Eliya,2020,local,2273,181840,80.0,derived,12
Nuwara Eliya,2021,foreign,384,768000,2000.0,derived,1
Nuwara Eliya,2021,foreign,448,896000,2000.0,derived,2
Nuwara Eliya,2021,foreign,576,1152000,2000.0,derived,3
Nuwara Eliya,2021,foreign,1152,2304000,2000.0,derived,4
Nuwara Eliya,2021,foreign,576,1152000,2000.0,derived,5
Nuwara Eliya,2021,foreign,384,768000,2000.0,derived,6
Nuwara Eliya,2021,foreign,512,1024000,2000.0,derived,7
Nuwara Eliya,2021,foreign,512,1024000,2000.0,derived,8
Nuwara Eliya,2021,foreign,384,768000,2000.0,derived,9
Nuwara Eliya,2021,foreign,384,768000,2000.0,derived,10
Nuwara Eliya,2021,foreign,448,896000,2000.0,derived,11
Nuwara Eliya,2021,foreign,640,1280000,2000.0,derived,12
Nuwara Eliya,2021,local,530,42400,80.0,derived,1
Nuwara Eliya,2021,local,618,49440,80.0,derived,2
Nuwara Eliya,2021,local,795,63600,80.0,derived,3
Nuwara Eliya,2021,local,1591,127280,80.0,derived,4
Nuwara Eliya,2021,local,795,63600,80.0,derived,5
Nuwara Eliya,2021,local,530,42400,80.0,derived,6
Nuwara Eliya,2021,local,707,56560,80.0,derived,7
Nuwara Eliya,2021,local,707,56560,80.0,derived,8
Nuwara Eliya,2021,local,530,42400,80.0,derived,9
Nuwara Eliya,2021,local,530,42400,80.0,derived,10
Nuwara Eliya,2021,local,618,49440,80.0,derived,11
Nuwara Eliya,2021,local,883,70640,80.0,derived,12
Nuwara Eliya,2022,foreign,1390,2780000,2000.0,derived,1
Nuwara Eliya,2022,foreign,1621,3242000,2000.0,derived,2
Nuwara Eliya,2022,foreign,2085,4170000,2000.0,derived,3
Nuwara Eliya,2022,foreign,4170,8340000,2000.0,derived,4
Nuwara Eliya,2022,foreign,2085,4170000,2000.0,derived,5
Nuwara Eliya,2022,foreign,1390,2780000,2000.0,derived,6
Nuwara Eliya,2022,foreign,1853,3706000,2000.0,derived,7
Nuwara Eliya,2022,foreign,1853,3706000,2000.0,derived,8
Nuwara Eliya,2022,foreign,1390,2780000,2000.0,derived,9
Nuwara Eliya,2022,foreign,1390,2780000,2000.0,derived,10
Nuwara Eliya,2022,foreign,1621,3242000,2000.0,derived,11
Nuwara Eliya,2022,foreign,2316,4632000,2000.0,derived,12
Nuwara Eliya,2022,local,1974,157920,80.0,derived,1
Nuwara Eliya,2022,local,2303,184240,80.0,derived,2
Nuwara Eliya,2022,local,2962,236960,80.0,derived,3
Nuwara Eliya,2022,local,5924,473920,80.0,derived,4
Nuwara Eliya,2022,local,2962,236960,80.0,derived,5
Nuwara Eliya,2022,local,1974,157920,80.0,derived,6
Nuwara Eliya,2022,local,2632,210560,80.0,derived,7
Nuwara Eliya,2022,local,2632,210560,80.0,derived,8
Nuwara Eliya,2022,local,1974,157920,80.0,derived,9
Nuwara Eliya,2022,local,1974,157920,80.0,derived,10
Nuwara Eliya,2022,local,2303,184240,80.0,derived,11
Nuwara Eliya,2022,local,3291,263280,80.0,derived,12
Nuwara Eliya,2023,foreign,2877,5754000,2000.0,derived,1
Nuwara Eliya,2023,foreign,3357,6714000,2000.0,derived,2
Nuwara Eliya,2023,foreign,4316,8632000,2000.0,derived,3
Nuwara Eliya,2023,foreign,8632,17264000,2000.0,derived,4
Nuwara Eliya,2023,foreign,4316,8632000,2000.0,derived,5
Nuwara Eliya,2023,foreign,2877,5754000,2000.0,derived,6
Nuwara Eliya,2023,foreign,3836,7672000,2000.0,derived,7
Nuwara Eliya,2023,foreign,3836,7672000,2000.0,derived,8
Nuwara Eliya,2023,foreign,2877,5754000,2000.0,derived,9
Nuwara Eliya,2023,foreign,2877,5754000,2000.0,derived,10
Nuwara Eliya,2023,foreign,3357,6714000,2000.0,derived,11
Nuwara Eliya,2023,foreign,4796,9592000,2000.0,derived,12
Nuwara Eliya,2023,local,4059,324720,80.0,derived,1
Nuwara Eliya,2023,local,4736,378880,80.0,derived,2
Nuwara Eliya,2023,local,6089,487120,80.0,derived,3
Nuwara Eliya,2023,local,12178,974240,80.0,derived,4
Nuwara Eliya,2023,local,6089,487120,80.0,derived,5
Nuwara Eliya,2023,local,4059,324720,80.0,derived,6
Nuwara Eliya,2023,local,5412,432960,80.0,derived,7
Nuwara Eliya,2023,local,5412,432960,80.0,derived,8
Nuwara Eliya,2023,local,4059,324720,80.0,derived,9
Nuwara Eliya,2023,local,4059,324720,80.0,derived,10
Nuwara Eliya,2023,local,4736,378880,80.0,derived,11
Nuwara Eliya,2023,local,6765,541200,80.0,derived,12
Nuwara Eliya,2024,foreign,4024,8048000,2000.0,derived,1
Nuwara Eliya,2024,foreign,4695,9390000,2000.0,derived,2
Nuwara Eliya,2024,foreign,6037,12074000,2000.0,derived,3
Nuwara Eliya,2024,foreign,12074,24148000,2000.0,derived,4
Nuwara Eliya,2024,foreign,6037,12074000,2000.0,derived,5
Nuwara Eliya,2024,foreign,4024,8048000,2000.0,derived,6
Nuwara Eliya,2024,foreign,5366,10732000,2000.0,derived,7
Nuwara Eliya,2024,foreign,5366,10732000,2000.0,derived,8
Nuwara Eliya,2024,foreign,4024,8048000,2000.0,derived,9
Nuwara Eliya,2024,foreign,4024,8048000,2000.0,derived,10
Nuwara Eliya,2024,foreign,4695,9390000,2000.0,derived,11
Nuwara Eliya,2024,foreign,6708,13416000,2000.0,derived,12
Nuwara Eliya,2024,local,5538,443040,80.0,derived,1
Nuwara Eliya,2024,local,6461,516880,80.0,derived,2
Nuwara Eliya,2024,local,8307,664560,80.0,derived,3
Nuwara Eliya,2024,local,16614,1329120,80.0,derived,4
Nuwara Eliya,2024,local,8307,664560,80.0,derived,5
Nuwara Eliya,2024,local,5538,443040,80.0,derived,6
Nuwara Eliya,2024,local,7384,590720,80.0,derived,7
Nuwara Eliya,2024,local,7384,590720,80.0,derived,8
Nuwara Eliya,2024,local,5538,443040,80.0,derived,9
Nuwara Eliya,2024,local,5538,443040,80.0,derived,10
Nuwara Eliya,2024,local,6461,516880,80.0,derived,11
Nuwara Eliya,2024,local,9230,738400,80.0,derived,12
Nuwara Eliya,2025,foreign,4646,9292000,2000.0,derived,1
Nuwara Eliya,2025,foreign,5420,10840000,2000.0,derived,2
Nuwara Eliya,2025,foreign,6969,13938000,2000.0,derived,3
Nuwara Eliya,2025,foreign,13938,27876000,2000.0,derived,4
Nuwara Eliya,2025,foreign,6969,13938000,2000.0,derived,5
Nuwara Eliya,2025,foreign,4646,9292000,2000.0,derived,6
Nuwara Eliya,2025,foreign,6195,12390000,2000.0,derived,7
Nuwara Eliya,2025,foreign,6195,12390000,2000.0,derived,8
Nuwara Eliya,2025,foreign,4646,9292000,2000.0,derived,9
Nuwara Eliya,2025,foreign,4646,9292000,2000.0,derived,10
Nuwara Eliya,2025,foreign,5420,10840000,2000.0,derived,11
Nuwara Eliya,2025,foreign,7743,15486000,2000.0,derived,12
Nuwara Eliya,2025,local,6578,526240,80.0,derived,1
Nuwara Eliya,2025,local,7674,613920,80.0,derived,2
Nuwara Eliya,2025,local,9867,789360,80.0,derived,3
Nuwara Eliya,2025,local,19735,1578800,80.0,derived,4
Nuwara Eliya,2025,local,9867,789360,80.0,derived,5
Nuwara Eliya,2025,local,6578,526240,80.0,derived,6
Nuwara Eliya,2025,local,8771,701680,80.0,derived,7
Nuwara Eliya,2025,local,8771,701680,80.0,derived,8
Nuwara Eliya,2025,local,6578,526240,80.0,derived,9
Nuwara Eliya,2025,local,6578,526240,80.0,derived,10
Nuwara Eliya,2025,local,7674,613920,80.0,derived,11
Nuwara Eliya,2025,local,10964,877120,80.0,derived,12
Pinnawala,2015,foreign,3496,12236000,3500.0,derived,1
Pinnawala,2015,foreign,3464,12124000,3500.0,derived,2
Pinnawala,2015,foreign,3430,12005000,3500.0,derived,3
Pinnawala,2015,foreign,2672,9352000,3500.0,derived,4
Pinnawala,2015,foreign,2230,7805000,3500.0,derived,5
Pinnawala,2015,foreign,2461,8613500,3500.0,derived,6
Pinnawala,2015,foreign,3609,12631500,3500.0,derived,7
Pinnawala,2015,foreign,3399,11896500,3500.0,derived,8
Pinnawala,2015,foreign,2720,9520000,3500.0,derived,9
Pinnawala,2015,foreign,2939,10286500,3500.0,derived,10
Pinnawala,2015,foreign,3471,12148500,3500.0,derived,11
Pinnawala,2015,foreign,4480,15680000,3500.0,derived,12
Pinnawala,2015,local,4877,731550,150.0,derived,1
Pinnawala,2015,local,4833,724950,150.0,derived,2
Pinnawala,2015,local,4785,717750,150.0,derived,3
Pinnawala,2015,local,3729,559350,150.0,derived,4
Pinnawala,2015,local,3111,466650,150.0,derived,5
Pinnawala,2015,local,3433,514950,150.0,derived,6
Pinnawala,2015,local,5035,755250,150.0,derived,7
Pinnawala,2015,local,4742,711300,150.0,derived,8
Pinnawala,2015,local,3794,569100,150.0,derived,9
Pinnawala,2015,local,4100,615000,150.0,derived,10
Pinnawala,2015,local,4842,726300,150.0,derived,11
Pinnawala,2015,local,6250,937500,150.0,derived,12
Pinnawala,2016,foreign,4055,14192500,3500.0,derived,1
Pinnawala,2016,foreign,4018,14063000,3500.0,derived,2
Pinnawala,2016,foreign,3978,13923000,3500.0,derived,3
Pinnawala,2016,foreign,3100,10850000,3500.0,derived,4
Pinnawala,2016,foreign,2586,9051000,3500.0,derived,5
Pinnawala,2016,foreign,2854,9989000,3500.0,derived,6
Pinnawala,2016,foreign,4186,14651000,3500.0,derived,7
Pinnawala,2016,foreign,3942,13797000,3500.0,derived,8
Pinnawala,2016,foreign,3154,11039000,3500.0,derived,9
Pinnawala,2016,foreign,3409,11931500,3500.0,derived,10
Pinnawala,2016,foreign,4025,14087500,3500.0,derived,11
Pinnawala,2016,foreign,5196,18186000,3500.0,derived,12
Pinnawala,2016,local,5677,851550,150.0,derived,1
Pinnawala,2016,local,5625,843750,150.0,derived,2
Pinnawala,2016,local,5570,835500,150.0,derived,3
Pinnawala,2016,local,4340,651000,150.0,derived,4
Pinnawala,2016,local,3621,543150,150.0,derived,5
Pinnawala,2016,local,3996,599400,150.0,derived,6
Pinnawala,2016,local,5860,879000,150.0,derived,7
Pinnawala,2016,local,5519,827850,150.0,derived,8
Pinnawala,2016,local,4416,662400,150.0,derived,9
Pinnawala,2016,local,4772,715800,150.0,derived,10
Pinnawala,2016,local,5636,845400,150.0,derived,11
Pinnawala,2016,local,7275,1091250,150.0,derived,12
Pinnawala,2017,foreign,4167,14584500,3500.0,derived,1
Pinnawala,2017,foreign,4130,14455000,3500.0,derived,2
Pinnawala,2017,foreign,4089,14311500,3500.0,derived,3
Pinnawala,2017,foreign,3186,11151000,3500.0,derived,4
Pinnawala,2017,foreign,2658,9303000,3500.0,derived,5
Pinnawala,2017,foreign,2934,10269000,3500.0,derived,6
Pinnawala,2017,foreign,4302,15057000,3500.0,derived,7
Pinnawala,2017,foreign,4052,14182000,3500.0,derived,8
Pinnawala,2017,foreign,3242,11347000,3500.0,derived,9
Pinnawala,2017,foreign,3503,12260500,3500.0,derived,10
Pinnawala,2017,foreign,4137,14479500,3500.0,derived,11
Pinnawala,2017,foreign,5341,18693500,3500.0,derived,12
Pinnawala,2017,local,5828,874200,150.0,derived,1
Pinnawala,2017,local,5775,866250,150.0,derived,2
Pinnawala,2017,local,5718,857700,150.0,derived,3
Pinnawala,2017,local,4455,668250,150.0,derived,4
Pinnawala,2017,local,3717,557550,150.0,derived,5
Pinnawala,2017,local,4102,615300,150.0,derived,6
Pinnawala,2017,local,6016,902400,150.0,derived,7
Pinnawala,2017,local,5666,849900,150.0,derived,8
Pinnawala,2017,local,4534,680100,150.0,derived,9
Pinnawala,2017,local,4899,734850,150.0,derived,10
Pinnawala,2017,local,5786,867900,150.0,derived,11
Pinnawala,2017,local,7469,1120350,150.0,derived,12
Pinnawala,2018,foreign,4609,16131500,3500.0,derived,1
Pinnawala,2018,foreign,4567,15984500,3500.0,derived,2
Pinnawala,2018,foreign,4522,15827000,3500.0,derived,3
Pinnawala,2018,foreign,3523,12330500,3500.0,derived,4
Pinnawala,2018,foreign,2940,10290000,3500.0,derived,5
Pinnawala,2018,foreign,3244,11354000,3500.0,derived,6
Pinnawala,2018,foreign,4758,16653000,3500.0,derived,7
Pinnawala,2018,foreign,4481,15683500,3500.0,derived,8
Pinnawala,2018,foreign,3586,12551000,3500.0,derived,9
Pinnawala,2018,foreign,3875,13562500,3500.0,derived,10
Pinnawala,2018,foreign,4576,16016000,3500.0,derived,11
Pinnawala,2018,foreign,5907,20674500,3500.0,derived,12
Pinnawala,2018,local,6473,970950,150.0,derived,1
Pinnawala,2018,local,6414,962100,150.0,derived,2
Pinnawala,2018,local,6351,952650,150.0,derived,3
Pinnawala,2018,local,4948,742200,150.0,derived,4
Pinnawala,2018,local,4128,619200,150.0,derived,5
Pinnawala,2018,local,4557,683550,150.0,derived,6
Pinnawala,2018,local,6682,1002300,150.0,derived,7
Pinnawala,2018,local,6293,943950,150.0,derived,8
Pinnawala,2018,local,5036,755400,150.0,derived,9
Pinnawala,2018,local,5442,816300,150.0,derived,10
Pinnawala,2018,local,6426,963900,150.0,derived,11
Pinnawala,2018,local,8295,1244250,150.0,derived,12
Pinnawala,2019,foreign,3726,13041000,3500.0,derived,1
Pinnawala,2019,foreign,3693,12925500,3500.0,derived,2
Pinnawala,2019,foreign,3656,12796000,3500.0,derived,3
Pinnawala,2019,foreign,2849,9971500,3500.0,derived,4
Pinnawala,2019,foreign,2377,8319500,3500.0,derived,5
Pinnawala,2019,foreign,2623,9180500,3500.0,derived,6
Pinnawala,2019,foreign,3847,13464500,3500.0,derived,7
Pinnawala,2019,foreign,3623,12680500,3500.0,derived,8
Pinnawala,2019,foreign,2899,10146500,3500.0,derived,9
Pinnawala,2019,foreign,3133,10965500,3500.0,derived,10
Pinnawala,2019,foreign,3699,12946500,3500.0,derived,11
Pinnawala,2019,foreign,4775,16712500,3500.0,derived,12
Pinnawala,2019,local,5316,797400,150.0,derived,1
Pinnawala,2019,local,5268,790200,150.0,derived,2
Pinnawala,2019,local,5215,782250,150.0,derived,3
Pinnawala,2019,local,4064,609600,150.0,derived,4
Pinnawala,2019,local,3390,508500,150.0,derived,5
Pinnawala,2019,local,3742,561300,150.0,derived,6
Pinnawala,2019,local,5487,823050,150.0,derived,7
Pinnawala,2019,local,5168,775200,150.0,derived,8
Pinnawala,2019,local,4135,620250,150.0,derived,9
Pinnawala,2019,local,4469,670350,150.0,derived,10
Pinnawala,2019,local,5277,791550,150.0,derived,11
Pinnawala,2019,local,6812,1021800,150.0,derived,12
Pinnawala,2020,foreign,1001,3503500,3500.0,derived,1
Pinnawala,2020,foreign,992,3472000,3500.0,derived,2
Pinnawala,2020,foreign,982,3437000,3500.0,derived,3
Pinnawala,2020,foreign,765,2677500,3500.0,derived,4
Pinnawala,2020,foreign,638,2233000,3500.0,derived,5
Pinnawala,2020,foreign,704,2464000,3500.0,derived,6
Pinnawala,2020,foreign,1033,3615500,3500.0,derived,7
Pinnawala,2020,foreign,973,3405500,3500.0,derived,8
Pinnawala,2020,foreign,779,2726500,3500.0,derived,9
Pinnawala,2020,foreign,841,2943500,3500.0,derived,10
Pinnawala,2020,foreign,994,3479000,3500.0,derived,11
Pinnawala,2020,foreign,1283,4490500,3500.0,derived,12
Pinnawala,2020,local,1384,207600,150.0,derived,1
Pinnawala,2020,local,1372,205800,150.0,derived,2
Pinnawala,2020,local,1358,203700,150.0,derived,3
Pinnawala,2020,local,1058,158700,150.0,derived,4
Pinnawala,2020,local,883,132450,150.0,derived,5
Pinnawala,2020,local,974,146100,150.0,derived,6
Pinnawala,2020,local,1429,214350,150.0,derived,7
Pinnawala,2020,local,1346,201900,150.0,derived,8
Pinnawala,2020,local,1077,161550,150.0,derived,9
Pinnawala,2020,local,1164,174600,150.0,derived,10
Pinnawala,2020,local,1374,206100,150.0,derived,11
Pinnawala,2020,local,1774,266100,150.0,derived,12
Pinnawala,2021,foreign,384,1344000,3500.0,derived,1
Pinnawala,2021,foreign,381,1333500,3500.0,derived,2
Pinnawala,2021,foreign,377,1319500,3500.0,derived,3
Pinnawala,2021,foreign,294,1029000,3500.0,derived,4
Pinnawala,2021,foreign,245,857500,3500.0,derived,5
Pinnawala,2021,foreign,270,945000,3500.0,derived,6
Pinnawala,2021,foreign,396,1386000,3500.0,derived,7
Pinnawala,2021,foreign,373,1305500,3500.0,derived,8
Pinnawala,2021,foreign,299,1046500,3500.0,derived,9
Pinnawala,2021,foreign,323,1130500,3500.0,derived,10
Pinnawala,2021,foreign,381,1333500,3500.0,derived,11
Pinnawala,2021,foreign,492,1722000,3500.0,derived,12
Pinnawala,2021,local,535,80250,150.0,derived,1
Pinnawala,2021,local,530,79500,150.0,derived,2
Pinnawala,2021,local,525,78750,150.0,derived,3
Pinnawala,2021,local,409,61350,150.0,derived,4
Pinnawala,2021,local,341,51150,150.0,derived,5
Pinnawala,2021,local,376,56400,150.0,derived,6
Pinnawala,2021,local,552,82800,150.0,derived,7
Pinnawala,2021,local,520,78000,150.0,derived,8
Pinnawala,2021,local,416,62400,150.0,derived,9
Pinnawala,2021,local,450,67500,150.0,derived,10
Pinnawala,2021,local,531,79650,150.0,derived,11
Pinnawala,2021,local,686,102900,150.0,derived,12
Pinnawala,2022,foreign,1397,4889500,3500.0,derived,1
Pinnawala,2022,foreign,1385,4847500,3500.0,derived,2
Pinnawala,2022,foreign,1371,4798500,3500.0,derived,3
Pinnawala,2022,foreign,1068,3738000,3500.0,derived,4
Pinnawala,2022,foreign,891,3118500,3500.0,derived,5
Pinnawala,2022,foreign,984,3444000,3500.0,derived,6
Pinnawala,2022,foreign,1443,5050500,3500.0,derived,7
Pinnawala,2022,foreign,1359,4756500,3500.0,derived,8
Pinnawala,2022,foreign,1087,3804500,3500.0,derived,9
Pinnawala,2022,foreign,1175,4112500,3500.0,derived,10
Pinnawala,2022,foreign,1387,4854500,3500.0,derived,11
Pinnawala,2022,foreign,1791,6268500,3500.0,derived,12
Pinnawala,2022,local,1997,299550,150.0,derived,1
Pinnawala,2022,local,1979,296850,150.0,derived,2
Pinnawala,2022,local,1960,294000,150.0,derived,3
Pinnawala,2022,local,1527,229050,150.0,derived,4
Pinnawala,2022,local,1274,191100,150.0,derived,5
Pinnawala,2022,local,1406,210900,150.0,derived,6
Pinnawala,2022,local,2062,309300,150.0,derived,7
Pinnawala,2022,local,1942,291300,150.0,derived,8
Pinnawala,2022,local,1554,233100,150.0,derived,9
Pinnawala,2022,local,1679,251850,150.0,derived,10
Pinnawala,2022,local,1983,297450,150.0,derived,11
Pinnawala,2022,local,2560,384000,150.0,derived,12
Pinnawala,2023,foreign,2963,10370500,3500.0,derived,1
Pinnawala,2023,foreign,2936,10276000,3500.0,derived,2
Pinnawala,2023,foreign,2907,10174500,3500.0,derived,3
Pinnawala,2023,foreign,2265,7927500,3500.0,derived,4
Pinnawala,2023,foreign,1890,6615000,3500.0,derived,5
Pinnawala,2023,foreign,2086,7301000,3500.0,derived,6
Pinnawala,2023,foreign,3058,10703000,3500.0,derived,7
Pinnawala,2023,foreign,2880,10080000,3500.0,derived,8
Pinnawala,2023,foreign,2305,8067500,3500.0,derived,9
Pinnawala,2023,foreign,2491,8718500,3500.0,derived,10
Pinnawala,2023,foreign,2941,10293500,3500.0,derived,11
Pinnawala,2023,foreign,3797,13289500,3500.0,derived,12
Pinnawala,2023,local,4092,613800,150.0,derived,1
Pinnawala,2023,local,4055,608250,150.0,derived,2
Pinnawala,2023,local,4015,602250,150.0,derived,3
Pinnawala,2023,local,3128,469200,150.0,derived,4
Pinnawala,2023,local,2610,391500,150.0,derived,5
Pinnawala,2023,local,2881,432150,150.0,derived,6
Pinnawala,2023,local,4224,633600,150.0,derived,7
Pinnawala,2023,local,3978,596700,150.0,derived,8
Pinnawala,2023,local,3184,477600,150.0,derived,9
Pinnawala,2023,local,3440,516000,150.0,derived,10
Pinnawala,2023,local,4063,609450,150.0,derived,11
Pinnawala,2023,local,5244,786600,150.0,derived,12
Pinnawala,2024,foreign,4041,14143500,3500.0,derived,1
Pinnawala,2024,foreign,4004,14014000,3500.0,derived,2
Pinnawala,2024,foreign,3964,13874000,3500.0,derived,3
Pinnawala,2024,foreign,3089,10811500,3500.0,derived,4
Pinnawala,2024,foreign,2577,9019500,3500.0,derived,5
Pinnawala,2024,foreign,2844,9954000,3500.0,derived,6
Pinnawala,2024,foreign,4171,14598500,3500.0,derived,7
Pinnawala,2024,foreign,3928,13748000,3500.0,derived,8
Pinnawala,2024,foreign,3143,11000500,3500.0,derived,9
Pinnawala,2024,foreign,3397,11889500,3500.0,derived,10
Pinnawala,2024,foreign,4011,14038500,3500.0,derived,11
Pinnawala,2024,foreign,5178,18123000,3500.0,derived,12
Pinnawala,2024,local,5591,838650,150.0,derived,1
Pinnawala,2024,local,5540,831000,150.0,derived,2
Pinnawala,2024,local,5486,822900,150.0,derived,3
Pinnawala,2024,local,4274,641100,150.0,derived,4
Pinnawala,2024,local,3566,534900,150.0,derived,5
Pinnawala,2024,local,3936,590400,150.0,derived,6
Pinnawala,2024,local,5771,865650,150.0,derived,7
Pinnawala,2024,local,5436,815400,150.0,derived,8
Pinnawala,2024,local,4350,652500,150.0,derived,9
Pinnawala,2024,local,4700,705000,150.0,derived,10
Pinnawala,2024,local,5551,832650,150.0,derived,11
Pinnawala,2024,local,7165,1074750,150.0,derived,12
Pinnawala,2025,foreign,4730,16555000,3500.0,derived,1
Pinnawala,2025,foreign,4687,16404500,3500.0,derived,2
Pinnawala,2025,foreign,4641,16243500,3500.0,derived,3
Pinnawala,2025,foreign,3616,12656000,3500.0,derived,4
Pinnawala,2025,foreign,3017,10559500,3500.0,derived,5
Pinnawala,2025,foreign,3330,11655000,3500.0,derived,6
Pinnawala,2025,foreign,4883,17090500,3500.0,derived,7
Pinnawala,2025,foreign,4599,16096500,3500.0,derived,8
Pinnawala,2025,foreign,3680,12880000,3500.0,derived,9
Pinnawala,2025,foreign,3977,13919500,3500.0,derived,10
Pinnawala,2025,foreign,4696,16436000,3500.0,derived,11
Pinnawala,2025,foreign,6062,21217000,3500.0,derived,12
Pinnawala,2025,local,6692,1003800,150.0,derived,1
Pinnawala,2025,local,6631,994650,150.0,derived,2
Pinnawala,2025,local,6566,984900,150.0,derived,3
Pinnawala,2025,local,5116,767400,150.0,derived,4
Pinnawala,2025,local,4268,640200,150.0,derived,5
Pinnawala,2025,local,4711,706650,150.0,derived,6
Pinnawala,2025,local,6908,1036200,150.0,derived,7
Pinnawala,2025,local,6506,975900,150.0,derived,8
Pinnawala,2025,local,5206,780900,150.0,derived,9
Pinnawala,2025,local,5626,843900,150.0,derived,10
Pinnawala,2025,local,6644,996600,150.0,derived,11
Pinnawala,2025,local,8576,1286400,150.0,derived,12
Polonnaruwa,2015,foreign,4791,18684900,3900.0,derived,1
Polonnaruwa,2015,foreign,4748,18517200,3900.0,derived,2
Polonnaruwa,2015,foreign,4701,18333900,3900.0,derived,3
Polonnaruwa,2015,foreign,3663,14285700,3900.0,derived,4
Polonnaruwa,2015,foreign,3056,11918400,3900.0,derived,5
Polonnaruwa,2015,foreign,3373,13154700,3900.0,derived,6
Polonnaruwa,2015,foreign,4946,19289400,3900.0,derived,7
Polonnaruwa,2015,foreign,4658,18166200,3900.0,derived,8
Polonnaruwa,2015,foreign,3728,14539200,3900.0,derived,9
Polonnaruwa,2015,foreign,4028,15709200,3900.0,derived,10
Polonnaruwa,2015,foreign,4757,18552300,3900.0,derived,11
Polonnaruwa,2015,foreign,6140,23946000,3900.0,derived,12
Polonnaruwa,2015,local,6497,389820,60.0,derived,1
Polonnaruwa,2015,local,6438,386280,60.0,derived,2
Polonnaruwa,2015,local,6374,382440,60.0,derived,3
Polonnaruwa,2015,local,4967,298020,60.0,derived,4
Polonnaruwa,2015,local,4144,248640,60.0,derived,5
Polonnaruwa,2015,local,4573,274380,60.0,derived,6
Polonnaruwa,2015,local,6706,402360,60.0,derived,7
Polonnaruwa,2015,local,6316,378960,60.0,derived,8
Polonnaruwa,2015,local,5054,303240,60.0,derived,9
Polonnaruwa,2015,local,5462,327720,60.0,derived,10
Polonnaruwa,2015,local,6450,387000,60.0,derived,11
Polonnaruwa,2015,local,8326,499560,60.0,derived,12
Polonnaruwa,2016,foreign,5411,21102900,3900.0,derived,1
Polonnaruwa,2016,foreign,5362,20911800,3900.0,derived,2
Polonnaruwa,2016,foreign,5309,20705100,3900.0,derived,3
Polonnaruwa,2016,foreign,4137,16134300,3900.0,derived,4
Polonnaruwa,2016,foreign,3451,13458900,3900.0,derived,5
Polonnaruwa,2016,foreign,3809,14855100,3900.0,derived,6
Polonnaruwa,2016,foreign,5586,21785400,3900.0,derived,7
Polonnaruwa,2016,foreign,5261,20517900,3900.0,derived,8
Polonnaruwa,2016,foreign,4210,16419000,3900.0,derived,9
Polonnaruwa,2016,foreign,4549,17741100,3900.0,derived,10
Polonnaruwa,2016,foreign,5372,20950800,3900.0,derived,11
Polonnaruwa,2016,foreign,6934,27042600,3900.0,derived,12
Polonnaruwa,2016,local,7546,452760,60.0,derived,1
Polonnaruwa,2016,local,7477,448620,60.0,derived,2
Polonnaruwa,2016,local,7404,444240,60.0,derived,3
Polonnaruwa,2016,local,5769,346140,60.0,derived,4
Polonnaruwa,2016,local,4813,288780,60.0,derived,5
Polonnaruwa,2016,local,5312,318720,60.0,derived,6
Polonnaruwa,2016,local,7789,467340,60.0,derived,7
Polonnaruwa,2016,local,7336,440160,60.0,derived,8
Polonnaruwa,2016,local,5870,352200,60.0,derived,9
Polonnaruwa,2016,local,6344,380640,60.0,derived,10
Polonnaruwa,2016,local,7491,449460,60.0,derived,11
Polonnaruwa,2016,local,9670,580200,60.0,derived,12
Polonnaruwa,2017,foreign,19705,76849500,3900.0,derived,1
Polonnaruwa,2017,foreign,19526,76151400,3900.0,derived,2
Polonnaruwa,2017,foreign,19333,75398700,3900.0,derived,3
Polonnaruwa,2017,foreign,15064,58749600,3900.0,derived,4
Polonnaruwa,2017,foreign,12568,49015200,3900.0,derived,5
Polonnaruwa,2017,foreign,13871,54096900,3900.0,derived,6
Polonnaruwa,2017,foreign,20341,79329900,3900.0,derived,7
Polonnaruwa,2017,foreign,19158,74716200,3900.0,derived,8
Polonnaruwa,2017,foreign,15330,59787000,3900.0,derived,9
Polonnaruwa,2017,foreign,16566,64607400,3900.0,derived,10
Polonnaruwa,2017,foreign,19563,76295700,3900.0,derived,11
Polonnaruwa,2017,foreign,25252,98482800,3900.0,derived,12
Polonnaruwa,2017,local,21006,1260360,60.0,derived,1
Polonnaruwa,2017,local,20816,1248960,60.0,derived,2
Polonnaruwa,2017,local,20610,1236600,60.0,derived,3
Polonnaruwa,2017,local,16059,963540,60.0,derived,4
Polonnaruwa,2017,local,13398,803880,60.0,derived,5
Polonnaruwa,2017,local,14787,887220,60.0,derived,6
Polonnaruwa,2017,local,21684,1301040,60.0,derived,7
Polonnaruwa,2017,local,20423,1225380,60.0,derived,8
Polonnaruwa,2017,local,16343,980580,60.0,derived,9
Polonnaruwa,2017,local,17660,1059600,60.0,derived,10
Polonnaruwa,2017,local,20854,1251240,60.0,derived,11
Polonnaruwa,2017,local,26919,1615140,60.0,derived,12
Polonnaruwa,2018,foreign,23323,90959700,3900.0,derived,1
Polonnaruwa,2018,foreign,23112,90136800,3900.0,derived,2
Polonnaruwa,2018,foreign,22884,89247600,3900.0,derived,3
Polonnaruwa,2018,foreign,17831,69540900,3900.0,derived,4
Polonnaruwa,2018,foreign,14876,58016400,3900.0,derived,5
Polonnaruwa,2018,foreign,16419,64034100,3900.0,derived,6
Polonnaruwa,2018,foreign,24076,93896400,3900.0,derived,7
Polonnaruwa,2018,foreign,22676,88436400,3900.0,derived,8
Polonnaruwa,2018,foreign,18146,70769400,3900.0,derived,9
Polonnaruwa,2018,foreign,19608,76471200,3900.0,derived,10
Polonnaruwa,2018,foreign,23155,90304500,3900.0,derived,11
Polonnaruwa,2018,foreign,29889,116567100,3900.0,derived,12
Polonnaruwa,2018,local,23067,1384020,60.0,derived,1
Polonnaruwa,2018,local,22858,1371480,60.0,derived,2
Polonnaruwa,2018,local,22632,1357920,60.0,derived,3
Polonnaruwa,2018,local,17635,1058100,60.0,derived,4
Polonnaruwa,2018,local,14713,882780,60.0,derived,5
Polonnaruwa,2018,local,16238,974280,60.0,derived,6
Polonnaruwa,2018,local,23812,1428720,60.0,derived,7
Polonnaruwa,2018,local,22427,1345620,60.0,derived,8
Polonnaruwa,2018,local,17946,1076760,60.0,derived,9
Polonnaruwa,2018,local,19392,1163520,60.0,derived,10
Polonnaruwa,2018,local,22900,1374000,60.0,derived,11
Polonnaruwa,2018,local,29560,1773600,60.0,derived,12
Polonnaruwa,2019,foreign,5074,19788600,3900.0,derived,1
Polonnaruwa,2019,foreign,5028,19609200,3900.0,derived,2
Polonnaruwa,2019,foreign,4978,19414200,3900.0,derived,3
Polonnaruwa,2019,foreign,3879,15128100,3900.0,derived,4
Polonnaruwa,2019,foreign,3236,12620400,3900.0,derived,5
Polonnaruwa,2019,foreign,3572,13930800,3900.0,derived,6
Polonnaruwa,2019,foreign,5238,20428200,3900.0,derived,7
Polonnaruwa,2019,foreign,4933,19238700,3900.0,derived,8
Polonnaruwa,2019,foreign,3947,15393300,3900.0,derived,9
Polonnaruwa,2019,foreign,4265,16633500,3900.0,derived,10
Polonnaruwa,2019,foreign,5037,19644300,3900.0,derived,11
Polonnaruwa,2019,foreign,6502,25357800,3900.0,derived,12
Polonnaruwa,2019,local,7026,421560,60.0,derived,1
Polonnaruwa,2019,local,6962,417720,60.0,derived,2
Polonnaruwa,2019,local,6893,413580,60.0,derived,3
Polonnaruwa,2019,local,5371,322260,60.0,derived,4
Polonnaruwa,2019,local,4481,268860,60.0,derived,5
Polonnaruwa,2019,local,4946,296760,60.0,derived,6
Polonnaruwa,2019,local,7253,435180,60.0,derived,7
Polonnaruwa,2019,local,6831,409860,60.0,derived,8
Polonnaruwa,2019,local,5466,327960,60.0,derived,9
Polonnaruwa,2019,local,5907,354420,60.0,derived,10
Polonnaruwa,2019,local,6975,418500,60.0,derived,11
Polonnaruwa,2019,local,9004,540240,60.0,derived,12
Polonnaruwa,2020,foreign,202,787800,3900.0,derived,1
Polonnaruwa,2020,foreign,200,780000,3900.0,derived,2
Polonnaruwa,2020,foreign,198,772200,3900.0,derived,3
Polonnaruwa,2020,foreign,155,604500,3900.0,derived,4
Polonnaruwa,2020,foreign,129,503100,3900.0,derived,5
Polonnaruwa,2020,foreign,142,553800,3900.0,derived,6
Polonnaruwa,2020,foreign,209,815100,3900.0,derived,7
Polonnaruwa,2020,foreign,197,768300,3900.0,derived,8
Polonnaruwa,2020,foreign,157,612300,3900.0,derived,9
Polonnaruwa,2020,foreign,170,663000,3900.0,derived,10
Polonnaruwa,2020,foreign,201,783900,3900.0,derived,11
Polonnaruwa,2020,foreign,259,1010100,3900.0,derived,12
Polonnaruwa,2020,local,4824,289440,60.0,derived,1
Polonnaruwa,2020,local,4781,286860,60.0,derived,2
Polonnaruwa,2020,local,4733,283980,60.0,derived,3
Polonnaruwa,2020,local,3688,221280,60.0,derived,4
Polonnaruwa,2020,local,3077,184620,60.0,derived,5
Polonnaruwa,2020,local,3396,203760,60.0,derived,6
Polonnaruwa,2020,local,4980,298800,60.0,derived,7
Polonnaruwa,2020,local,4690,281400,60.0,derived,8
Polonnaruwa,2020,local,3753,225180,60.0,derived,9
Polonnaruwa,2020,local,4056,243360,60.0,derived,10
Polonnaruwa,2020,local,4789,287340,60.0,derived,11
Polonnaruwa,2020,local,6182,370920,60.0,derived,12
Polonnaruwa,2021,foreign,513,2000700,3900.0,derived,1
Polonnaruwa,2021,foreign,508,1981200,3900.0,derived,2
Polonnaruwa,2021,foreign,503,1961700,3900.0,derived,3
Polonnaruwa,2021,foreign,392,1528800,3900.0,derived,4
Polonnaruwa,2021,foreign,327,1275300,3900.0,derived,5
Polonnaruwa,2021,foreign,361,1407900,3900.0,derived,6
Polonnaruwa,2021,foreign,529,2063100,3900.0,derived,7
Polonnaruwa,2021,foreign,498,1942200,3900.0,derived,8
Polonnaruwa,2021,foreign,399,1556100,3900.0,derived,9
Polonnaruwa,2021,foreign,431,1680900,3900.0,derived,10
Polonnaruwa,2021,foreign,509,1985100,3900.0,derived,11
Polonnaruwa,2021,foreign,657,2562300,3900.0,derived,12
Polonnaruwa,2021,local,714,42840,60.0,derived,1
Polonnaruwa,2021,local,707,42420,60.0,derived,2
Polonnaruwa,2021,local,700,42000,60.0,derived,3
Polonnaruwa,2021,local,546,32760,60.0,derived,4
Polonnaruwa,2021,local,455,27300,60.0,derived,5
Polonnaruwa,2021,local,502,30120,60.0,derived,6
Polonnaruwa,2021,local,737,44220,60.0,derived,7
Polonnaruwa,2021,local,694,41640,60.0,derived,8
Polonnaruwa,2021,local,555,33300,60.0,derived,9
Polonnaruwa,2021,local,600,36000,60.0,derived,10
Polonnaruwa,2021,local,709,42540,60.0,derived,11
Polonnaruwa,2021,local,915,54900,60.0,derived,12
Polonnaruwa,2022,foreign,1874,7308600,3900.0,derived,1
Polonnaruwa,2022,foreign,1857,7242300,3900.0,derived,2
Polonnaruwa,2022,foreign,1838,7168200,3900.0,derived,3
Polonnaruwa,2022,foreign,1432,5584800,3900.0,derived,4
Polonnaruwa,2022,foreign,1195,4660500,3900.0,derived,5
Polonnaruwa,2022,foreign,1319,5144100,3900.0,derived,6
Polonnaruwa,2022,foreign,1934,7542600,3900.0,derived,7
Polonnaruwa,2022,foreign,1822,7105800,3900.0,derived,8
Polonnaruwa,2022,foreign,1458,5686200,3900.0,derived,9
Polonnaruwa,2022,foreign,1575,6142500,3900.0,derived,10
Polonnaruwa,2022,foreign,1860,7254000,3900.0,derived,11
Polonnaruwa,2022,foreign,2401,9363900,3900.0,derived,12
Polonnaruwa,2022,local,2633,157980,60.0,derived,1
Polonnaruwa,2022,local,2609,156540,60.0,derived,2
Polonnaruwa,2022,local,2584,155040,60.0,derived,3
Polonnaruwa,2022,local,2013,120780,60.0,derived,4
Polonnaruwa,2022,local,1679,100740,60.0,derived,5
Polonnaruwa,2022,local,1854,111240,60.0,derived,6
Polonnaruwa,2022,local,2718,163080,60.0,derived,7
Polonnaruwa,2022,local,2560,153600,60.0,derived,8
Polonnaruwa,2022,local,2049,122940,60.0,derived,9
Polonnaruwa,2022,local,2214,132840,60.0,derived,10
Polonnaruwa,2022,local,2614,156840,60.0,derived,11
Polonnaruwa,2022,local,3375,202500,60.0,derived,12
Polonnaruwa,2023,foreign,16761,65367900,3900.0,derived,1
Polonnaruwa,2023,foreign,16609,64775100,3900.0,derived,2
Polonnaruwa,2023,foreign,16445,64135500,3900.0,derived,3
Polonnaruwa,2023,foreign,12813,49970700,3900.0,derived,4
Polonnaruwa,2023,foreign,10690,41691000,3900.0,derived,5
Polonnaruwa,2023,foreign,11799,46016100,3900.0,derived,6
Polonnaruwa,2023,foreign,17302,67477800,3900.0,derived,7
Polonnaruwa,2023,foreign,16295,63550500,3900.0,derived,8
Polonnaruwa,2023,foreign,13040,50856000,3900.0,derived,9
Polonnaruwa,2023,foreign,14091,54954900,3900.0,derived,10
Polonnaruwa,2023,foreign,16640,64896000,3900.0,derived,11
Polonnaruwa,2023,foreign,21479,83768100,3900.0,derived,12
Polonnaruwa,2023,local,11172,670320,60.0,derived,1
Polonnaruwa,2023,local,11071,664260,60.0,derived,2
Polonnaruwa,2023,local,10962,657720,60.0,derived,3
Polonnaruwa,2023,local,8541,512460,60.0,derived,4
Polonnaruwa,2023,local,7126,427560,60.0,derived,5
Polonnaruwa,2023,local,7865,471900,60.0,derived,6
Polonnaruwa,2023,local,11533,691980,60.0,derived,7
Polonnaruwa,2023,local,10862,651720,60.0,derived,8
Polonnaruwa,2023,local,8692,521520,60.0,derived,9
Polonnaruwa,2023,local,9392,563520,60.0,derived,10
Polonnaruwa,2023,local,11092,665520,60.0,derived,11
Polonnaruwa,2023,local,14317,859020,60.0,derived,12
Polonnaruwa,2024,foreign,5347,20853300,3900.0,derived,1
Polonnaruwa,2024,foreign,5298,20662200,3900.0,derived,2
Polonnaruwa,2024,foreign,5246,20459400,3900.0,derived,3
Polonnaruwa,2024,foreign,4087,15939300,3900.0,derived,4
Polonnaruwa,2024,foreign,3410,13299000,3900.0,derived,5
Polonnaruwa,2024,foreign,3764,14679600,3900.0,derived,6
Polonnaruwa,2024,foreign,5519,21524100,3900.0,derived,7
Polonnaruwa,2024,foreign,5198,20272200,3900.0,derived,8
Polonnaruwa,2024,foreign,4160,16224000,3900.0,derived,9
Polonnaruwa,2024,foreign,4495,17530500,3900.0,derived,10
Polonnaruwa,2024,foreign,5308,20701200,3900.0,derived,11
Polonnaruwa,2024,foreign,6852,26722800,3900.0,derived,12
Polonnaruwa,2024,local,7533,451980,60.0,derived,1
Polonnaruwa,2024,local,7465,447900,60.0,derived,2
Polonnaruwa,2024,local,7391,443460,60.0,derived,3
Polonnaruwa,2024,local,5759,345540,60.0,derived,4
Polonnaruwa,2024,local,4805,288300,60.0,derived,5
Polonnaruwa,2024,local,5303,318180,60.0,derived,6
Polonnaruwa,2024,local,7776,466560,60.0,derived,7
Polonnaruwa,2024,local,7324,439440,60.0,derived,8
Polonnaruwa,2024,local,5861,351660,60.0,derived,9
Polonnaruwa,2024,local,6333,379980,60.0,derived,10
Polonnaruwa,2024,local,7479,448740,60.0,derived,11
Polonnaruwa,2024,local,9654,579240,60.0,derived,12
Polonnaruwa,2025,foreign,10644,41511600,3900.0,derived,1
Polonnaruwa,2025,foreign,10548,41137200,3900.0,derived,2
Polonnaruwa,2025,foreign,10444,40731600,3900.0,derived,3
Polonnaruwa,2025,foreign,8138,31738200,3900.0,derived,4
Polonnaruwa,2025,foreign,6789,26477100,3900.0,derived,5
Polonnaruwa,2025,foreign,7493,29222700,3900.0,derived,6
Polonnaruwa,2025,foreign,10988,42853200,3900.0,derived,7
Polonnaruwa,2025,foreign,10349,40361100,3900.0,derived,8
Polonnaruwa,2025,foreign,8281,32295900,3900.0,derived,9
Polonnaruwa,2025,foreign,8949,34901100,3900.0,derived,10
Polonnaruwa,2025,foreign,10568,41215200,3900.0,derived,11
Polonnaruwa,2025,foreign,13641,53199900,3900.0,derived,12
Polonnaruwa,2025,local,12090,725400,60.0,derived,1
Polonnaruwa,2025,local,11981,718860,60.0,derived,2
Polonnaruwa,2025,local,11862,711720,60.0,derived,3
Polonnaruwa,2025,local,9243,554580,60.0,derived,4
Polonnaruwa,2025,local,7711,462660,60.0,derived,5
Polonnaruwa,2025,local,8511,510660,60.0,derived,6
Polonnaruwa,2025,local,12481,748860,60.0,derived,7
Polonnaruwa,2025,local,11755,705300,60.0,derived,8
Polonnaruwa,2025,local,9406,564360,60.0,derived,9
Polonnaruwa,2025,local,10164,609840,60.0,derived,10
Polonnaruwa,2025,local,12003,720180,60.0,derived,11
Polonnaruwa,2025,local,15494,929640,60.0,derived,12
Sigiriya,2015,foreign,18287,172812150,9450.0,derived,1
Sigiriya,2015,foreign,18121,171243450,9450.0,derived,2
Sigiriya,2015,foreign,17942,169551900,9450.0,derived,3
Sigiriya,2015,foreign,13980,132111000,9450.0,derived,4
Sigiriya,2015,foreign,11664,110224800,9450.0,derived,5
Sigiriya,2015,foreign,12873,121649850,9450.0,derived,6
Sigiriya,2015,foreign,18877,178387650,9450.0,derived,7
Sigiriya,2015,foreign,17779,168011550,9450.0,derived,8
Sigiriya,2015,foreign,14227,134445150,9450.0,derived,9
Sigiriya,2015,foreign,15374,145284300,9450.0,derived,10
Sigiriya,2015,foreign,18155,171564750,9450.0,derived,11
Sigiriya,2015,foreign,23435,221460750,9450.0,derived,12
Sigiriya,2015,local,25335,2533500,100.0,derived,1
Sigiriya,2015,local,25106,2510600,100.0,derived,2
Sigiriya,2015,local,24857,2485700,100.0,derived,3
Sigiriya,2015,local,19369,1936900,100.0,derived,4
Sigiriya,2015,local,16159,1615900,100.0,derived,5
Sigiriya,2015,local,17835,1783500,100.0,derived,6
Sigiriya,2015,local,26153,2615300,100.0,derived,7
Sigiriya,2015,local,24632,2463200,100.0,derived,8
Sigiriya,2015,local,19710,1971000,100.0,derived,9
Sigiriya,2015,local,21299,2129900,100.0,derived,10
Sigiriya,2015,local,25152,2515200,100.0,derived,11
Sigiriya,2015,local,32467,3246700,100.0,derived,12
Sigiriya,2016,foreign,20576,194443200,9450.0,derived,1
Sigiriya,2016,foreign,20390,192685500,9450.0,derived,2
Sigiriya,2016,foreign,20188,190776600,9450.0,derived,3
Sigiriya,2016,foreign,15731,148657950,9450.0,derived,4
Sigiriya,2016,foreign,13124,124021800,9450.0,derived,5
Sigiriya,2016,foreign,14485,136883250,9450.0,derived,6
Sigiriya,2016,foreign,21241,200727450,9450.0,derived,7
Sigiriya,2016,foreign,20005,189047250,9450.0,derived,8
Sigiriya,2016,foreign,16008,151275600,9450.0,derived,9
Sigiriya,2016,foreign,17298,163466100,9450.0,derived,10
Sigiriya,2016,foreign,20428,193044600,9450.0,derived,11
Sigiriya,2016,foreign,26369,249187050,9450.0,derived,12
Sigiriya,2016,local,29094,2909400,100.0,derived,1
Sigiriya,2016,local,28830,2883000,100.0,derived,2
Sigiriya,2016,local,28545,2854500,100.0,derived,3
Sigiriya,2016,local,22242,2224200,100.0,derived,4
Sigiriya,2016,local,18557,1855700,100.0,derived,5
Sigiriya,2016,local,20481,2048100,100.0,derived,6
Sigiriya,2016,local,30033,3003300,100.0,derived,7
Sigiriya,2016,local,28286,2828600,100.0,derived,8
Sigiriya,2016,local,22635,2263500,100.0,derived,9
Sigiriya,2016,local,24459,2445900,100.0,derived,10
Sigiriya,2016,local,28884,2888400,100.0,derived,11
Sigiriya,2016,local,37284,3728400,100.0,derived,12
Sigiriya,2017,foreign,21536,203515200,9450.0,derived,1
Sigiriya,2017,foreign,21341,201672450,9450.0,derived,2
Sigiriya,2017,foreign,21130,199678500,9450.0,derived,3
Sigiriya,2017,foreign,16464,155584800,9450.0,derived,4
Sigiriya,2017,foreign,13736,129805200,9450.0,derived,5
Sigiriya,2017,foreign,15161,143271450,9450.0,derived,6
Sigiriya,2017,foreign,22231,210082950,9450.0,derived,7
Sigiriya,2017,foreign,20938,197864100,9450.0,derived,8
Sigiriya,2017,foreign,16755,158334750,9450.0,derived,9
Sigiriya,2017,foreign,18105,171092250,9450.0,derived,10
Sigiriya,2017,foreign,21381,202050450,9450.0,derived,11
Sigiriya,2017,foreign,27599,260810550,9450.0,derived,12
Sigiriya,2017,local,30252,3025200,100.0,derived,1
Sigiriya,2017,local,29978,2997800,100.0,derived,2
Sigiriya,2017,local,29682,2968200,100.0,derived,3
Sigiriya,2017,local,23127,2312700,100.0,derived,4
Sigiriya,2017,local,19296,1929600,100.0,derived,5
Sigiriya,2017,local,21296,2129600,100.0,derived,6
Sigiriya,2017,local,31228,3122800,100.0,derived,7
Sigiriya,2017,local,29412,2941200,100.0,derived,8
Sigiriya,2017,local,23536,2353600,100.0,derived,9
Sigiriya,2017,local,25433,2543300,100.0,derived,10
Sigiriya,2017,local,30033,3003300,100.0,derived,11
Sigiriya,2017,local,38768,3876800,100.0,derived,12
Sigiriya,2018,foreign,23530,222358500,9450.0,derived,1
Sigiriya,2018,foreign,23317,220345650,9450.0,derived,2
Sigiriya,2018,foreign,23087,218172150,9450.0,derived,3
Sigiriya,2018,foreign,17989,169996050,9450.0,derived,4
Sigiriya,2018,foreign,15008,141825600,9450.0,derived,5
Sigiriya,2018,foreign,16565,156539250,9450.0,derived,6
Sigiriya,2018,foreign,24290,229540500,9450.0,derived,7
Sigiriya,2018,foreign,22877,216187650,9450.0,derived,8
Sigiriya,2018,foreign,18307,173001150,9450.0,derived,9
Sigiriya,2018,foreign,19782,186939900,9450.0,derived,10
Sigiriya,2018,foreign,23361,220761450,9450.0,derived,11
Sigiriya,2018,foreign,30154,284955300,9450.0,derived,12
Sigiriya,2018,local,33151,3315100,100.0,derived,1
Sigiriya,2018,local,32851,3285100,100.0,derived,2
Sigiriya,2018,local,32527,3252700,100.0,derived,3
Sigiriya,2018,local,25344,2534400,100.0,derived,4
Sigiriya,2018,local,21145,2114500,100.0,derived,5
Sigiriya,2018,local,23337,2333700,100.0,derived,6
Sigiriya,2018,local,34222,3422200,100.0,derived,7
Sigiriya,2018,local,32231,3223100,100.0,derived,8
Sigiriya,2018,local,25792,2579200,100.0,derived,9
Sigiriya,2018,local,27870,2787000,100.0,derived,10
Sigiriya,2018,local,32912,3291200,100.0,derived,11
Sigiriya,2018,local,42484,4248400,100.0,derived,12
Sigiriya,2019,foreign,19435,183660750,9450.0,derived,1
Sigiriya,2019,foreign,19259,181997550,9450.0,derived,2
Sigiriya,2019,foreign,19069,180202050,9450.0,derived,3
Sigiriya,2019,foreign,14858,140408100,9450.0,derived,4
Sigiriya,2019,foreign,12396,117142200,9450.0,derived,5
Sigiriya,2019,foreign,13681,129285450,9450.0,derived,6
Sigiriya,2019,foreign,20062,189585900,9450.0,derived,7
Sigiriya,2019,foreign,18896,178567200,9450.0,derived,8
Sigiriya,2019,foreign,15120,142884000,9450.0,derived,9
Sigiriya,2019,foreign,16339,154403550,9450.0,derived,10
Sigiriya,2019,foreign,19295,182337750,9450.0,derived,11
Sigiriya,2019,foreign,24906,235361700,9450.0,derived,12
Sigiriya,2019,local,27333,2733300,100.0,derived,1
Sigiriya,2019,local,27086,2708600,100.0,derived,2
Sigiriya,2019,local,26818,2681800,100.0,derived,3
Sigiriya,2019,local,20896,2089600,100.0,derived,4
Sigiriya,2019,local,17434,1743400,100.0,derived,5
Sigiriya,2019,local,19242,1924200,100.0,derived,6
Sigiriya,2019,local,28216,2821600,100.0,derived,7
Sigiriya,2019,local,26575,2657500,100.0,derived,8
Sigiriya,2019,local,21265,2126500,100.0,derived,9
Sigiriya,2019,local,22979,2297900,100.0,derived,10
Sigiriya,2019,local,27136,2713600,100.0,derived,11
Sigiriya,2019,local,35028,3502800,100.0,derived,12
Sigiriya,2020,foreign,5118,48365100,9450.0,derived,1
Sigiriya,2020,foreign,5071,47920950,9450.0,derived,2
Sigiriya,2020,foreign,5021,47448450,9450.0,derived,3
Sigiriya,2020,foreign,3912,36968400,9450.0,derived,4
Sigiriya,2020,foreign,3264,30844800,9450.0,derived,5
Sigiriya,2020,foreign,3603,34048350,9450.0,derived,6
Sigiriya,2020,foreign,5283,49924350,9450.0,derived,7
Sigiriya,2020,foreign,4976,47023200,9450.0,derived,8
Sigiriya,2020,foreign,3982,37629900,9450.0,derived,9
Sigiriya,2020,foreign,4302,40653900,9450.0,derived,10
Sigiriya,2020,foreign,5081,48015450,9450.0,derived,11
Sigiriya,2020,foreign,6559,61982550,9450.0,derived,12
Sigiriya,2020,local,7248,724800,100.0,derived,1
Sigiriya,2020,local,7182,718200,100.0,derived,2
Sigiriya,2020,local,7111,711100,100.0,derived,3
Sigiriya,2020,local,5541,554100,100.0,derived,4
Sigiriya,2020,local,4623,462300,100.0,derived,5
Sigiriya,2020,local,5102,510200,100.0,derived,6
Sigiriya,2020,local,7482,748200,100.0,derived,7
Sigiriya,2020,local,7047,704700,100.0,derived,8
Sigiriya,2020,local,5639,563900,100.0,derived,9
Sigiriya,2020,local,6093,609300,100.0,derived,10
Sigiriya,2020,local,7195,719500,100.0,derived,11
Sigiriya,2020,local,9288,928800,100.0,derived,12
Sigiriya,2021,foreign,1990,18805500,9450.0,derived,1
Sigiriya,2021,foreign,1972,18635400,9450.0,derived,2
Sigiriya,2021,foreign,1952,18446400,9450.0,derived,3
Sigiriya,2021,foreign,1521,14373450,9450.0,derived,4
Sigiriya,2021,foreign,1269,11992050,9450.0,derived,5
Sigiriya,2021,foreign,1401,13239450,9450.0,derived,6
Sigiriya,2021,foreign,2054,19410300,9450.0,derived,7
Sigiriya,2021,foreign,1935,18285750,9450.0,derived,8
Sigiriya,2021,foreign,1548,14628600,9450.0,derived,9
Sigiriya,2021,foreign,1673,15809850,9450.0,derived,10
Sigiriya,2021,foreign,1975,18663750,9450.0,derived,11
Sigiriya,2021,foreign,2550,24097500,9450.0,derived,12
Sigiriya,2021,local,2794,279400,100.0,derived,1
Sigiriya,2021,local,2769,276900,100.0,derived,2
Sigiriya,2021,local,2742,274200,100.0,derived,3
Sigiriya,2021,local,2136,213600,100.0,derived,4
Sigiriya,2021,local,1782,178200,100.0,derived,5
Sigiriya,2021,local,1967,196700,100.0,derived,6
Sigiriya,2021,local,2885,288500,100.0,derived,7
Sigiriya,2021,local,2717,271700,100.0,derived,8
Sigiriya,2021,local,2174,217400,100.0,derived,9
Sigiriya,2021,local,2349,234900,100.0,derived,10
Sigiriya,2021,local,2774,277400,100.0,derived,11
Sigiriya,2021,local,3581,358100,100.0,derived,12
Sigiriya,2022,foreign,7264,68644800,9450.0,derived,1
Sigiriya,2022,foreign,7199,68030550,9450.0,derived,2
Sigiriya,2022,foreign,7127,67350150,9450.0,derived,3
Sigiriya,2022,foreign,5553,52475850,9450.0,derived,4
Sigiriya,2022,foreign,4633,43781850,9450.0,derived,5
Sigiriya,2022,foreign,5114,48327300,9450.0,derived,6
Sigiriya,2022,foreign,7499,70865550,9450.0,derived,7
Sigiriya,2022,foreign,7063,66745350,9450.0,derived,8
Sigiriya,2022,foreign,5652,53411400,9450.0,derived,9
Sigiriya,2022,foreign,6107,57711150,9450.0,derived,10
Sigiriya,2022,foreign,7212,68153400,9450.0,derived,11
Sigiriya,2022,foreign,9309,87970050,9450.0,derived,12
Sigiriya,2022,local,10301,1030100,100.0,derived,1
Sigiriya,2022,local,10208,1020800,100.0,derived,2
Sigiriya,2022,local,10107,1010700,100.0,derived,3
Sigiriya,2022,local,7875,787500,100.0,derived,4
Sigiriya,2022,local,6571,657100,100.0,derived,5
Sigiriya,2022,local,7252,725200,100.0,derived,6
Sigiriya,2022,local,10634,1063400,100.0,derived,7
Sigiriya,2022,local,10016,1001600,100.0,derived,8
Sigiriya,2022,local,8014,801400,100.0,derived,9
Sigiriya,2022,local,8660,866000,100.0,derived,10
Sigiriya,2022,local,10227,1022700,100.0,derived,11
Sigiriya,2022,local,13202,1320200,100.0,derived,12
Sigiriya,2023,foreign,24895,235257750,9450.0,derived,1
Sigiriya,2023,foreign,24670,233131500,9450.0,derived,2
Sigiriya,2023,foreign,24426,230825700,9450.0,derived,3
Sigiriya,2023,foreign,19033,179861850,9450.0,derived,4
Sigiriya,2023,foreign,15879,150056550,9450.0,derived,5
Sigiriya,2023,foreign,17525,165611250,9450.0,derived,6
Sigiriya,2023,foreign,25699,242855550,9450.0,derived,7
Sigiriya,2023,foreign,24205,228737250,9450.0,derived,8
Sigiriya,2023,foreign,19369,183037050,9450.0,derived,9
Sigiriya,2023,foreign,20930,197788500,9450.0,derived,10
Sigiriya,2023,foreign,24716,233566200,9450.0,derived,11
Sigiriya,2023,foreign,31904,301492800,9450.0,derived,12
Sigiriya,2023,local,57910,5791000,100.0,derived,1
Sigiriya,2023,local,57386,5738600,100.0,derived,2
Sigiriya,2023,local,56819,5681900,100.0,derived,3
Sigiriya,2023,local,44273,4427300,100.0,derived,4
Sigiriya,2023,local,36937,3693700,100.0,derived,5
Sigiriya,2023,local,40767,4076700,100.0,derived,6
Sigiriya,2023,local,59780,5978000,100.0,derived,7
Sigiriya,2023,local,56303,5630300,100.0,derived,8
Sigiriya,2023,local,45054,4505400,100.0,derived,9
Sigiriya,2023,local,48685,4868500,100.0,derived,10
Sigiriya,2023,local,57492,5749200,100.0,derived,11
Sigiriya,2023,local,74212,7421200,100.0,derived,12
Sigiriya,2024,foreign,20810,196654500,9450.0,derived,1
Sigiriya,2024,foreign,20622,194877900,9450.0,derived,2
Sigiriya,2024,foreign,20418,192950100,9450.0,derived,3
Sigiriya,2024,foreign,15909,150340050,9450.0,derived,4
Sigiriya,2024,foreign,13273,125429850,9450.0,derived,5
Sigiriya,2024,foreign,14650,138442500,9450.0,derived,6
Sigiriya,2024,foreign,21482,203004900,9450.0,derived,7
Sigiriya,2024,foreign,20233,191201850,9450.0,derived,8
Sigiriya,2024,foreign,16190,152995500,9450.0,derived,9
Sigiriya,2024,foreign,17495,165327750,9450.0,derived,10
Sigiriya,2024,foreign,20660,195237000,9450.0,derived,11
Sigiriya,2024,foreign,26668,252012600,9450.0,derived,12
Sigiriya,2024,local,29144,2914400,100.0,derived,1
Sigiriya,2024,local,28880,2888000,100.0,derived,2
Sigiriya,2024,local,28595,2859500,100.0,derived,3
Sigiriya,2024,local,22281,2228100,100.0,derived,4
Sigiriya,2024,local,18589,1858900,100.0,derived,5
Sigiriya,2024,local,20516,2051600,100.0,derived,6
Sigiriya,2024,local,30085,3008500,100.0,derived,7
Sigiriya,2024,local,28335,2833500,100.0,derived,8
Sigiriya,2024,local,22674,2267400,100.0,derived,9
Sigiriya,2024,local,24501,2450100,100.0,derived,10
Sigiriya,2024,local,28934,2893400,100.0,derived,11
Sigiriya,2024,local,37348,3734800,100.0,derived,12
Sigiriya,2025,foreign,52420,495369000,9450.0,derived,1
Sigiriya,2025,foreign,51945,490880250,9450.0,derived,2
Sigiriya,2025,foreign,51432,486032400,9450.0,derived,3
Sigiriya,2025,foreign,40075,378708750,9450.0,derived,4
Sigiriya,2025,foreign,33435,315960750,9450.0,derived,5
Sigiriya,2025,foreign,36902,348723900,9450.0,derived,6
Sigiriya,2025,foreign,54112,511358400,9450.0,derived,7
Sigiriya,2025,foreign,50965,481619250,9450.0,derived,8
Sigiriya,2025,foreign,40783,385399350,9450.0,derived,9
Sigiriya,2025,foreign,44069,416452050,9450.0,derived,10
Sigiriya,2025,foreign,52042,491796900,9450.0,derived,11
Sigiriya,2025,foreign,67176,634813200,9450.0,derived,12
Sigiriya,2025,local,45957,4595700,100.0,derived,1
Sigiriya,2025,local,45541,4554100,100.0,derived,2
Sigiriya,2025,local,45091,4509100,100.0,derived,3
Sigiriya,2025,local,35134,3513400,100.0,derived,4
Sigiriya,2025,local,29313,2931300,100.0,derived,5
Sigiriya,2025,local,32352,3235200,100.0,derived,6
Sigiriya,2025,local,47440,4744000,100.0,derived,7
Sigiriya,2025,local,44681,4468100,100.0,derived,8
Sigiriya,2025,local,35754,3575400,100.0,derived,9
Sigiriya,2025,local,38636,3863600,100.0,derived,10
Sigiriya,2025,local,45625,4562500,100.0,derived,11
Sigiriya,2025,local,58894,5889400,100.0,derived,12
Trincomalee,2015,foreign,1016,4267200,4200.0,derived,1
Trincomalee,2015,foreign,1016,4267200,4200.0,derived,2
Trincomalee,2015,foreign,1525,6405000,4200.0,derived,3
Trincomalee,2015,foreign,2288,9609600,4200.0,derived,4
Trincomalee,2015,foreign,3050,12810000,4200.0,derived,5
Trincomalee,2015,foreign,3305,13881000,4200.0,derived,6
Trincomalee,2015,foreign,3305,13881000,4200.0,derived,7
Trincomalee,2015,foreign,3050,12810000,4200.0,derived,8
Trincomalee,2015,foreign,2542,10676400,4200.0,derived,9
Trincomalee,2015,foreign,1779,7471800,4200.0,derived,10
Trincomalee,2015,foreign,1271,5338200,4200.0,derived,11
Trincomalee,2015,foreign,1271,5338200,4200.0,derived,12
Trincomalee,2015,local,1451,116080,80.0,derived,1
Trincomalee,2015,local,1451,116080,80.0,derived,2
Trincomalee,2015,local,2177,174160,80.0,derived,3
Trincomalee,2015,local,3266,261280,80.0,derived,4
Trincomalee,2015,local,4355,348400,80.0,derived,5
Trincomalee,2015,local,4717,377360,80.0,derived,6
Trincomalee,2015,local,4717,377360,80.0,derived,7
Trincomalee,2015,local,4355,348400,80.0,derived,8
Trincomalee,2015,local,3629,290320,80.0,derived,9
Trincomalee,2015,local,2540,203200,80.0,derived,10
Trincomalee,2015,local,1814,145120,80.0,derived,11
Trincomalee,2015,local,1814,145120,80.0,derived,12
Trincomalee,2016,foreign,1182,4964400,4200.0,derived,1
Trincomalee,2016,foreign,1182,4964400,4200.0,derived,2
Trincomalee,2016,foreign,1773,7446600,4200.0,derived,3
Trincomalee,2016,foreign,2660,11172000,4200.0,derived,4
Trincomalee,2016,foreign,3546,14893200,4200.0,derived,5
Trincomalee,2016,foreign,3842,16136400,4200.0,derived,6
Trincomalee,2016,foreign,3842,16136400,4200.0,derived,7
Trincomalee,2016,foreign,3546,14893200,4200.0,derived,8
Trincomalee,2016,foreign,2955,12411000,4200.0,derived,9
Trincomalee,2016,foreign,2068,8685600,4200.0,derived,10
Trincomalee,2016,foreign,1477,6203400,4200.0,derived,11
Trincomalee,2016,foreign,1477,6203400,4200.0,derived,12
Trincomalee,2016,local,1675,134000,80.0,derived,1
Trincomalee,2016,local,1675,134000,80.0,derived,2
Trincomalee,2016,local,2513,201040,80.0,derived,3
Trincomalee,2016,local,3769,301520,80.0,derived,4
Trincomalee,2016,local,5026,402080,80.0,derived,5
Trincomalee,2016,local,5444,435520,80.0,derived,6
Trincomalee,2016,local,5444,435520,80.0,derived,7
Trincomalee,2016,local,5026,402080,80.0,derived,8
Trincomalee,2016,local,4188,335040,80.0,derived,9
Trincomalee,2016,local,2931,234480,80.0,derived,10
Trincomalee,2016,local,2094,167520,80.0,derived,11
Trincomalee,2016,local,2094,167520,80.0,derived,12
Trincomalee,2017,foreign,1005,4221000,4200.0,derived,1
Trincomalee,2017,foreign,1005,4221000,4200.0,derived,2
Trincomalee,2017,foreign,1508,6333600,4200.0,derived,3
Trincomalee,2017,foreign,2262,9500400,4200.0,derived,4
Trincomalee,2017,foreign,3017,12671400,4200.0,derived,5
Trincomalee,2017,foreign,3268,13725600,4200.0,derived,6
Trincomalee,2017,foreign,3268,13725600,4200.0,derived,7
Trincomalee,2017,foreign,3017,12671400,4200.0,derived,8
Trincomalee,2017,foreign,2514,10558800,4200.0,derived,9
Trincomalee,2017,foreign,1760,7392000,4200.0,derived,10
Trincomalee,2017,foreign,1257,5279400,4200.0,derived,11
Trincomalee,2017,foreign,1257,5279400,4200.0,derived,12
Trincomalee,2017,local,3195,255600,80.0,derived,1
Trincomalee,2017,local,3195,255600,80.0,derived,2
Trincomalee,2017,local,4792,383360,80.0,derived,3
Trincomalee,2017,local,7189,575120,80.0,derived,4
Trincomalee,2017,local,9585,766800,80.0,derived,5
Trincomalee,2017,local,10384,830720,80.0,derived,6
Trincomalee,2017,local,10384,830720,80.0,derived,7
Trincomalee,2017,local,9585,766800,80.0,derived,8
Trincomalee,2017,local,7987,638960,80.0,derived,9
Trincomalee,2017,local,5591,447280,80.0,derived,10
Trincomalee,2017,local,3993,319440,80.0,derived,11
Trincomalee,2017,local,3993,319440,80.0,derived,12
Trincomalee,2018,foreign,1325,5565000,4200.0,derived,1
Trincomalee,2018,foreign,1325,5565000,4200.0,derived,2
Trincomalee,2018,foreign,1987,8345400,4200.0,derived,3
Trincomalee,2018,foreign,2981,12520200,4200.0,derived,4
Trincomalee,2018,foreign,3975,16695000,4200.0,derived,5
Trincomalee,2018,foreign,4306,18085200,4200.0,derived,6
Trincomalee,2018,foreign,4306,18085200,4200.0,derived,7
Trincomalee,2018,foreign,3975,16695000,4200.0,derived,8
Trincomalee,2018,foreign,3312,13910400,4200.0,derived,9
Trincomalee,2018,foreign,2318,9735600,4200.0,derived,10
Trincomalee,2018,foreign,1656,6955200,4200.0,derived,11
Trincomalee,2018,foreign,1656,6955200,4200.0,derived,12
Trincomalee,2018,local,3477,278160,80.0,derived,1
Trincomalee,2018,local,3477,278160,80.0,derived,2
Trincomalee,2018,local,5216,417280,80.0,derived,3
Trincomalee,2018,local,7824,625920,80.0,derived,4
Trincomalee,2018,local,10432,834560,80.0,derived,5
Trincomalee,2018,local,11302,904160,80.0,derived,6
Trincomalee,2018,local,11302,904160,80.0,derived,7
Trincomalee,2018,local,10432,834560,80.0,derived,8
Trincomalee,2018,local,8693,695440,80.0,derived,9
Trincomalee,2018,local,6085,486800,80.0,derived,10
Trincomalee,2018,local,4346,347680,80.0,derived,11
Trincomalee,2018,local,4346,347680,80.0,derived,12
Trincomalee,2019,foreign,1103,4632600,4200.0,derived,1
Trincomalee,2019,foreign,1103,4632600,4200.0,derived,2
Trincomalee,2019,foreign,1655,6951000,4200.0,derived,3
Trincomalee,2019,foreign,2483,10428600,4200.0,derived,4
Trincomalee,2019,foreign,3311,13906200,4200.0,derived,5
Trincomalee,2019,foreign,3586,15061200,4200.0,derived,6
Trincomalee,2019,foreign,3586,15061200,4200.0,derived,7
Trincomalee,2019,foreign,3311,13906200,4200.0,derived,8
Trincomalee,2019,foreign,2759,11587800,4200.0,derived,9
Trincomalee,2019,foreign,1931,8110200,4200.0,derived,10
Trincomalee,2019,foreign,1379,5791800,4200.0,derived,11
Trincomalee,2019,foreign,1379,5791800,4200.0,derived,12
Trincomalee,2019,local,1557,124560,80.0,derived,1
Trincomalee,2019,local,1557,124560,80.0,derived,2
Trincomalee,2019,local,2336,186880,80.0,derived,3
Trincomalee,2019,local,3504,280320,80.0,derived,4
Trincomalee,2019,local,4673,373840,80.0,derived,5
Trincomalee,2019,local,5062,404960,80.0,derived,6
Trincomalee,2019,local,5062,404960,80.0,derived,7
Trincomalee,2019,local,4673,373840,80.0,derived,8
Trincomalee,2019,local,3894,311520,80.0,derived,9
Trincomalee,2019,local,2726,218080,80.0,derived,10
Trincomalee,2019,local,1947,155760,80.0,derived,11
Trincomalee,2019,local,1947,155760,80.0,derived,12
Trincomalee,2020,foreign,47,197400,4200.0,derived,1
Trincomalee,2020,foreign,47,197400,4200.0,derived,2
Trincomalee,2020,foreign,70,294000,4200.0,derived,3
Trincomalee,2020,foreign,105,441000,4200.0,derived,4
Trincomalee,2020,foreign,141,592200,4200.0,derived,5
Trincomalee,2020,foreign,153,642600,4200.0,derived,6
Trincomalee,2020,foreign,153,642600,4200.0,derived,7
Trincomalee,2020,foreign,141,592200,4200.0,derived,8
Trincomalee,2020,foreign,117,491400,4200.0,derived,9
Trincomalee,2020,foreign,82,344400,4200.0,derived,10
Trincomalee,2020,foreign,58,243600,4200.0,derived,11
Trincomalee,2020,foreign,58,243600,4200.0,derived,12
Trincomalee,2020,local,1119,89520,80.0,derived,1
Trincomalee,2020,local,1119,89520,80.0,derived,2
Trincomalee,2020,local,1679,134320,80.0,derived,3
Trincomalee,2020,local,2518,201440,80.0,derived,4
Trincomalee,2020,local,3358,268640,80.0,derived,5
Trincomalee,2020,local,3638,291040,80.0,derived,6
Trincomalee,2020,local,3638,291040,80.0,derived,7
Trincomalee,2020,local,3358,268640,80.0,derived,8
Trincomalee,2020,local,2798,223840,80.0,derived,9
Trincomalee,2020,local,1959,156720,80.0,derived,10
Trincomalee,2020,local,1399,111920,80.0,derived,11
Trincomalee,2020,local,1399,111920,80.0,derived,12
Trincomalee,2021,foreign,110,462000,4200.0,derived,1
Trincomalee,2021,foreign,110,462000,4200.0,derived,2
Trincomalee,2021,foreign,165,693000,4200.0,derived,3
Trincomalee,2021,foreign,248,1041600,4200.0,derived,4
Trincomalee,2021,foreign,331,1390200,4200.0,derived,5
Trincomalee,2021,foreign,359,1507800,4200.0,derived,6
Trincomalee,2021,foreign,359,1507800,4200.0,derived,7
Trincomalee,2021,foreign,331,1390200,4200.0,derived,8
Trincomalee,2021,foreign,276,1159200,4200.0,derived,9
Trincomalee,2021,foreign,193,810600,4200.0,derived,10
Trincomalee,2021,foreign,138,579600,4200.0,derived,11
Trincomalee,2021,foreign,138,579600,4200.0,derived,12
Trincomalee,2021,local,157,12560,80.0,derived,1
Trincomalee,2021,local,157,12560,80.0,derived,2
Trincomalee,2021,local,235,18800,80.0,derived,3
Trincomalee,2021,local,353,28240,80.0,derived,4
Trincomalee,2021,local,471,37680,80.0,derived,5
Trincomalee,2021,local,511,40880,80.0,derived,6
Trincomalee,2021,local,511,40880,80.0,derived,7
Trincomalee,2021,local,471,37680,80.0,derived,8
Trincomalee,2021,local,393,31440,80.0,derived,9
Trincomalee,2021,local,275,22000,80.0,derived,10
Trincomalee,2021,local,196,15680,80.0,derived,11
Trincomalee,2021,local,196,15680,80.0,derived,12
Trincomalee,2022,foreign,416,1747200,4200.0,derived,1
Trincomalee,2022,foreign,416,1747200,4200.0,derived,2
Trincomalee,2022,foreign,625,2625000,4200.0,derived,3
Trincomalee,2022,foreign,937,3935400,4200.0,derived,4
Trincomalee,2022,foreign,1250,5250000,4200.0,derived,5
Trincomalee,2022,foreign,1354,5686800,4200.0,derived,6
Trincomalee,2022,foreign,1354,5686800,4200.0,derived,7
Trincomalee,2022,foreign,1250,5250000,4200.0,derived,8
Trincomalee,2022,foreign,1041,4372200,4200.0,derived,9
Trincomalee,2022,foreign,729,3061800,4200.0,derived,10
Trincomalee,2022,foreign,520,2184000,4200.0,derived,11
Trincomalee,2022,foreign,520,2184000,4200.0,derived,12
Trincomalee,2022,local,576,46080,80.0,derived,1
Trincomalee,2022,local,576,46080,80.0,derived,2
Trincomalee,2022,local,864,69120,80.0,derived,3
Trincomalee,2022,local,1296,103680,80.0,derived,4
Trincomalee,2022,local,1728,138240,80.0,derived,5
Trincomalee,2022,local,1873,149840,80.0,derived,6
Trincomalee,2022,local,1873,149840,80.0,derived,7
Trincomalee,2022,local,1728,138240,80.0,derived,8
Trincomalee,2022,local,1440,115200,80.0,derived,9
Trincomalee,2022,local,1008,80640,80.0,derived,10
Trincomalee,2022,local,720,57600,80.0,derived,11
Trincomalee,2022,local,720,57600,80.0,derived,12
Trincomalee,2023,foreign,373,1566600,4200.0,derived,1
Trincomalee,2023,foreign,373,1566600,4200.0,derived,2
Trincomalee,2023,foreign,560,2352000,4200.0,derived,3
Trincomalee,2023,foreign,840,3528000,4200.0,derived,4
Trincomalee,2023,foreign,1121,4708200,4200.0,derived,5
Trincomalee,2023,foreign,1214,5098800,4200.0,derived,6
Trincomalee,2023,foreign,1214,5098800,4200.0,derived,7
Trincomalee,2023,foreign,1121,4708200,4200.0,derived,8
Trincomalee,2023,foreign,934,3922800,4200.0,derived,9
Trincomalee,2023,foreign,653,2742600,4200.0,derived,10
Trincomalee,2023,foreign,467,1961400,4200.0,derived,11
Trincomalee,2023,foreign,467,1961400,4200.0,derived,12
Trincomalee,2023,local,2157,172560,80.0,derived,1
Trincomalee,2023,local,2157,172560,80.0,derived,2
Trincomalee,2023,local,3236,258880,80.0,derived,3
Trincomalee,2023,local,4854,388320,80.0,derived,4
Trincomalee,2023,local,6473,517840,80.0,derived,5
Trincomalee,2023,local,7012,560960,80.0,derived,6
Trincomalee,2023,local,7012,560960,80.0,derived,7
Trincomalee,2023,local,6473,517840,80.0,derived,8
Trincomalee,2023,local,5394,431520,80.0,derived,9
Trincomalee,2023,local,3776,302080,80.0,derived,10
Trincomalee,2023,local,2697,215760,80.0,derived,11
Trincomalee,2023,local,2697,215760,80.0,derived,12
Trincomalee,2024,foreign,1205,5061000,4200.0,derived,1
Trincomalee,2024,foreign,1205,5061000,4200.0,derived,2
Trincomalee,2024,foreign,1808,7593600,4200.0,derived,3
Trincomalee,2024,foreign,2712,11390400,4200.0,derived,4
Trincomalee,2024,foreign,3616,15187200,4200.0,derived,5
Trincomalee,2024,foreign,3917,16451400,4200.0,derived,6
Trincomalee,2024,foreign,3917,16451400,4200.0,derived,7
Trincomalee,2024,foreign,3616,15187200,4200.0,derived,8
Trincomalee,2024,foreign,3013,12654600,4200.0,derived,9
Trincomalee,2024,foreign,2109,8857800,4200.0,derived,10
Trincomalee,2024,foreign,1506,6325200,4200.0,derived,11
Trincomalee,2024,foreign,1506,6325200,4200.0,derived,12
Trincomalee,2024,local,1659,132720,80.0,derived,1
Trincomalee,2024,local,1659,132720,80.0,derived,2
Trincomalee,2024,local,2489,199120,80.0,derived,3
Trincomalee,2024,local,3733,298640,80.0,derived,4
Trincomalee,2024,local,4978,398240,80.0,derived,5
Trincomalee,2024,local,5393,431440,80.0,derived,6
Trincomalee,2024,local,5393,431440,80.0,derived,7
Trincomalee,2024,local,4978,398240,80.0,derived,8
Trincomalee,2024,local,4148,331840,80.0,derived,9
Trincomalee,2024,local,2904,232320,80.0,derived,10
Trincomalee,2024,local,2074,165920,80.0,derived,11
Trincomalee,2024,local,2074,165920,80.0,derived,12
Trincomalee,2025,foreign,822,3452400,4200.0,derived,1
Trincomalee,2025,foreign,822,3452400,4200.0,derived,2
Trincomalee,2025,foreign,1233,5178600,4200.0,derived,3
Trincomalee,2025,foreign,1849,7765800,4200.0,derived,4
Trincomalee,2025,foreign,2466,10357200,4200.0,derived,5
Trincomalee,2025,foreign,2671,11218200,4200.0,derived,6
Trincomalee,2025,foreign,2671,11218200,4200.0,derived,7
Trincomalee,2025,foreign,2466,10357200,4200.0,derived,8
Trincomalee,2025,foreign,2055,8631000,4200.0,derived,9
Trincomalee,2025,foreign,1438,6039600,4200.0,derived,10
Trincomalee,2025,foreign,1027,4313400,4200.0,derived,11
Trincomalee,2025,foreign,1027,4313400,4200.0,derived,12
Trincomalee,2025,local,2953,236240,80.0,derived,1
Trincomalee,2025,local,2953,236240,80.0,derived,2
Trincomalee,2025,local,4430,354400,80.0,derived,3
Trincomalee,2025,local,6646,531680,80.0,derived,4
Trincomalee,2025,local,8861,708880,80.0,derived,5
Trincomalee,2025,local,9600,768000,80.0,derived,6
Trincomalee,2025,local,9600,768000,80.0,derived,7
Trincomalee,2025,local,8861,708880,80.0,derived,8
Trincomalee,2025,local,7384,590720,80.0,derived,9
Trincomalee,2025,local,5169,413520,80.0,derived,10
Trincomalee,2025,local,3692,295360,80.0,derived,11
Trincomalee,2025,local,3692,295360,80.0,derived,12
Unawatuna,2015,foreign,3570,2499000,700.0,derived,1
Unawatuna,2015,foreign,3538,2476600,700.0,derived,2
Unawatuna,2015,foreign,3503,2452100,700.0,derived,3
Unawatuna,2015,foreign,2729,1910300,700.0,derived,4
Unawatuna,2015,foreign,2277,1593900,700.0,derived,5
Unawatuna,2015,foreign,2513,1759100,700.0,derived,6
Unawatuna,2015,foreign,3686,2580200,700.0,derived,7
Unawatuna,2015,foreign,3471,2429700,700.0,derived,8
Unawatuna,2015,foreign,2778,1944600,700.0,derived,9
Unawatuna,2015,foreign,3001,2100700,700.0,derived,10
Unawatuna,2015,foreign,3545,2481500,700.0,derived,11
Unawatuna,2015,foreign,4575,3202500,700.0,derived,12
Unawatuna,2015,local,4969,149070,30.0,derived,1
Unawatuna,2015,local,4924,147720,30.0,derived,2
Unawatuna,2015,local,4876,146280,30.0,derived,3
Unawatuna,2015,local,3799,113970,30.0,derived,4
Unawatuna,2015,local,3169,95070,30.0,derived,5
Unawatuna,2015,local,3498,104940,30.0,derived,6
Unawatuna,2015,local,5130,153900,30.0,derived,7
Unawatuna,2015,local,4831,144930,30.0,derived,8
Unawatuna,2015,local,3866,115980,30.0,derived,9
Unawatuna,2015,local,4178,125340,30.0,derived,10
Unawatuna,2015,local,4934,148020,30.0,derived,11
Unawatuna,2015,local,6368,191040,30.0,derived,12
Unawatuna,2016,foreign,3998,2798600,700.0,derived,1
Unawatuna,2016,foreign,3962,2773400,700.0,derived,2
Unawatuna,2016,foreign,3923,2746100,700.0,derived,3
Unawatuna,2016,foreign,3057,2139900,700.0,derived,4
Unawatuna,2016,foreign,2550,1785000,700.0,derived,5
Unawatuna,2016,foreign,2815,1970500,700.0,derived,6
Unawatuna,2016,foreign,4127,2888900,700.0,derived,7
Unawatuna,2016,foreign,3887,2720900,700.0,derived,8
Unawatuna,2016,foreign,3111,2177700,700.0,derived,9
Unawatuna,2016,foreign,3361,2352700,700.0,derived,10
Unawatuna,2016,foreign,3969,2778300,700.0,derived,11
Unawatuna,2016,foreign,5124,3586800,700.0,derived,12
Unawatuna,2016,local,5630,168900,30.0,derived,1
Unawatuna,2016,local,5579,167370,30.0,derived,2
Unawatuna,2016,local,5524,165720,30.0,derived,3
Unawatuna,2016,local,4304,129120,30.0,derived,4
Unawatuna,2016,local,3591,107730,30.0,derived,5
Unawatuna,2016,local,3963,118890,30.0,derived,6
Unawatuna,2016,local,5812,174360,30.0,derived,7
Unawatuna,2016,local,5474,164220,30.0,derived,8
Unawatuna,2016,local,4380,131400,30.0,derived,9
Unawatuna,2016,local,4733,141990,30.0,derived,10
Unawatuna,2016,local,5589,167670,30.0,derived,11
Unawatuna,2016,local,7215,216450,30.0,derived,12
Unawatuna,2017,foreign,226,158200,700.0,derived,1
Unawatuna,2017,foreign,224,156800,700.0,derived,2
Unawatuna,2017,foreign,221,154700,700.0,derived,3
Unawatuna,2017,foreign,172,120400,700.0,derived,4
Unawatuna,2017,foreign,144,100800,700.0,derived,5
Unawatuna,2017,foreign,159,111300,700.0,derived,6
Unawatuna,2017,foreign,233,163100,700.0,derived,7
Unawatuna,2017,foreign,219,153300,700.0,derived,8
Unawatuna,2017,foreign,175,122500,700.0,derived,9
Unawatuna,2017,foreign,190,133000,700.0,derived,10
Unawatuna,2017,foreign,224,156800,700.0,derived,11
Unawatuna,2017,foreign,289,202300,700.0,derived,12
Unawatuna,2017,local,2128,63840,30.0,derived,1
Unawatuna,2017,local,2109,63270,30.0,derived,2
Unawatuna,2017,local,2088,62640,30.0,derived,3
Unawatuna,2017,local,1627,48810,30.0,derived,4
Unawatuna,2017,local,1357,40710,30.0,derived,5
Unawatuna,2017,local,1498,44940,30.0,derived,6
Unawatuna,2017,local,2197,65910,30.0,derived,7
Unawatuna,2017,local,2069,62070,30.0,derived,8
Unawatuna,2017,local,1656,49680,30.0,derived,9
Unawatuna,2017,local,1789,53670,30.0,derived,10
Unawatuna,2017,local,2113,63390,30.0,derived,11
Unawatuna,2017,local,2727,81810,30.0,derived,12
Unawatuna,2018,foreign,4558,3190600,700.0,derived,1
Unawatuna,2018,foreign,4516,3161200,700.0,derived,2
Unawatuna,2018,foreign,4472,3130400,700.0,derived,3
Unawatuna,2018,foreign,3484,2438800,700.0,derived,4
Unawatuna,2018,foreign,2907,2034900,700.0,derived,5
Unawatuna,2018,foreign,3208,2245600,700.0,derived,6
Unawatuna,2018,foreign,4705,3293500,700.0,derived,7
Unawatuna,2018,foreign,4431,3101700,700.0,derived,8
Unawatuna,2018,foreign,3546,2482200,700.0,derived,9
Unawatuna,2018,foreign,3832,2682400,700.0,derived,10
Unawatuna,2018,foreign,4525,3167500,700.0,derived,11
Unawatuna,2018,foreign,5841,4088700,700.0,derived,12
Unawatuna,2018,local,6355,190650,30.0,derived,1
Unawatuna,2018,local,6298,188940,30.0,derived,2
Unawatuna,2018,local,6236,187080,30.0,derived,3
Unawatuna,2018,local,4859,145770,30.0,derived,4
Unawatuna,2018,local,4054,121620,30.0,derived,5
Unawatuna,2018,local,4474,134220,30.0,derived,6
Unawatuna,2018,local,6561,196830,30.0,derived,7
Unawatuna,2018,local,6179,185370,30.0,derived,8
Unawatuna,2018,local,4944,148320,30.0,derived,9
Unawatuna,2018,local,5343,160290,30.0,derived,10
Unawatuna,2018,local,6310,189300,30.0,derived,11
Unawatuna,2018,local,8145,244350,30.0,derived,12
Unawatuna,2019,foreign,3702,2591400,700.0,derived,1
Unawatuna,2019,foreign,3669,2568300,700.0,derived,2
Unawatuna,2019,foreign,3633,2543100,700.0,derived,3
Unawatuna,2019,foreign,2830,1981000,700.0,derived,4
Unawatuna,2019,foreign,2361,1652700,700.0,derived,5
Unawatuna,2019,foreign,2606,1824200,700.0,derived,6
Unawatuna,2019,foreign,3822,2675400,700.0,derived,7
Unawatuna,2019,foreign,3600,2520000,700.0,derived,8
Unawatuna,2019,foreign,2880,2016000,700.0,derived,9
Unawatuna,2019,foreign,3113,2179100,700.0,derived,10
Unawatuna,2019,foreign,3676,2573200,700.0,derived,11
Unawatuna,2019,foreign,4745,3321500,700.0,derived,12
Unawatuna,2019,local,5204,156120,30.0,derived,1
Unawatuna,2019,local,5157,154710,30.0,derived,2
Unawatuna,2019,local,5106,153180,30.0,derived,3
Unawatuna,2019,local,3979,119370,30.0,derived,4
Unawatuna,2019,local,3319,99570,30.0,derived,5
Unawatuna,2019,local,3664,109920,30.0,derived,6
Unawatuna,2019,local,5372,161160,30.0,derived,7
Unawatuna,2019,local,5060,151800,30.0,derived,8
Unawatuna,2019,local,4049,121470,30.0,derived,9
Unawatuna,2019,local,4375,131250,30.0,derived,10
Unawatuna,2019,local,5167,155010,30.0,derived,11
Unawatuna,2019,local,6670,200100,30.0,derived,12
Unawatuna,2020,foreign,993,695100,700.0,derived,1
Unawatuna,2020,foreign,984,688800,700.0,derived,2
Unawatuna,2020,foreign,974,681800,700.0,derived,3
Unawatuna,2020,foreign,759,531300,700.0,derived,4
Unawatuna,2020,foreign,633,443100,700.0,derived,5
Unawatuna,2020,foreign,699,489300,700.0,derived,6
Unawatuna,2020,foreign,1025,717500,700.0,derived,7
Unawatuna,2020,foreign,966,676200,700.0,derived,8
Unawatuna,2020,foreign,773,541100,700.0,derived,9
Unawatuna,2020,foreign,835,584500,700.0,derived,10
Unawatuna,2020,foreign,986,690200,700.0,derived,11
Unawatuna,2020,foreign,1273,891100,700.0,derived,12
Unawatuna,2020,local,1392,41760,30.0,derived,1
Unawatuna,2020,local,1379,41370,30.0,derived,2
Unawatuna,2020,local,1365,40950,30.0,derived,3
Unawatuna,2020,local,1064,31920,30.0,derived,4
Unawatuna,2020,local,887,26610,30.0,derived,5
Unawatuna,2020,local,980,29400,30.0,derived,6
Unawatuna,2020,local,1437,43110,30.0,derived,7
Unawatuna,2020,local,1353,40590,30.0,derived,8
Unawatuna,2020,local,1083,32490,30.0,derived,9
Unawatuna,2020,local,1170,35100,30.0,derived,10
Unawatuna,2020,local,1382,41460,30.0,derived,11
Unawatuna,2020,local,1784,53520,30.0,derived,12
Unawatuna,2021,foreign,383,268100,700.0,derived,1
Unawatuna,2021,foreign,380,266000,700.0,derived,2
Unawatuna,2021,foreign,376,263200,700.0,derived,3
Unawatuna,2021,foreign,293,205100,700.0,derived,4
Unawatuna,2021,foreign,244,170800,700.0,derived,5
Unawatuna,2021,foreign,269,188300,700.0,derived,6
Unawatuna,2021,foreign,395,276500,700.0,derived,7
Unawatuna,2021,foreign,372,260400,700.0,derived,8
Unawatuna,2021,foreign,298,208600,700.0,derived,9
Unawatuna,2021,foreign,322,225400,700.0,derived,10
Unawatuna,2021,foreign,380,266000,700.0,derived,11
Unawatuna,2021,foreign,491,343700,700.0,derived,12
Unawatuna,2021,local,529,15870,30.0,derived,1
Unawatuna,2021,local,524,15720,30.0,derived,2
Unawatuna,2021,local,519,15570,30.0,derived,3
Unawatuna,2021,local,404,12120,30.0,derived,4
Unawatuna,2021,local,337,10110,30.0,derived,5
Unawatuna,2021,local,372,11160,30.0,derived,6
Unawatuna,2021,local,546,16380,30.0,derived,7
Unawatuna,2021,local,514,15420,30.0,derived,8
Unawatuna,2021,local,411,12330,30.0,derived,9
Unawatuna,2021,local,444,13320,30.0,derived,10
Unawatuna,2021,local,525,15750,30.0,derived,11
Unawatuna,2021,local,677,20310,30.0,derived,12
Unawatuna,2022,foreign,1389,972300,700.0,derived,1
Unawatuna,2022,foreign,1377,963900,700.0,derived,2
Unawatuna,2022,foreign,1363,954100,700.0,derived,3
Unawatuna,2022,foreign,1062,743400,700.0,derived,4
Unawatuna,2022,foreign,886,620200,700.0,derived,5
Unawatuna,2022,foreign,978,684600,700.0,derived,6
Unawatuna,2022,foreign,1434,1003800,700.0,derived,7
Unawatuna,2022,foreign,1351,945700,700.0,derived,8
Unawatuna,2022,foreign,1081,756700,700.0,derived,9
Unawatuna,2022,foreign,1168,817600,700.0,derived,10
Unawatuna,2022,foreign,1379,965300,700.0,derived,11
Unawatuna,2022,foreign,1780,1246000,700.0,derived,12
Unawatuna,2022,local,1992,59760,30.0,derived,1
Unawatuna,2022,local,1974,59220,30.0,derived,2
Unawatuna,2022,local,1954,58620,30.0,derived,3
Unawatuna,2022,local,1523,45690,30.0,derived,4
Unawatuna,2022,local,1270,38100,30.0,derived,5
Unawatuna,2022,local,1402,42060,30.0,derived,6
Unawatuna,2022,local,2056,61680,30.0,derived,7
Unawatuna,2022,local,1936,58080,30.0,derived,8
Unawatuna,2022,local,1549,46470,30.0,derived,9
Unawatuna,2022,local,1674,50220,30.0,derived,10
Unawatuna,2022,local,1977,59310,30.0,derived,11
Unawatuna,2022,local,2553,76590,30.0,derived,12
Unawatuna,2023,foreign,126,88200,700.0,derived,1
Unawatuna,2023,foreign,125,87500,700.0,derived,2
Unawatuna,2023,foreign,124,86800,700.0,derived,3
Unawatuna,2023,foreign,96,67200,700.0,derived,4
Unawatuna,2023,foreign,80,56000,700.0,derived,5
Unawatuna,2023,foreign,89,62300,700.0,derived,6
Unawatuna,2023,foreign,130,91000,700.0,derived,7
Unawatuna,2023,foreign,123,86100,700.0,derived,8
Unawatuna,2023,foreign,98,68600,700.0,derived,9
Unawatuna,2023,foreign,106,74200,700.0,derived,10
Unawatuna,2023,foreign,125,87500,700.0,derived,11
Unawatuna,2023,foreign,162,113400,700.0,derived,12
Unawatuna,2023,local,2814,84420,30.0,derived,1
Unawatuna,2023,local,2789,83670,30.0,derived,2
Unawatuna,2023,local,2761,82830,30.0,derived,3
Unawatuna,2023,local,2151,64530,30.0,derived,4
Unawatuna,2023,local,1795,53850,30.0,derived,5
Unawatuna,2023,local,1981,59430,30.0,derived,6
Unawatuna,2023,local,2905,87150,30.0,derived,7
Unawatuna,2023,local,2736,82080,30.0,derived,8
Unawatuna,2023,local,2189,65670,30.0,derived,9
Unawatuna,2023,local,2366,70980,30.0,derived,10
Unawatuna,2023,local,2794,83820,30.0,derived,11
Unawatuna,2023,local,3607,108210,30.0,derived,12
Unawatuna,2024,foreign,4066,2846200,700.0,derived,1
Unawatuna,2024,foreign,4029,2820300,700.0,derived,2
Unawatuna,2024,foreign,3990,2793000,700.0,derived,3
Unawatuna,2024,foreign,3109,2176300,700.0,derived,4
Unawatuna,2024,foreign,2593,1815100,700.0,derived,5
Unawatuna,2024,foreign,2862,2003400,700.0,derived,6
Unawatuna,2024,foreign,4198,2938600,700.0,derived,7
Unawatuna,2024,foreign,3953,2767100,700.0,derived,8
Unawatuna,2024,foreign,3163,2214100,700.0,derived,9
Unawatuna,2024,foreign,3418,2392600,700.0,derived,10
Unawatuna,2024,foreign,4037,2825900,700.0,derived,11
Unawatuna,2024,foreign,5211,3647700,700.0,derived,12
Unawatuna,2024,local,5677,170310,30.0,derived,1
Unawatuna,2024,local,5626,168780,30.0,derived,2
Unawatuna,2024,local,5570,167100,30.0,derived,3
Unawatuna,2024,local,4340,130200,30.0,derived,4
Unawatuna,2024,local,3621,108630,30.0,derived,5
Unawatuna,2024,local,3996,119880,30.0,derived,6
Unawatuna,2024,local,5860,175800,30.0,derived,7
Unawatuna,2024,local,5520,165600,30.0,derived,8
Unawatuna,2024,local,4417,132510,30.0,derived,9
Unawatuna,2024,local,4773,143190,30.0,derived,10
Unawatuna,2024,local,5636,169080,30.0,derived,11
Unawatuna,2024,local,7275,218250,30.0,derived,12
Unawatuna,2025,foreign,147,102900,700.0,derived,1
Unawatuna,2025,foreign,146,102200,700.0,derived,2
Unawatuna,2025,foreign,145,101500,700.0,derived,3
Unawatuna,2025,foreign,113,79100,700.0,derived,4
Unawatuna,2025,foreign,94,65800,700.0,derived,5
Unawatuna,2025,foreign,104,72800,700.0,derived,6
Unawatuna,2025,foreign,152,106400,700.0,derived,7
Unawatuna,2025,foreign,143,100100,700.0,derived,8
Unawatuna,2025,foreign,115,80500,700.0,derived,9
Unawatuna,2025,foreign,124,86800,700.0,derived,10
Unawatuna,2025,foreign,146,102200,700.0,derived,11
Unawatuna,2025,foreign,189,132300,700.0,derived,12
Unawatuna,2025,local,3156,94680,30.0,derived,1
Unawatuna,2025,local,3128,93840,30.0,derived,2
Unawatuna,2025,local,3097,92910,30.0,derived,3
Unawatuna,2025,local,2413,72390,30.0,derived,4
Unawatuna,2025,local,2013,60390,30.0,derived,5
Unawatuna,2025,local,2222,66660,30.0,derived,6
Unawatuna,2025,local,3258,97740,30.0,derived,7
Unawatuna,2025,local,3069,92070,30.0,derived,8
Unawatuna,2025,local,2456,73680,30.0,derived,9
Unawatuna,2025,local,2654,79620,30.0,derived,10
Unawatuna,2025,local,3134,94020,30.0,derived,11
Unawatuna,2025,local,4045,121350,30.0,derived,12
Yala,2015,foreign,17744,163244800,9200.0,derived,1
Yala,2015,foreign,17584,161772800,9200.0,derived,2
Yala,2015,foreign,17410,160172000,9200.0,derived,3
Yala,2015,foreign,13565,124798000,9200.0,derived,4
Yala,2015,foreign,11318,104125600,9200.0,derived,5
Yala,2015,foreign,12491,114917200,9200.0,derived,6
Yala,2015,foreign,18317,168516400,9200.0,derived,7
Yala,2015,foreign,17252,158718400,9200.0,derived,8
Yala,2015,foreign,13805,127006000,9200.0,derived,9
Yala,2015,foreign,14918,137245600,9200.0,derived,10
Yala,2015,foreign,17616,162067200,9200.0,derived,11
Yala,2015,foreign,22739,209198800,9200.0,derived,12
Yala,2015,local,24820,2978400,120.0,derived,1
Yala,2015,local,24596,2951520,120.0,derived,2
Yala,2015,local,24353,2922360,120.0,derived,3
Yala,2015,local,18975,2277000,120.0,derived,4
Yala,2015,local,15831,1899720,120.0,derived,5
Yala,2015,local,17473,2096760,120.0,derived,6
Yala,2015,local,25622,3074640,120.0,derived,7
Yala,2015,local,24131,2895720,120.0,derived,8
Yala,2015,local,19310,2317200,120.0,derived,9
Yala,2015,local,20866,2503920,120.0,derived,10
Yala,2015,local,24641,2956920,120.0,derived,11
Yala,2015,local,31807,3816840,120.0,derived,12
Yala,2016,foreign,20048,184441600,9200.0,derived,1
Yala,2016,foreign,19866,182767200,9200.0,derived,2
Yala,2016,foreign,19670,180964000,9200.0,derived,3
Yala,2016,foreign,15326,140999200,9200.0,derived,4
Yala,2016,foreign,12787,117640400,9200.0,derived,5
Yala,2016,foreign,14113,129839600,9200.0,derived,6
Yala,2016,foreign,20695,190394000,9200.0,derived,7
Yala,2016,foreign,19491,179317200,9200.0,derived,8
Yala,2016,foreign,15597,143492400,9200.0,derived,9
Yala,2016,foreign,16854,155056800,9200.0,derived,10
Yala,2016,foreign,19903,183107600,9200.0,derived,11
Yala,2016,foreign,25691,236357200,9200.0,derived,12
Yala,2016,local,28410,3409200,120.0,derived,1
Yala,2016,local,28153,3378360,120.0,derived,2
Yala,2016,local,27875,3345000,120.0,derived,3
Yala,2016,local,21720,2606400,120.0,derived,4
Yala,2016,local,18121,2174520,120.0,derived,5
Yala,2016,local,20000,2400000,120.0,derived,6
Yala,2016,local,29327,3519240,120.0,derived,7
Yala,2016,local,27621,3314520,120.0,derived,8
Yala,2016,local,22103,2652360,120.0,derived,9
Yala,2016,local,23884,2866080,120.0,derived,10
Yala,2016,local,28205,3384600,120.0,derived,11
Yala,2016,local,36408,4368960,120.0,derived,12
Yala,2017,foreign,42519,391174800,9200.0,derived,1
Yala,2017,foreign,42134,387632800,9200.0,derived,2
Yala,2017,foreign,41718,383805600,9200.0,derived,3
Yala,2017,foreign,32506,299055200,9200.0,derived,4
Yala,2017,foreign,27120,249504000,9200.0,derived,5
Yala,2017,foreign,29932,275374400,9200.0,derived,6
Yala,2017,foreign,43892,403806400,9200.0,derived,7
Yala,2017,foreign,41339,380318800,9200.0,derived,8
Yala,2017,foreign,33080,304336000,9200.0,derived,9
Yala,2017,foreign,35746,328863200,9200.0,derived,10
Yala,2017,foreign,42212,388350400,9200.0,derived,11
Yala,2017,foreign,54489,501298800,9200.0,derived,12
Yala,2017,local,48413,5809560,120.0,derived,1
Yala,2017,local,47975,5757000,120.0,derived,2
Yala,2017,local,47500,5700000,120.0,derived,3
Yala,2017,local,37012,4441440,120.0,derived,4
Yala,2017,local,30879,3705480,120.0,derived,5
Yala,2017,local,34081,4089720,120.0,derived,6
Yala,2017,local,49976,5997120,120.0,derived,7
Yala,2017,local,47069,5648280,120.0,derived,8
Yala,2017,local,37665,4519800,120.0,derived,9
Yala,2017,local,40701,4884120,120.0,derived,10
Yala,2017,local,48063,5767560,120.0,derived,11
Yala,2017,local,62041,7444920,120.0,derived,12
Yala,2018,foreign,49748,457681600,9200.0,derived,1
Yala,2018,foreign,49298,453541600,9200.0,derived,2
Yala,2018,foreign,48811,449061200,9200.0,derived,3
Yala,2018,foreign,38033,349903600,9200.0,derived,4
Yala,2018,foreign,31731,291925200,9200.0,derived,5
Yala,2018,foreign,35021,322193200,9200.0,derived,6
Yala,2018,foreign,51354,472456800,9200.0,derived,7
Yala,2018,foreign,48367,444976400,9200.0,derived,8
Yala,2018,foreign,38704,356076800,9200.0,derived,9
Yala,2018,foreign,41823,384771600,9200.0,derived,10
Yala,2018,foreign,49389,454378800,9200.0,derived,11
Yala,2018,foreign,63753,586527600,9200.0,derived,12
Yala,2018,local,57849,6941880,120.0,derived,1
Yala,2018,local,57325,6879000,120.0,derived,2
Yala,2018,local,56759,6811080,120.0,derived,3
Yala,2018,local,44226,5307120,120.0,derived,4
Yala,2018,local,36898,4427760,120.0,derived,5
Yala,2018,local,40724,4886880,120.0,derived,6
Yala,2018,local,59716,7165920,120.0,derived,7
Yala,2018,local,56243,6749160,120.0,derived,8
Yala,2018,local,45006,5400720,120.0,derived,9
Yala,2018,local,48634,5836080,120.0,derived,10
Yala,2018,local,57431,6891720,120.0,derived,11
Yala,2018,local,74133,8895960,120.0,derived,12
Yala,2019,foreign,18791,172877200,9200.0,derived,1
Yala,2019,foreign,18621,171313200,9200.0,derived,2
Yala,2019,foreign,18437,169620400,9200.0,derived,3
Yala,2019,foreign,14366,132167200,9200.0,derived,4
Yala,2019,foreign,11986,110271200,9200.0,derived,5
Yala,2019,foreign,13228,121697600,9200.0,derived,6
Yala,2019,foreign,19398,178461600,9200.0,derived,7
Yala,2019,foreign,18270,168084000,9200.0,derived,8
Yala,2019,foreign,14620,134504000,9200.0,derived,9
Yala,2019,foreign,15798,145341600,9200.0,derived,10
Yala,2019,foreign,18656,171635200,9200.0,derived,11
Yala,2019,foreign,24081,221545200,9200.0,derived,12
Yala,2019,local,26734,3208080,120.0,derived,1
Yala,2019,local,26493,3179160,120.0,derived,2
Yala,2019,local,26231,3147720,120.0,derived,3
Yala,2019,local,20439,2452680,120.0,derived,4
Yala,2019,local,17052,2046240,120.0,derived,5
Yala,2019,local,18820,2258400,120.0,derived,6
Yala,2019,local,27598,3311760,120.0,derived,7
Yala,2019,local,25992,3119040,120.0,derived,8
Yala,2019,local,20799,2495880,120.0,derived,9
Yala,2019,local,22476,2697120,120.0,derived,10
Yala,2019,local,26542,3185040,120.0,derived,11
Yala,2019,local,34260,4111200,120.0,derived,12
Yala,2020,foreign,11289,103858800,9200.0,derived,1
Yala,2020,foreign,11187,102920400,9200.0,derived,2
Yala,2020,foreign,11076,101899200,9200.0,derived,3
Yala,2020,foreign,8631,79405200,9200.0,derived,4
Yala,2020,foreign,7201,66249200,9200.0,derived,5
Yala,2020,foreign,7947,73112400,9200.0,derived,6
Yala,2020,foreign,11654,107216800,9200.0,derived,7
Yala,2020,foreign,10976,100979200,9200.0,derived,8
Yala,2020,foreign,8783,80803600,9200.0,derived,9
Yala,2020,foreign,9491,87317200,9200.0,derived,10
Yala,2020,foreign,11208,103113600,9200.0,derived,11
Yala,2020,foreign,14467,133096400,9200.0,derived,12
Yala,2020,local,22646,2717520,120.0,derived,1
Yala,2020,local,22441,2692920,120.0,derived,2
Yala,2020,local,22220,2666400,120.0,derived,3
Yala,2020,local,17313,2077560,120.0,derived,4
Yala,2020,local,14445,1733400,120.0,derived,5
Yala,2020,local,15942,1913040,120.0,derived,6
Yala,2020,local,23378,2805360,120.0,derived,7
Yala,2020,local,22018,2642160,120.0,derived,8
Yala,2020,local,17619,2114280,120.0,derived,9
Yala,2020,local,19039,2284680,120.0,derived,10
Yala,2020,local,22483,2697960,120.0,derived,11
Yala,2020,local,29022,3482640,120.0,derived,12
Yala,2021,foreign,1902,17498400,9200.0,derived,1
Yala,2021,foreign,1885,17342000,9200.0,derived,2
Yala,2021,foreign,1866,17167200,9200.0,derived,3
Yala,2021,foreign,1454,13376800,9200.0,derived,4
Yala,2021,foreign,1213,11159600,9200.0,derived,5
Yala,2021,foreign,1339,12318800,9200.0,derived,6
Yala,2021,foreign,1963,18059600,9200.0,derived,7
Yala,2021,foreign,1849,17010800,9200.0,derived,8
Yala,2021,foreign,1479,13606800,9200.0,derived,9
Yala,2021,foreign,1599,14710800,9200.0,derived,10
Yala,2021,foreign,1888,17369600,9200.0,derived,11
Yala,2021,foreign,2437,22420400,9200.0,derived,12
Yala,2021,local,2666,319920,120.0,derived,1
Yala,2021,local,2642,317040,120.0,derived,2
Yala,2021,local,2616,313920,120.0,derived,3
Yala,2021,local,2038,244560,120.0,derived,4
Yala,2021,local,1700,204000,120.0,derived,5
Yala,2021,local,1877,225240,120.0,derived,6
Yala,2021,local,2752,330240,120.0,derived,7
Yala,2021,local,2592,311040,120.0,derived,8
Yala,2021,local,2074,248880,120.0,derived,9
Yala,2021,local,2241,268920,120.0,derived,10
Yala,2021,local,2647,317640,120.0,derived,11
Yala,2021,local,3417,410040,120.0,derived,12
Yala,2022,foreign,7150,65780000,9200.0,derived,1
Yala,2022,foreign,7085,65182000,9200.0,derived,2
Yala,2022,foreign,7015,64538000,9200.0,derived,3
Yala,2022,foreign,5466,50287200,9200.0,derived,4
Yala,2022,foreign,4560,41952000,9200.0,derived,5
Yala,2022,foreign,5033,46303600,9200.0,derived,6
Yala,2022,foreign,7381,67905200,9200.0,derived,7
Yala,2022,foreign,6951,63949200,9200.0,derived,8
Yala,2022,foreign,5562,51170400,9200.0,derived,9
Yala,2022,foreign,6011,55301200,9200.0,derived,10
Yala,2022,foreign,7098,65301600,9200.0,derived,11
Yala,2022,foreign,9163,84299600,9200.0,derived,12
Yala,2022,local,9795,1175400,120.0,derived,1
Yala,2022,local,9707,1164840,120.0,derived,2
Yala,2022,local,9611,1153320,120.0,derived,3
Yala,2022,local,7489,898680,120.0,derived,4
Yala,2022,local,6248,749760,120.0,derived,5
Yala,2022,local,6896,827520,120.0,derived,6
Yala,2022,local,10112,1213440,120.0,derived,7
Yala,2022,local,9524,1142880,120.0,derived,8
Yala,2022,local,7621,914520,120.0,derived,9
Yala,2022,local,8235,988200,120.0,derived,10
Yala,2022,local,9725,1167000,120.0,derived,11
Yala,2022,local,12553,1506360,120.0,derived,12
Yala,2023,foreign,28579,262926800,9200.0,derived,1
Yala,2023,foreign,28320,260544000,9200.0,derived,2
Yala,2023,foreign,28040,257968000,9200.0,derived,3
Yala,2023,foreign,21849,201010800,9200.0,derived,4
Yala,2023,foreign,18229,167706800,9200.0,derived,5
Yala,2023,foreign,20118,185085600,9200.0,derived,6
Yala,2023,foreign,29501,271409200,9200.0,derived,7
Yala,2023,foreign,27786,255631200,9200.0,derived,8
Yala,2023,foreign,22234,204552800,9200.0,derived,9
Yala,2023,foreign,24026,221039200,9200.0,derived,10
Yala,2023,foreign,28373,261031600,9200.0,derived,11
Yala,2023,foreign,36624,336940800,9200.0,derived,12
Yala,2023,local,34352,4122240,120.0,derived,1
Yala,2023,local,34041,4084920,120.0,derived,2
Yala,2023,local,33705,4044600,120.0,derived,3
Yala,2023,local,26262,3151440,120.0,derived,4
Yala,2023,local,21911,2629320,120.0,derived,5
Yala,2023,local,24183,2901960,120.0,derived,6
Yala,2023,local,35461,4255320,120.0,derived,7
Yala,2023,local,33399,4007880,120.0,derived,8
Yala,2023,local,26726,3207120,120.0,derived,9
Yala,2023,local,28880,3465600,120.0,derived,10
Yala,2023,local,34104,4092480,120.0,derived,11
Yala,2023,local,44022,5282640,120.0,derived,12
Yala,2024,foreign,20077,184708400,9200.0,derived,1
Yala,2024,foreign,19895,183034000,9200.0,derived,2
Yala,2024,foreign,19699,181230800,9200.0,derived,3
Yala,2024,foreign,15349,141210800,9200.0,derived,4
Yala,2024,foreign,12806,117815200,9200.0,derived,5
Yala,2024,foreign,14133,130023600,9200.0,derived,6
Yala,2024,foreign,20725,190670000,9200.0,derived,7
Yala,2024,foreign,19520,179584000,9200.0,derived,8
Yala,2024,foreign,15620,143704000,9200.0,derived,9
Yala,2024,foreign,16879,155286800,9200.0,derived,10
Yala,2024,foreign,19932,183374400,9200.0,derived,11
Yala,2024,foreign,25729,236706800,9200.0,derived,12
Yala,2024,local,28208,3384960,120.0,derived,1
Yala,2024,local,27953,3354360,120.0,derived,2
Yala,2024,local,27676,3321120,120.0,derived,3
Yala,2024,local,21565,2587800,120.0,derived,4
Yala,2024,local,17992,2159040,120.0,derived,5
Yala,2024,local,19857,2382840,120.0,derived,6
Yala,2024,local,29119,3494280,120.0,derived,7
Yala,2024,local,27425,3291000,120.0,derived,8
Yala,2024,local,21946,2633520,120.0,derived,9
Yala,2024,local,23714,2845680,120.0,derived,10
Yala,2024,local,28004,3360480,120.0,derived,11
Yala,2024,local,36149,4337880,120.0,derived,12
Yala,2025,foreign,58617,539276400,9200.0,derived,1
Yala,2025,foreign,58086,534391200,9200.0,derived,2
Yala,2025,foreign,57512,529110400,9200.0,derived,3
Yala,2025,foreign,44813,412279600,9200.0,derived,4
Yala,2025,foreign,37388,343969600,9200.0,derived,5
Yala,2025,foreign,41264,379628800,9200.0,derived,6
Yala,2025,foreign,60509,556682800,9200.0,derived,7
Yala,2025,foreign,56990,524308000,9200.0,derived,8
Yala,2025,foreign,45604,419556800,9200.0,derived,9
Yala,2025,foreign,49279,453366800,9200.0,derived,10
Yala,2025,foreign,58194,535384800,9200.0,derived,11
Yala,2025,foreign,75118,691085600,9200.0,derived,12
Yala,2025,local,51096,6131520,120.0,derived,1
Yala,2025,local,50633,6075960,120.0,derived,2
Yala,2025,local,50133,6015960,120.0,derived,3
Yala,2025,local,39063,4687560,120.0,derived,4
Yala,2025,local,32591,3910920,120.0,derived,5
Yala,2025,local,35970,4316400,120.0,derived,6
Yala,2025,local,52745,6329400,120.0,derived,7
Yala,2025,local,49678,5961360,120.0,derived,8
Yala,2025,local,39753,4770360,120.0,derived,9
Yala,2025,local,42956,5154720,120.0,derived,10
Yala,2025,local,50727,6087240,120.0,derived,11
Yala,2025,local,65479,7857480,120.0,derived,12
