destination,year,month,foreign_visitors,local_visitors,total_visitors,national_arrivals_month,season_month_index,data_basis
Sigiriya,2015,1,18557,25493,44050,156246,0.0911,official
Sigiriya,2015,2,18471,26526,44997,165541,0.0903,official
Sigiriya,2015,3,17814,24940,42754,157051,0.0894,official
Sigiriya,2015,4,14641,20021,34662,122217,0.0697,official
Sigiriya,2015,5,11498,16594,28092,113529,0.0581,official
Sigiriya,2015,6,12693,17769,30462,115467,0.0641,official
Sigiriya,2015,7,19012,24909,43921,175804,0.094,official
Sigiriya,2015,8,16857,24469,41326,166610,0.0886,official
Sigiriya,2015,9,13793,20104,33897,143374,0.0709,official
Sigiriya,2015,10,14953,20609,35562,132280,0.0766,official
Sigiriya,2015,11,18951,25242,44193,144147,0.0905,official
Sigiriya,2015,12,23480,31403,54883,206114,0.1168,official
Sigiriya,2016,1,20511,29290,49801,194280,0.0911,official
Sigiriya,2016,2,19949,29254,49203,197697,0.0903,official
Sigiriya,2016,3,20090,28392,48482,192841,0.0894,official
Sigiriya,2016,4,15653,23558,39211,136367,0.0697,official
Sigiriya,2016,5,13294,18029,31323,125044,0.0581,official
Sigiriya,2016,6,15041,19798,34839,118038,0.0641,official
Sigiriya,2016,7,21660,28363,50023,209351,0.094,official
Sigiriya,2016,8,19465,28550,48015,186288,0.0886,official
Sigiriya,2016,9,16582,22828,39410,148499,0.0709,official
Sigiriya,2016,10,17469,24320,41789,150419,0.0766,official
Sigiriya,2016,11,19783,28356,48139,167217,0.0905,official
Sigiriya,2016,12,26352,38597,64949,224791,0.1168,official
Sigiriya,2017,1,21740,28533,50273,219360,0.0911,official
Sigiriya,2017,2,21531,29509,51040,197517,0.0903,official
Sigiriya,2017,3,20684,30101,50785,188076,0.0894,official
Sigiriya,2017,4,16960,23675,40635,160249,0.0697,official
Sigiriya,2017,5,13380,19037,32417,121891,0.0581,official
Sigiriya,2017,6,15299,21828,37127,123351,0.0641,official
Sigiriya,2017,7,21894,30925,52819,205482,0.094,official
Sigiriya,2017,8,20227,28239,48466,190928,0.0886,official
Sigiriya,2017,9,17149,24392,41541,145077,0.0709,official
Sigiriya,2017,10,18051,26089,44140,152429,0.0766,official
Sigiriya,2017,11,21595,29330,50925,167511,0.0905,official
Sigiriya,2017,12,27875,40388,68263,244536,0.1168,official
Sigiriya,2018,1,23703,34780,58483,238924,0.0911,official
Sigiriya,2018,2,21666,33732,55398,235618,0.0903,official
Sigiriya,2018,3,23342,32302,55644,233382,0.0894,official
Sigiriya,2018,4,18191,23883,42074,180429,0.0697,official
Sigiriya,2018,5,15035,21416,36451,129466,0.0581,official
Sigiriya,2018,6,17445,23022,40467,146828,0.0641,official
Sigiriya,2018,7,23901,33777,57678,217829,0.094,official
Sigiriya,2018,8,23704,32617,56321,200359,0.0886,official
Sigiriya,2018,9,18168,26243,44411,149087,0.0709,official
Sigiriya,2018,10,20007,28740,48747,153123,0.0766,official
Sigiriya,2018,11,23061,32657,55718,195582,0.0905,official
Sigiriya,2018,12,30051,40703,70754,253169,0.1168,official
Sigiriya,2019,1,19630,27454,47084,244239,0.0911,official
Sigiriya,2019,2,19284,26804,46088,252033,0.0903,official
Sigiriya,2019,3,18280,26390,44670,244328,0.0894,official
Sigiriya,2019,4,14722,20324,35046,166975,0.0697,official
Sigiriya,2019,5,12351,17586,29937,37802,0.0581,official
Sigiriya,2019,6,14472,19277,33749,63072,0.0641,official
Sigiriya,2019,7,20241,28057,48298,115701,0.094,official
Sigiriya,2019,8,17828,26463,44291,143587,0.0886,official
Sigiriya,2019,9,15165,22759,37924,108575,0.0709,official
Sigiriya,2019,10,16263,23108,39371,118743,0.0766,official
Sigiriya,2019,11,19297,26096,45393,176984,0.0905,official
Sigiriya,2019,12,25790,35696,61486,241663,0.1168,official
Sigiriya,2020,1,5280,7024,12304,228434,0.0911,official
Sigiriya,2020,2,5326,6855,12181,207507,0.0903,official
Sigiriya,2020,3,5149,7550,12699,71370,0.0894,official
Sigiriya,2020,4,3826,5426,9252,0,0.0697,official
Sigiriya,2020,5,3299,4536,7835,0,0.0581,official
Sigiriya,2020,6,3462,5094,8556,0,0.0641,official
Sigiriya,2020,7,5154,7560,12714,0,0.094,official
Sigiriya,2020,8,4876,7347,12223,0,0.0886,official
Sigiriya,2020,9,3918,5563,9481,0,0.0709,official
Sigiriya,2020,10,4442,5846,10288,0,0.0766,official
Sigiriya,2020,11,5155,7450,12605,0,0.0905,official
Sigiriya,2020,12,6291,9305,15596,0,0.1168,official
Sigiriya,2021,1,1992,2833,4825,1682,0.0911,official
Sigiriya,2021,2,1886,2634,4520,3366,0.0903,official
Sigiriya,2021,3,1970,2740,4710,4581,0.0894,official
Sigiriya,2021,4,1523,2138,3661,4168,0.0697,official
Sigiriya,2021,5,1235,1778,3013,1497,0.0581,official
Sigiriya,2021,6,1404,1907,3311,1614,0.0641,official
Sigiriya,2021,7,2155,2898,5053,2429,0.094,official
Sigiriya,2021,8,1853,2744,4597,5040,0.0886,official
Sigiriya,2021,9,1493,2204,3697,13547,0.0709,official
Sigiriya,2021,10,1720,2270,3990,22771,0.0766,official
Sigiriya,2021,11,2019,2782,4801,44294,0.0905,official
Sigiriya,2021,12,2596,3749,6345,89506,0.1168,official
Sigiriya,2022,1,7266,10016,17282,82327,0.0911,official
Sigiriya,2022,2,7060,9907,16967,96507,0.0903,official
Sigiriya,2022,3,7165,10158,17323,106500,0.0894,official
Sigiriya,2022,4,5642,8029,13671,62980,0.0697,official
Sigiriya,2022,5,4671,6822,11493,30207,0.0581,official
Sigiriya,2022,6,5112,7803,12915,32856,0.0641,official
Sigiriya,2022,7,7698,10307,18005,47293,0.094,official
Sigiriya,2022,8,6888,10108,16996,37760,0.0886,official
Sigiriya,2022,9,5657,8144,13801,29802,0.0709,official
Sigiriya,2022,10,6241,8597,14838,42026,0.0766,official
Sigiriya,2022,11,7083,9712,16795,59759,0.0905,official
Sigiriya,2022,12,9255,13471,22726,91961,0.1168,official
Sigiriya,2023,1,24984,55052,80036,102545,0.0911,official
Sigiriya,2023,2,24727,57327,82054,107639,0.0903,official
Sigiriya,2023,3,23711,56370,80081,125495,0.0894,official
Sigiriya,2023,4,19011,42222,61233,105498,0.0697,official
Sigiriya,2023,5,16004,37091,53095,83309,0.0581,official
Sigiriya,2023,6,18043,41532,59575,100388,0.0641,official
Sigiriya,2023,7,24567,57375,81942,143039,0.094,official
Sigiriya,2023,8,24508,56459,80967,136405,0.0886,official
Sigiriya,2023,9,19612,49636,69248,111938,0.0709,official
Sigiriya,2023,10,21227,49717,70944,109199,0.0766,official
Sigiriya,2023,11,25351,57886,83237,151496,0.0905,official
Sigiriya,2023,12,31512,74957,106469,210352,0.1168,official
Sigiriya,2024,1,20394,29022,49416,208253,0.0911,official
Sigiriya,2024,2,20388,29037,49425,218350,0.0903,official
Sigiriya,2024,3,21907,27073,48980,209181,0.0894,official
Sigiriya,2024,4,16290,21265,37555,148867,0.0697,official
Sigiriya,2024,5,13128,19253,32381,112128,0.0581,official
Sigiriya,2024,6,14726,19912,34638,113470,0.0641,official
Sigiriya,2024,7,21090,30789,51879,187810,0.094,official
Sigiriya,2024,8,19854,28603,48457,164609,0.0886,official
Sigiriya,2024,9,16266,22296,38562,122140,0.0709,official
Sigiriya,2024,10,18681,25041,43722,135907,0.0766,official
Sigiriya,2024,11,19468,29181,48649,184158,0.0905,official
Sigiriya,2024,12,26225,38416,64641,248592,0.1168,official
Sigiriya,2025,1,51825,45781,97606,252761,0.0911,official
Sigiriya,2025,2,53404,46706,100110,240217,0.0903,official
Sigiriya,2025,3,50211,44621,94832,229298,0.0894,official
Sigiriya,2025,4,40007,34432,74439,174608,0.0697,official
Sigiriya,2025,5,35654,29658,65312,132919,0.0581,official
Sigiriya,2025,6,35958,33230,69188,138241,0.0641,official
Sigiriya,2025,7,58290,48891,107181,200244,0.094,official
Sigiriya,2025,8,49261,44015,93276,198235,0.0886,official
Sigiriya,2025,9,42872,34982,77854,158971,0.0709,official
Sigiriya,2025,10,45225,39519,84744,165193,0.0766,official
Sigiriya,2025,11,51239,45526,96765,212906,0.0905,official
Sigiriya,2025,12,61416,57062,118478,287423,0.1168,official
Polonnaruwa,2015,1,4683,6358,11041,156246,0.0911,official
Polonnaruwa,2015,2,4905,6265,11170,165541,0.0903,official
Polonnaruwa,2015,3,4568,6507,11075,157051,0.0894,official
Polonnaruwa,2015,4,3763,4832,8595,122217,0.0697,official
Polonnaruwa,2015,5,3114,4215,7329,113529,0.0581,official
Polonnaruwa,2015,6,3224,4715,7939,115467,0.0641,official
Polonnaruwa,2015,7,4900,6696,11596,175804,0.094,official
Polonnaruwa,2015,8,4597,6348,10945,166610,0.0886,official
Polonnaruwa,2015,9,3683,5241,8924,143374,0.0709,official
Polonnaruwa,2015,10,4155,5347,9502,132280,0.0766,official
Polonnaruwa,2015,11,4984,6174,11158,144147,0.0905,official
Polonnaruwa,2015,12,6019,8615,14634,206114,0.1168,official
Polonnaruwa,2016,1,5426,7392,12818,194280,0.0911,official
Polonnaruwa,2016,2,5299,7354,12653,197697,0.0903,official
Polonnaruwa,2016,3,5186,7579,12765,192841,0.0894,official
Polonnaruwa,2016,4,4157,5639,9796,136367,0.0697,official
Polonnaruwa,2016,5,3524,4849,8373,125044,0.0581,official
Polonnaruwa,2016,6,3880,5403,9283,118038,0.0641,official
Polonnaruwa,2016,7,5416,7646,13062,209351,0.094,official
Polonnaruwa,2016,8,5349,7458,12807,186288,0.0886,official
Polonnaruwa,2016,9,4183,5881,10064,148499,0.0709,official
Polonnaruwa,2016,10,4697,6221,10918,150419,0.0766,official
Polonnaruwa,2016,11,5429,7433,12862,167217,0.0905,official
Polonnaruwa,2016,12,6850,9972,16822,224791,0.1168,official
Polonnaruwa,2017,1,19953,21480,41433,219360,0.0911,official
Polonnaruwa,2017,2,20050,20791,40841,197517,0.0903,official
Polonnaruwa,2017,3,19494,20381,39875,188076,0.0894,official
Polonnaruwa,2017,4,15030,15967,30997,160249,0.0697,official
Polonnaruwa,2017,5,12455,13613,26068,121891,0.0581,official
Polonnaruwa,2017,6,13370,15687,29057,123351,0.0641,official
Polonnaruwa,2017,7,19493,20857,40350,205482,0.094,official
Polonnaruwa,2017,8,19588,20870,40458,190928,0.0886,official
Polonnaruwa,2017,9,15432,16621,32053,145077,0.0709,official
Polonnaruwa,2017,10,16363,17153,33516,152429,0.0766,official
Polonnaruwa,2017,11,19374,20394,39768,167511,0.0905,official
Polonnaruwa,2017,12,25682,26752,52434,244536,0.1168,official
Polonnaruwa,2018,1,22856,23032,45888,238924,0.0911,official
Polonnaruwa,2018,2,23512,22656,46168,235618,0.0903,official
Polonnaruwa,2018,3,22427,22985,45412,233382,0.0894,official
Polonnaruwa,2018,4,18048,17509,35557,180429,0.0697,official
Polonnaruwa,2018,5,14737,14937,29674,129466,0.0581,official
Polonnaruwa,2018,6,15781,15680,31461,146828,0.0641,official
Polonnaruwa,2018,7,23671,23853,47524,217829,0.094,official
Polonnaruwa,2018,8,22998,23612,46610,200359,0.0886,official
Polonnaruwa,2018,9,18702,18007,36709,149087,0.0709,official
Polonnaruwa,2018,10,19691,18963,38654,153123,0.0766,official
Polonnaruwa,2018,11,23254,22889,46143,195582,0.0905,official
Polonnaruwa,2018,12,30324,29063,59387,253169,0.1168,official
Polonnaruwa,2019,1,5099,7353,12452,244239,0.0911,official
Polonnaruwa,2019,2,4959,7050,12009,252033,0.0903,official
Polonnaruwa,2019,3,5028,6814,11842,244328,0.0894,official
Polonnaruwa,2019,4,3864,5376,9240,166975,0.0697,official
Polonnaruwa,2019,5,3212,4379,7591,37802,0.0581,official
Polonnaruwa,2019,6,3537,5022,8559,63072,0.0641,official
Polonnaruwa,2019,7,5409,7465,12874,115701,0.094,official
Polonnaruwa,2019,8,5197,6677,11874,143587,0.0886,official
Polonnaruwa,2019,9,4008,5499,9507,108575,0.0709,official
Polonnaruwa,2019,10,4498,5766,10264,118743,0.0766,official
Polonnaruwa,2019,11,4859,6853,11712,176984,0.0905,official
Polonnaruwa,2019,12,6024,8866,14890,241663,0.1168,official
Polonnaruwa,2020,1,201,4778,4979,228434,0.0911,official
Polonnaruwa,2020,2,206,4979,5185,207507,0.0903,official
Polonnaruwa,2020,3,208,4586,4794,71370,0.0894,official
Polonnaruwa,2020,4,153,3690,3843,0,0.0697,official
Polonnaruwa,2020,5,126,3200,3326,0,0.0581,official
Polonnaruwa,2020,6,150,3301,3451,0,0.0641,official
Polonnaruwa,2020,7,201,5109,5310,0,0.094,official
Polonnaruwa,2020,8,199,4796,4995,0,0.0886,official
Polonnaruwa,2020,9,152,3634,3786,0,0.0709,official
Polonnaruwa,2020,10,173,4004,4177,0,0.0766,official
Polonnaruwa,2020,11,202,4810,5012,0,0.0905,official
Polonnaruwa,2020,12,255,6069,6324,0,0.1168,official
Polonnaruwa,2021,1,512,725,1237,1682,0.0911,official
Polonnaruwa,2021,2,516,684,1200,3366,0.0903,official
Polonnaruwa,2021,3,477,727,1204,4581,0.0894,official
Polonnaruwa,2021,4,394,533,927,4168,0.0697,official
Polonnaruwa,2021,5,340,457,797,1497,0.0581,official
Polonnaruwa,2021,6,371,503,874,1614,0.0641,official
Polonnaruwa,2021,7,559,776,1335,2429,0.094,official
Polonnaruwa,2021,8,492,714,1206,5040,0.0886,official
Polonnaruwa,2021,9,404,578,982,13547,0.0709,official
Polonnaruwa,2021,10,416,612,1028,22771,0.0766,official
Polonnaruwa,2021,11,522,671,1193,44294,0.0905,official
Polonnaruwa,2021,12,630,859,1489,89506,0.1168,official
Polonnaruwa,2022,1,1873,2701,4574,82327,0.0911,official
Polonnaruwa,2022,2,1956,2626,4582,96507,0.0903,official
Polonnaruwa,2022,3,1944,2487,4431,106500,0.0894,official
Polonnaruwa,2022,4,1370,2018,3388,62980,0.0697,official
Polonnaruwa,2022,5,1218,1685,2903,30207,0.0581,official
Polonnaruwa,2022,6,1247,1856,3103,32856,0.0641,official
Polonnaruwa,2022,7,1873,2784,4657,47293,0.094,official
Polonnaruwa,2022,8,1856,2498,4354,37760,0.0886,official
Polonnaruwa,2022,9,1447,1992,3439,29802,0.0709,official
Polonnaruwa,2022,10,1585,2287,3872,42026,0.0766,official
Polonnaruwa,2022,11,1820,2665,4485,59759,0.0905,official
Polonnaruwa,2022,12,2382,3308,5690,91961,0.1168,official
Polonnaruwa,2023,1,16482,10881,27363,102545,0.0911,official
Polonnaruwa,2023,2,16113,10729,26842,107639,0.0903,official
Polonnaruwa,2023,3,17180,11030,28210,125495,0.0894,official
Polonnaruwa,2023,4,12376,8640,21016,105498,0.0697,official
Polonnaruwa,2023,5,10511,7115,17626,83309,0.0581,official
Polonnaruwa,2023,6,11854,8085,19939,100388,0.0641,official
Polonnaruwa,2023,7,16797,11392,28189,143039,0.094,official
Polonnaruwa,2023,8,15943,10164,26107,136405,0.0886,official
Polonnaruwa,2023,9,12279,9095,21374,111938,0.0709,official
Polonnaruwa,2023,10,14587,9371,23958,109199,0.0766,official
Polonnaruwa,2023,11,16699,11253,27952,151496,0.0905,official
Polonnaruwa,2023,12,23147,14875,38022,210352,0.1168,official
Polonnaruwa,2024,1,5367,7326,12693,208253,0.0911,official
Polonnaruwa,2024,2,5081,7520,12601,218350,0.0903,official
Polonnaruwa,2024,3,5166,7085,12251,209181,0.0894,official
Polonnaruwa,2024,4,4039,5579,9618,148867,0.0697,official
Polonnaruwa,2024,5,3610,4938,8548,112128,0.0581,official
Polonnaruwa,2024,6,3792,5545,9337,113470,0.0641,official
Polonnaruwa,2024,7,5574,7585,13159,187810,0.094,official
Polonnaruwa,2024,8,5477,7452,12929,164609,0.0886,official
Polonnaruwa,2024,9,4061,5835,9896,122140,0.0709,official
Polonnaruwa,2024,10,4410,6078,10488,135907,0.0766,official
Polonnaruwa,2024,11,5497,7917,13414,184158,0.0905,official
Polonnaruwa,2024,12,6615,9829,16444,248592,0.1168,official
Polonnaruwa,2025,1,10600,12024,22624,252761,0.0911,official
Polonnaruwa,2025,2,10523,11779,22302,240217,0.0903,official
Polonnaruwa,2025,3,10623,11674,22297,229298,0.0894,official
Polonnaruwa,2025,4,8332,9315,17647,174608,0.0697,official
Polonnaruwa,2025,5,6846,7571,14417,132919,0.0581,official
Polonnaruwa,2025,6,7479,8785,16264,138241,0.0641,official
Polonnaruwa,2025,7,11328,12227,23555,200244,0.094,official
Polonnaruwa,2025,8,10543,12131,22674,198235,0.0886,official
Polonnaruwa,2025,9,7990,9648,17638,158971,0.0709,official
Polonnaruwa,2025,10,8908,10434,19342,165193,0.0766,official
Polonnaruwa,2025,11,10488,11459,21947,212906,0.0905,official
Polonnaruwa,2025,12,13178,15660,28838,287423,0.1168,official
Anuradhapura,2015,1,5944,8033,13977,156246,0.0911,official
Anuradhapura,2015,2,5957,7775,13732,165541,0.0903,official
Anuradhapura,2015,3,5775,7807,13582,157051,0.0894,official
Anuradhapura,2015,4,4421,6322,10743,122217,0.0697,official
Anuradhapura,2015,5,3665,5206,8871,113529,0.0581,official
Anuradhapura,2015,6,4277,5712,9989,115467,0.0641,official
Anuradhapura,2015,7,6241,8235,14476,175804,0.094,official
Anuradhapura,2015,8,5825,8375,14200,166610,0.0886,official
Anuradhapura,2015,9,4248,6270,10518,143374,0.0709,official
Anuradhapura,2015,10,5044,6900,11944,132280,0.0766,official
Anuradhapura,2015,11,5921,8049,13970,144147,0.0905,official
Anuradhapura,2015,12,7578,10532,18110,206114,0.1168,official
Anuradhapura,2016,1,6962,9488,16450,194280,0.0911,official
Anuradhapura,2016,2,6733,9216,15949,197697,0.0903,official
Anuradhapura,2016,3,6503,9119,15622,192841,0.0894,official
Anuradhapura,2016,4,5203,7108,12311,136367,0.0697,official
Anuradhapura,2016,5,4327,6380,10707,125044,0.0581,official
Anuradhapura,2016,6,4858,6564,11422,118038,0.0641,official
Anuradhapura,2016,7,7193,9601,16794,209351,0.094,official
Anuradhapura,2016,8,6139,8878,15017,186288,0.0886,official
Anuradhapura,2016,9,4939,7249,12188,148499,0.0709,official
Anuradhapura,2016,10,5658,8315,13973,150419,0.0766,official
Anuradhapura,2016,11,6743,9287,16030,167217,0.0905,official
Anuradhapura,2016,12,8834,11267,20101,224791,0.1168,official
Anuradhapura,2017,1,2224,4345,6569,219360,0.0911,official
Anuradhapura,2017,2,2092,4352,6444,197517,0.0903,official
Anuradhapura,2017,3,2189,4114,6303,188076,0.0894,official
Anuradhapura,2017,4,1720,3467,5187,160249,0.0697,official
Anuradhapura,2017,5,1416,2728,4144,121891,0.0581,official
Anuradhapura,2017,6,1533,2913,4446,123351,0.0641,official
Anuradhapura,2017,7,2337,4271,6608,205482,0.094,official
Anuradhapura,2017,8,2152,4069,6221,190928,0.0886,official
Anuradhapura,2017,9,1743,3337,5080,145077,0.0709,official
Anuradhapura,2017,10,1915,3515,5430,152429,0.0766,official
Anuradhapura,2017,11,2175,4092,6267,167511,0.0905,official
Anuradhapura,2017,12,2793,5503,8296,244536,0.1168,official
Anuradhapura,2018,1,7828,10419,18247,238924,0.0911,official
Anuradhapura,2018,2,7783,11051,18834,235618,0.0903,official
Anuradhapura,2018,3,7603,11106,18709,233382,0.0894,official
Anuradhapura,2018,4,5716,7886,13602,180429,0.0697,official
Anuradhapura,2018,5,4621,7142,11763,129466,0.0581,official
Anuradhapura,2018,6,5494,7531,13025,146828,0.0641,official
Anuradhapura,2018,7,7968,10688,18656,217829,0.094,official
Anuradhapura,2018,8,7988,10459,18447,200359,0.0886,official
Anuradhapura,2018,9,5974,8518,14492,149087,0.0709,official
Anuradhapura,2018,10,6528,9069,15597,153123,0.0766,official
Anuradhapura,2018,11,7419,10789,18208,195582,0.0905,official
Anuradhapura,2018,12,10363,14287,24650,253169,0.1168,official
Anuradhapura,2019,1,6576,8652,15228,244239,0.0911,official
Anuradhapura,2019,2,6035,8675,14710,252033,0.0903,official
Anuradhapura,2019,3,6168,8904,15072,244328,0.0894,official
Anuradhapura,2019,4,4554,7026,11580,166975,0.0697,official
Anuradhapura,2019,5,3984,5533,9517,37802,0.0581,official
Anuradhapura,2019,6,4284,5878,10162,63072,0.0641,official
Anuradhapura,2019,7,6639,9091,15730,115701,0.094,official
Anuradhapura,2019,8,5866,8211,14077,143587,0.0886,official
Anuradhapura,2019,9,4834,7178,12012,108575,0.0709,official
Anuradhapura,2019,10,5235,7054,12289,118743,0.0766,official
Anuradhapura,2019,11,6185,8652,14837,176984,0.0905,official
Anuradhapura,2019,12,7392,11242,18634,241663,0.1168,official
Anuradhapura,2020,1,666,2951,3617,228434,0.0911,official
Anuradhapura,2020,2,701,2962,3663,207507,0.0903,official
Anuradhapura,2020,3,653,2742,3395,71370,0.0894,official
Anuradhapura,2020,4,552,2214,2766,0,0.0697,official
Anuradhapura,2020,5,428,1842,2270,0,0.0581,official
Anuradhapura,2020,6,475,2026,2501,0,0.0641,official
Anuradhapura,2020,7,680,2935,3615,0,0.094,official
Anuradhapura,2020,8,651,2765,3416,0,0.0886,official
Anuradhapura,2020,9,510,2256,2766,0,0.0709,official
Anuradhapura,2020,10,559,2540,3099,0,0.0766,official
Anuradhapura,2020,11,613,2964,3577,0,0.0905,official
Anuradhapura,2020,12,892,3474,4366,0,0.1168,official
Anuradhapura,2021,1,631,883,1514,1682,0.0911,official
Anuradhapura,2021,2,605,864,1469,3366,0.0903,official
Anuradhapura,2021,3,604,922,1526,4581,0.0894,official
Anuradhapura,2021,4,501,708,1209,4168,0.0697,official
Anuradhapura,2021,5,415,550,965,1497,0.0581,official
Anuradhapura,2021,6,441,637,1078,1614,0.0641,official
Anuradhapura,2021,7,634,941,1575,2429,0.094,official
Anuradhapura,2021,8,615,858,1473,5040,0.0886,official
Anuradhapura,2021,9,506,703,1209,13547,0.0709,official
Anuradhapura,2021,10,530,776,1306,22771,0.0766,official
Anuradhapura,2021,11,612,902,1514,44294,0.0905,official
Anuradhapura,2021,12,831,1133,1964,89506,0.1168,official
Anuradhapura,2022,1,2384,3181,5565,82327,0.0911,official
Anuradhapura,2022,2,2404,3257,5661,96507,0.0903,official
Anuradhapura,2022,3,2280,3345,5625,106500,0.0894,official
Anuradhapura,2022,4,1767,2420,4187,62980,0.0697,official
Anuradhapura,2022,5,1435,2147,3582,30207,0.0581,official
Anuradhapura,2022,6,1598,2449,4047,32856,0.0641,official
Anuradhapura,2022,7,2285,3586,5871,47293,0.094,official
Anuradhapura,2022,8,2310,3204,5514,37760,0.0886,official
Anuradhapura,2022,9,1807,2602,4409,29802,0.0709,official
Anuradhapura,2022,10,1983,2871,4854,42026,0.0766,official
Anuradhapura,2022,11,2352,3296,5648,59759,0.0905,official
Anuradhapura,2022,12,2993,4229,7222,91961,0.1168,official
Anuradhapura,2023,1,6100,7147,13247,102545,0.0911,official
Anuradhapura,2023,2,5747,7632,13379,107639,0.0903,official
Anuradhapura,2023,3,5960,7351,13311,125495,0.0894,official
Anuradhapura,2023,4,4623,5820,10443,105498,0.0697,official
Anuradhapura,2023,5,3792,4693,8485,83309,0.0581,official
Anuradhapura,2023,6,4280,5148,9428,100388,0.0641,official
Anuradhapura,2023,7,6316,7380,13696,143039,0.094,official
Anuradhapura,2023,8,6058,7429,13487,136405,0.0886,official
Anuradhapura,2023,9,4738,6034,10772,111938,0.0709,official
Anuradhapura,2023,10,5335,6526,11861,109199,0.0766,official
Anuradhapura,2023,11,5669,7192,12861,151496,0.0905,official
Anuradhapura,2023,12,7600,9662,17262,210352,0.1168,official
Anuradhapura,2024,1,6839,9223,16062,208253,0.0911,official
Anuradhapura,2024,2,6711,9132,15843,218350,0.0903,official
Anuradhapura,2024,3,6486,8860,15346,209181,0.0894,official
Anuradhapura,2024,4,5006,6916,11922,148867,0.0697,official
Anuradhapura,2024,5,4170,6204,10374,112128,0.0581,official
Anuradhapura,2024,6,4606,7161,11767,113470,0.0641,official
Anuradhapura,2024,7,7055,9787,16842,187810,0.094,official
Anuradhapura,2024,8,6379,9359,15738,164609,0.0886,official
Anuradhapura,2024,9,5149,7362,12511,122140,0.0709,official
Anuradhapura,2024,10,6097,7904,14001,135907,0.0766,official
Anuradhapura,2024,11,6917,9163,16080,184158,0.0905,official
Anuradhapura,2024,12,8621,12725,21346,248592,0.1168,official
Anuradhapura,2025,1,14298,10856,25154,252761,0.0911,official
Anuradhapura,2025,2,14747,10031,24778,240217,0.0903,official
Anuradhapura,2025,3,14569,10397,24966,229298,0.0894,official
Anuradhapura,2025,4,11349,7501,18850,174608,0.0697,official
Anuradhapura,2025,5,9092,6518,15610,132919,0.0581,official
Anuradhapura,2025,6,10236,7383,17619,138241,0.0641,official
Anuradhapura,2025,7,15123,10203,25326,200244,0.094,official
Anuradhapura,2025,8,14330,10194,24524,198235,0.0886,official
Anuradhapura,2025,9,11528,8270,19798,158971,0.0709,official
Anuradhapura,2025,10,12558,8775,21333,165193,0.0766,official
Anuradhapura,2025,11,14437,9713,24150,212906,0.0905,official
Anuradhapura,2025,12,18916,13277,32193,287423,0.1168,official
Dambulla,2015,1,5351,7147,12498,156246,0.0911,official
Dambulla,2015,2,5089,7597,12686,165541,0.0903,official
Dambulla,2015,3,5202,7441,12643,157051,0.0894,official
Dambulla,2015,4,4061,5686,9747,122217,0.0697,official
Dambulla,2015,5,3481,4667,8148,113529,0.0581,official
Dambulla,2015,6,3747,5159,8906,115467,0.0641,official
Dambulla,2015,7,5408,7600,13008,175804,0.094,official
Dambulla,2015,8,5195,7121,12316,166610,0.0886,official
Dambulla,2015,9,4285,5626,9911,143374,0.0709,official
Dambulla,2015,10,4437,6165,10602,132280,0.0766,official
Dambulla,2015,11,5499,7421,12920,144147,0.0905,official
Dambulla,2015,12,7013,9099,16112,206114,0.1168,official
Dambulla,2016,1,6102,8701,14803,194280,0.0911,official
Dambulla,2016,2,6013,8667,14680,197697,0.0903,official
Dambulla,2016,3,5847,8667,14514,192841,0.0894,official
Dambulla,2016,4,4947,6408,11355,136367,0.0697,official
Dambulla,2016,5,3809,5641,9450,125044,0.0581,official
Dambulla,2016,6,4463,5872,10335,118038,0.0641,official
Dambulla,2016,7,6170,8674,14844,209351,0.094,official
Dambulla,2016,8,5648,8012,13660,186288,0.0886,official
Dambulla,2016,9,4567,6441,11008,148499,0.0709,official
Dambulla,2016,10,5084,7175,12259,150419,0.0766,official
Dambulla,2016,11,6289,8162,14451,167217,0.0905,official
Dambulla,2016,12,7987,10791,18778,224791,0.1168,official
Dambulla,2017,1,6238,8923,15161,219360,0.0911,official
Dambulla,2017,2,5982,8766,14748,197517,0.0903,official
Dambulla,2017,3,6160,8708,14868,188076,0.0894,official
Dambulla,2017,4,4817,7179,11996,160249,0.0697,official
Dambulla,2017,5,3908,5489,9397,121891,0.0581,official
Dambulla,2017,6,4315,6054,10369,123351,0.0641,official
Dambulla,2017,7,6325,9350,15675,205482,0.094,official
Dambulla,2017,8,6332,8357,14689,190928,0.0886,official
Dambulla,2017,9,4739,6900,11639,145077,0.0709,official
Dambulla,2017,10,5165,7492,12657,152429,0.0766,official
Dambulla,2017,11,6240,8288,14528,167511,0.0905,official
Dambulla,2017,12,8377,11812,20189,244536,0.1168,official
Dambulla,2018,1,6762,9532,16294,238924,0.0911,official
Dambulla,2018,2,6885,9653,16538,235618,0.0903,official
Dambulla,2018,3,6892,10033,16925,233382,0.0894,official
Dambulla,2018,4,5238,7196,12434,180429,0.0697,official
Dambulla,2018,5,4212,6016,10228,129466,0.0581,official
Dambulla,2018,6,4844,7155,11999,146828,0.0641,official
Dambulla,2018,7,7001,10022,17023,217829,0.094,official
Dambulla,2018,8,6694,9711,16405,200359,0.0886,official
Dambulla,2018,9,5766,7384,13150,149087,0.0709,official
Dambulla,2018,10,5706,8362,14068,153123,0.0766,official
Dambulla,2018,11,6979,10105,17084,195582,0.0905,official
Dambulla,2018,12,8983,12226,21209,253169,0.1168,official
Dambulla,2019,1,5749,8171,13920,244239,0.0911,official
Dambulla,2019,2,5735,7956,13691,252033,0.0903,official
Dambulla,2019,3,5719,8031,13750,244328,0.0894,official
Dambulla,2019,4,4497,6163,10660,166975,0.0697,official
Dambulla,2019,5,3585,5066,8651,37802,0.0581,official
Dambulla,2019,6,4120,5430,9550,63072,0.0641,official
Dambulla,2019,7,5895,8067,13962,115701,0.094,official
Dambulla,2019,8,5496,7983,13479,143587,0.0886,official
Dambulla,2019,9,4420,6161,10581,108575,0.0709,official
Dambulla,2019,10,4555,6797,11352,118743,0.0766,official
Dambulla,2019,11,5716,8361,14077,176984,0.0905,official
Dambulla,2019,12,7172,10201,17373,241663,0.1168,official
Dambulla,2020,1,1508,2195,3703,228434,0.0911,official
Dambulla,2020,2,1479,2094,3573,207507,0.0903,official
Dambulla,2020,3,1496,2068,3564,71370,0.0894,official
Dambulla,2020,4,1129,1612,2741,0,0.0697,official
Dambulla,2020,5,985,1295,2280,0,0.0581,official
Dambulla,2020,6,1058,1444,2502,0,0.0641,official
Dambulla,2020,7,1601,2065,3666,0,0.094,official
Dambulla,2020,8,1431,2061,3492,0,0.0886,official
Dambulla,2020,9,1219,1627,2846,0,0.0709,official
Dambulla,2020,10,1237,1861,3098,0,0.0766,official
Dambulla,2020,11,1422,1943,3365,0,0.0905,official
Dambulla,2020,12,1944,2646,4590,0,0.1168,official
Dambulla,2021,1,556,820,1376,1682,0.0911,official
Dambulla,2021,2,573,782,1355,3366,0.0903,official
Dambulla,2021,3,541,809,1350,4581,0.0894,official
Dambulla,2021,4,447,612,1059,4168,0.0697,official
Dambulla,2021,5,386,496,882,1497,0.0581,official
Dambulla,2021,6,385,554,939,1614,0.0641,official
Dambulla,2021,7,591,835,1426,2429,0.094,official
Dambulla,2021,8,554,789,1343,5040,0.0886,official
Dambulla,2021,9,429,652,1081,13547,0.0709,official
Dambulla,2021,10,481,698,1179,22771,0.0766,official
Dambulla,2021,11,575,808,1383,44294,0.0905,official
Dambulla,2021,12,748,1043,1791,89506,0.1168,official
Dambulla,2022,1,2166,3093,5259,82327,0.0911,official
Dambulla,2022,2,2118,3011,5129,96507,0.0903,official
Dambulla,2022,3,2079,3045,5124,106500,0.0894,official
Dambulla,2022,4,1591,2397,3988,62980,0.0697,official
Dambulla,2022,5,1353,1816,3169,30207,0.0581,official
Dambulla,2022,6,1501,2051,3552,32856,0.0641,official
Dambulla,2022,7,2249,3011,5260,47293,0.094,official
Dambulla,2022,8,2038,2728,4766,37760,0.0886,official
Dambulla,2022,9,1631,2146,3777,29802,0.0709,official
Dambulla,2022,10,1701,2558,4259,42026,0.0766,official
Dambulla,2022,11,2159,2991,5150,59759,0.0905,official
Dambulla,2022,12,2644,3807,6451,91961,0.1168,official
Dambulla,2023,1,24,60,84,102545,0.0911,official
Dambulla,2023,2,25,63,88,107639,0.0903,official
Dambulla,2023,3,23,61,84,125495,0.0894,official
Dambulla,2023,4,18,44,62,105498,0.0697,official
Dambulla,2023,5,15,39,54,83309,0.0581,official
Dambulla,2023,6,16,43,59,100388,0.0641,official
Dambulla,2023,7,26,65,91,143039,0.094,official
Dambulla,2023,8,23,61,84,136405,0.0886,official
Dambulla,2023,9,19,50,69,111938,0.0709,official
Dambulla,2023,10,20,51,71,109199,0.0766,official
Dambulla,2023,11,24,62,86,151496,0.0905,official
Dambulla,2023,12,32,81,113,210352,0.1168,official
Dambulla,2024,1,6252,8349,14601,208253,0.0911,official
Dambulla,2024,2,6244,8459,14703,218350,0.0903,official
Dambulla,2024,3,6317,8154,14471,209181,0.0894,official
Dambulla,2024,4,4875,6526,11401,148867,0.0697,official
Dambulla,2024,5,3790,5334,9124,112128,0.0581,official
Dambulla,2024,6,4226,6050,10276,113470,0.0641,official
Dambulla,2024,7,6355,8609,14964,187810,0.094,official
Dambulla,2024,8,5889,8780,14669,164609,0.0886,official
Dambulla,2024,9,4960,6688,11648,122140,0.0709,official
Dambulla,2024,10,5101,7160,12261,135907,0.0766,official
Dambulla,2024,11,6128,8166,14294,184158,0.0905,official
Dambulla,2024,12,7707,10330,18037,248592,0.1168,official
Dambulla,2025,1,49,61,110,252761,0.0911,official
Dambulla,2025,2,48,62,110,240217,0.0903,official
Dambulla,2025,3,46,56,102,229298,0.0894,official
Dambulla,2025,4,37,47,84,174608,0.0697,official
Dambulla,2025,5,32,38,70,132919,0.0581,official
Dambulla,2025,6,35,42,77,138241,0.0641,official
Dambulla,2025,7,50,64,114,200244,0.094,official
Dambulla,2025,8,48,56,104,198235,0.0886,official
Dambulla,2025,9,39,49,88,158971,0.0709,official
Dambulla,2025,10,40,51,91,165193,0.0766,official
Dambulla,2025,11,49,60,109,212906,0.0905,official
Dambulla,2025,12,62,76,138,287423,0.1168,official
Kandy,2015,1,10609,15386,25995,156246,0.0911,official
Kandy,2015,2,10692,14565,25257,165541,0.0903,official
Kandy,2015,3,10658,13337,23995,157051,0.0894,official
Kandy,2015,4,8396,10770,19166,122217,0.0697,official
Kandy,2015,5,6698,9162,15860,113529,0.0581,official
Kandy,2015,6,7183,10828,18011,115467,0.0641,official
Kandy,2015,7,10806,15503,26309,175804,0.094,official
Kandy,2015,8,10308,14658,24966,166610,0.0886,official
Kandy,2015,9,8279,11119,19398,143374,0.0709,official
Kandy,2015,10,9192,12311,21503,132280,0.0766,official
Kandy,2015,11,10048,14567,24615,144147,0.0905,official
Kandy,2015,12,14218,19534,33752,206114,0.1168,official
Kandy,2016,1,11981,16773,28754,194280,0.0911,official
Kandy,2016,2,11882,17843,29725,197697,0.0903,official
Kandy,2016,3,12015,16845,28860,192841,0.0894,official
Kandy,2016,4,9542,13051,22593,136367,0.0697,official
Kandy,2016,5,7662,10748,18410,125044,0.0581,official
Kandy,2016,6,8505,11919,20424,118038,0.0641,official
Kandy,2016,7,12771,17525,30296,209351,0.094,official
Kandy,2016,8,12030,16440,28470,186288,0.0886,official
Kandy,2016,9,9442,12397,21839,148499,0.0709,official
Kandy,2016,10,10458,14398,24856,150419,0.0766,official
Kandy,2016,11,12380,15366,27746,167217,0.0905,official
Kandy,2016,12,16488,21631,38119,224791,0.1168,official
Kandy,2017,1,12910,16947,29857,219360,0.0911,official
Kandy,2017,2,12609,16786,29395,197517,0.0903,official
Kandy,2017,3,12030,18148,30178,188076,0.0894,official
Kandy,2017,4,9497,13460,22957,160249,0.0697,official
Kandy,2017,5,8177,11323,19500,121891,0.0581,official
Kandy,2017,6,8835,12449,21284,123351,0.0641,official
Kandy,2017,7,13828,18026,31854,205482,0.094,official
Kandy,2017,8,12221,17543,29764,190928,0.0886,official
Kandy,2017,9,10043,14094,24137,145077,0.0709,official
Kandy,2017,10,10705,14201,24906,152429,0.0766,official
Kandy,2017,11,13012,16769,29781,167511,0.0905,official
Kandy,2017,12,16157,21909,38066,244536,0.1168,official
Kandy,2018,1,13751,19479,33230,238924,0.0911,official
Kandy,2018,2,13785,19356,33141,235618,0.0903,official
Kandy,2018,3,14173,19183,33356,233382,0.0894,official
Kandy,2018,4,10456,15173,25629,180429,0.0697,official
Kandy,2018,5,9101,11850,20951,129466,0.0581,official
Kandy,2018,6,9873,13864,23737,146828,0.0641,official
Kandy,2018,7,14096,20734,34830,217829,0.094,official
Kandy,2018,8,13335,18824,32159,200359,0.0886,official
Kandy,2018,9,10663,15014,25677,149087,0.0709,official
Kandy,2018,10,11202,15516,26718,153123,0.0766,official
Kandy,2018,11,14333,18663,32996,195582,0.0905,official
Kandy,2018,12,17131,23122,40253,253169,0.1168,official
Kandy,2019,1,11081,15189,26270,244239,0.0911,official
Kandy,2019,2,11747,16148,27895,252033,0.0903,official
Kandy,2019,3,10856,16567,27423,244328,0.0894,official
Kandy,2019,4,8891,11974,20865,166975,0.0697,official
Kandy,2019,5,6666,10782,17448,37802,0.0581,official
Kandy,2019,6,7621,10585,18206,63072,0.0641,official
Kandy,2019,7,12020,17522,29542,115701,0.094,official
Kandy,2019,8,11440,15638,27078,143587,0.0886,official
Kandy,2019,9,8946,12620,21566,108575,0.0709,official
Kandy,2019,10,9714,13409,23123,118743,0.0766,official
Kandy,2019,11,11251,15673,26924,176984,0.0905,official
Kandy,2019,12,14151,20099,34250,241663,0.1168,official
Kandy,2020,1,2842,4180,7022,228434,0.0911,official
Kandy,2020,2,2879,4017,6896,207507,0.0903,official
Kandy,2020,3,2954,4285,7239,71370,0.0894,official
Kandy,2020,4,2352,3054,5406,0,0.0697,official
Kandy,2020,5,1853,2749,4602,0,0.0581,official
Kandy,2020,6,2046,2931,4977,0,0.0641,official
Kandy,2020,7,3142,4202,7344,0,0.094,official
Kandy,2020,8,2921,3913,6834,0,0.0886,official
Kandy,2020,9,2288,3293,5581,0,0.0709,official
Kandy,2020,10,2397,3571,5968,0,0.0766,official
Kandy,2020,11,2971,4231,7202,0,0.0905,official
Kandy,2020,12,3863,5593,9456,0,0.1168,official
Kandy,2021,1,1152,1586,2738,1682,0.0911,official
Kandy,2021,2,1142,1618,2760,3366,0.0903,official
Kandy,2021,3,1128,1579,2707,4581,0.0894,official
Kandy,2021,4,859,1204,2063,4168,0.0697,official
Kandy,2021,5,701,1079,1780,1497,0.0581,official
Kandy,2021,6,778,1108,1886,1614,0.0641,official
Kandy,2021,7,1159,1703,2862,2429,0.094,official
Kandy,2021,8,1106,1621,2727,5040,0.0886,official
Kandy,2021,9,875,1261,2136,13547,0.0709,official
Kandy,2021,10,941,1438,2379,22771,0.0766,official
Kandy,2021,11,1099,1610,2709,44294,0.0905,official
Kandy,2021,12,1499,2085,3584,89506,0.1168,official
Kandy,2022,1,4226,5927,10153,82327,0.0911,official
Kandy,2022,2,4217,5870,10087,96507,0.0903,official
Kandy,2022,3,4291,6225,10516,106500,0.0894,official
Kandy,2022,4,3195,4362,7557,62980,0.0697,official
Kandy,2022,5,2704,4089,6793,30207,0.0581,official
Kandy,2022,6,2920,4395,7315,32856,0.0641,official
Kandy,2022,7,4608,6040,10648,47293,0.094,official
Kandy,2022,8,4203,6068,10271,37760,0.0886,official
Kandy,2022,9,3269,4601,7870,29802,0.0709,official
Kandy,2022,10,3511,4850,8361,42026,0.0766,official
Kandy,2022,11,4137,5690,9827,59759,0.0905,official
Kandy,2022,12,5452,7449,12901,91961,0.1168,official
Kandy,2023,1,485,863,1348,102545,0.0911,official
Kandy,2023,2,482,919,1401,107639,0.0903,official
Kandy,2023,3,444,898,1342,125495,0.0894,official
Kandy,2023,4,381,667,1048,105498,0.0697,official
Kandy,2023,5,322,584,906,83309,0.0581,official
Kandy,2023,6,331,636,967,100388,0.0641,official
Kandy,2023,7,505,936,1441,143039,0.094,official
Kandy,2023,8,475,856,1331,136405,0.0886,official
Kandy,2023,9,376,674,1050,111938,0.0709,official
Kandy,2023,10,403,740,1143,109199,0.0766,official
Kandy,2023,11,467,932,1399,151496,0.0905,official
Kandy,2023,12,637,1181,1818,210352,0.1168,official
Kandy,2024,1,11725,16811,28536,208253,0.0911,official
Kandy,2024,2,12450,16890,29340,218350,0.0903,official
Kandy,2024,3,12722,16849,29571,209181,0.0894,official
Kandy,2024,4,9321,12855,22176,148867,0.0697,official
Kandy,2024,5,7763,10776,18539,112128,0.0581,official
Kandy,2024,6,8715,12291,21006,113470,0.0641,official
Kandy,2024,7,12219,16820,29039,187810,0.094,official
Kandy,2024,8,11137,16752,27889,164609,0.0886,official
Kandy,2024,9,9119,12351,21470,122140,0.0709,official
Kandy,2024,10,10310,15335,25645,135907,0.0766,official
Kandy,2024,11,12033,17273,29306,184158,0.0905,official
Kandy,2024,12,15574,21685,37259,248592,0.1168,official
Kandy,2025,1,3629,1844,5473,252761,0.0911,official
Kandy,2025,2,3528,1861,5389,240217,0.0903,official
Kandy,2025,3,3396,1879,5275,229298,0.0894,official
Kandy,2025,4,2686,1389,4075,174608,0.0697,official
Kandy,2025,5,2289,1154,3443,132919,0.0581,official
Kandy,2025,6,2488,1309,3797,138241,0.0641,official
Kandy,2025,7,3765,1947,5712,200244,0.094,official
Kandy,2025,8,3431,1852,5283,198235,0.0886,official
Kandy,2025,9,2862,1471,4333,158971,0.0709,official
Kandy,2025,10,2970,1502,4472,165193,0.0766,official
Kandy,2025,11,3394,1829,5223,212906,0.0905,official
Kandy,2025,12,4443,2370,6813,287423,0.1168,official
Galle Fort,2015,1,1856,1709,3565,156246,0.0911,official
Galle Fort,2015,2,1832,1692,3524,165541,0.0903,official
Galle Fort,2015,3,1821,1553,3374,157051,0.0894,official
Galle Fort,2015,4,1376,1281,2657,122217,0.0697,official
Galle Fort,2015,5,1139,1092,2231,113529,0.0581,official
Galle Fort,2015,6,1364,1228,2592,115467,0.0641,official
Galle Fort,2015,7,1900,1815,3715,175804,0.094,official
Galle Fort,2015,8,1809,1619,3428,166610,0.0886,official
Galle Fort,2015,9,1415,1297,2712,143374,0.0709,official
Galle Fort,2015,10,1539,1422,2961,132280,0.0766,official
Galle Fort,2015,11,1848,1671,3519,144147,0.0905,official
Galle Fort,2015,12,2405,2233,4638,206114,0.1168,official
Galle Fort,2016,1,1455,1201,2656,194280,0.0911,official
Galle Fort,2016,2,1294,1281,2575,197697,0.0903,official
Galle Fort,2016,3,1331,1225,2556,192841,0.0894,official
Galle Fort,2016,4,1043,909,1952,136367,0.0697,official
Galle Fort,2016,5,917,820,1737,125044,0.0581,official
Galle Fort,2016,6,978,816,1794,118038,0.0641,official
Galle Fort,2016,7,1436,1313,2749,209351,0.094,official
Galle Fort,2016,8,1314,1229,2543,186288,0.0886,official
Galle Fort,2016,9,1100,995,2095,148499,0.0709,official
Galle Fort,2016,10,1193,1026,2219,150419,0.0766,official
Galle Fort,2016,11,1455,1242,2697,167217,0.0905,official
Galle Fort,2016,12,1811,1566,3377,224791,0.1168,official
Galle Fort,2017,1,1402,1172,2574,219360,0.0911,official
Galle Fort,2017,2,1401,1254,2655,197517,0.0903,official
Galle Fort,2017,3,1337,1124,2461,188076,0.0894,official
Galle Fort,2017,4,1134,914,2048,160249,0.0697,official
Galle Fort,2017,5,888,791,1679,121891,0.0581,official
Galle Fort,2017,6,982,894,1876,123351,0.0641,official
Galle Fort,2017,7,1497,1224,2721,205482,0.094,official
Galle Fort,2017,8,1471,1149,2620,190928,0.0886,official
Galle Fort,2017,9,1130,945,2075,145077,0.0709,official
Galle Fort,2017,10,1241,1059,2300,152429,0.0766,official
Galle Fort,2017,11,1412,1168,2580,167511,0.0905,official
Galle Fort,2017,12,1846,1511,3357,244536,0.1168,official
Galle Fort,2018,1,1618,1339,2957,238924,0.0911,official
Galle Fort,2018,2,1495,1329,2824,235618,0.0903,official
Galle Fort,2018,3,1437,1271,2708,233382,0.0894,official
Galle Fort,2018,4,1208,1000,2208,180429,0.0697,official
Galle Fort,2018,5,942,864,1806,129466,0.0581,official
Galle Fort,2018,6,1112,959,2071,146828,0.0641,official
Galle Fort,2018,7,1622,1346,2968,217829,0.094,official
Galle Fort,2018,8,1420,1355,2775,200359,0.0886,official
Galle Fort,2018,9,1176,1030,2206,149087,0.0709,official
Galle Fort,2018,10,1334,1140,2474,153123,0.0766,official
Galle Fort,2018,11,1536,1410,2946,195582,0.0905,official
Galle Fort,2018,12,1918,1757,3675,253169,0.1168,official
Galle Fort,2019,1,9431,13287,22718,244239,0.0911,official
Galle Fort,2019,2,9757,13260,23017,252033,0.0903,official
Galle Fort,2019,3,9386,13348,22734,244328,0.0894,official
Galle Fort,2019,4,7119,9823,16942,166975,0.0697,official
Galle Fort,2019,5,5817,7911,13728,37802,0.0581,official
Galle Fort,2019,6,7036,8971,16007,63072,0.0641,official
Galle Fort,2019,7,9654,13493,23147,115701,0.094,official
Galle Fort,2019,8,9238,13128,22366,143587,0.0886,official
Galle Fort,2019,9,7514,10075,17589,108575,0.0709,official
Galle Fort,2019,10,7875,11175,19050,118743,0.0766,official
Galle Fort,2019,11,9277,13716,22993,176984,0.0905,official
Galle Fort,2019,12,12243,17263,29506,241663,0.1168,official
Galle Fort,2020,1,1246,1067,2313,228434,0.0911,official
Galle Fort,2020,2,1217,981,2198,207507,0.0903,official
Galle Fort,2020,3,1213,991,2204,71370,0.0894,official
Galle Fort,2020,4,919,802,1721,0,0.0697,official
Galle Fort,2020,5,808,658,1466,0,0.0581,official
Galle Fort,2020,6,868,762,1630,0,0.0641,official
Galle Fort,2020,7,1270,1147,2417,0,0.094,official
Galle Fort,2020,8,1208,949,2157,0,0.0886,official
Galle Fort,2020,9,972,811,1783,0,0.0709,official
Galle Fort,2020,10,1067,884,1951,0,0.0766,official
Galle Fort,2020,11,1208,986,2194,0,0.0905,official
Galle Fort,2020,12,1556,1287,2843,0,0.1168,official
Galle Fort,2021,1,940,1363,2303,1682,0.0911,official
Galle Fort,2021,2,995,1343,2338,3366,0.0903,official
Galle Fort,2021,3,905,1331,2236,4581,0.0894,official
Galle Fort,2021,4,757,1005,1762,4168,0.0697,official
Galle Fort,2021,5,607,854,1461,1497,0.0581,official
Galle Fort,2021,6,657,961,1618,1614,0.0641,official
Galle Fort,2021,7,984,1400,2384,2429,0.094,official
Galle Fort,2021,8,905,1285,2190,5040,0.0886,official
Galle Fort,2021,9,760,1030,1790,13547,0.0709,official
Galle Fort,2021,10,846,1112,1958,22771,0.0766,official
Galle Fort,2021,11,956,1367,2323,44294,0.0905,official
Galle Fort,2021,12,1173,1625,2798,89506,0.1168,official
Galle Fort,2022,1,3379,5146,8525,82327,0.0911,official
Galle Fort,2022,2,3451,5291,8742,96507,0.0903,official
Galle Fort,2022,3,3416,4892,8308,106500,0.0894,official
Galle Fort,2022,4,2833,4019,6852,62980,0.0697,official
Galle Fort,2022,5,2399,3277,5676,30207,0.0581,official
Galle Fort,2022,6,2570,3552,6122,32856,0.0641,official
Galle Fort,2022,7,3741,5034,8775,47293,0.094,official
Galle Fort,2022,8,3359,4820,8179,37760,0.0886,official
Galle Fort,2022,9,2741,3805,6546,29802,0.0709,official
Galle Fort,2022,10,3040,4288,7328,42026,0.0766,official
Galle Fort,2022,11,3525,5141,8666,59759,0.0905,official
Galle Fort,2022,12,4383,6317,10700,91961,0.1168,official
Galle Fort,2023,1,940,4648,5588,102545,0.0911,official
Galle Fort,2023,2,950,4862,5812,107639,0.0903,official
Galle Fort,2023,3,986,4923,5909,125495,0.0894,official
Galle Fort,2023,4,712,3974,4686,105498,0.0697,official
Galle Fort,2023,5,635,3195,3830,83309,0.0581,official
Galle Fort,2023,6,672,3366,4038,100388,0.0641,official
Galle Fort,2023,7,981,5249,6230,143039,0.094,official
Galle Fort,2023,8,987,5009,5996,136405,0.0886,official
Galle Fort,2023,9,737,3702,4439,111938,0.0709,official
Galle Fort,2023,10,811,3920,4731,109199,0.0766,official
Galle Fort,2023,11,963,4867,5830,151496,0.0905,official
Galle Fort,2023,12,1215,6008,7223,210352,0.1168,official
Galle Fort,2024,1,10258,13917,24175,208253,0.0911,official
Galle Fort,2024,2,9659,12808,22467,218350,0.0903,official
Galle Fort,2024,3,9904,14615,24519,209181,0.0894,official
Galle Fort,2024,4,8108,10664,18772,148867,0.0697,official
Galle Fort,2024,5,6327,9148,15475,112128,0.0581,official
Galle Fort,2024,6,6898,10046,16944,113470,0.0641,official
Galle Fort,2024,7,10668,15137,25805,187810,0.094,official
Galle Fort,2024,8,9792,13667,23459,164609,0.0886,official
Galle Fort,2024,9,7652,10730,18382,122140,0.0709,official
Galle Fort,2024,10,8435,12021,20456,135907,0.0766,official
Galle Fort,2024,11,10304,13703,24007,184158,0.0905,official
Galle Fort,2024,12,13526,17977,31503,248592,0.1168,official
Galle Fort,2025,1,2562,3541,6103,252761,0.0911,official
Galle Fort,2025,2,2356,3684,6040,240217,0.0903,official
Galle Fort,2025,3,2571,3524,6095,229298,0.0894,official
Galle Fort,2025,4,1964,2812,4776,174608,0.0697,official
Galle Fort,2025,5,1558,2273,3831,132919,0.0581,official
Galle Fort,2025,6,1848,2454,4302,138241,0.0641,official
Galle Fort,2025,7,2670,3587,6257,200244,0.094,official
Galle Fort,2025,8,2528,3517,6045,198235,0.0886,official
Galle Fort,2025,9,1898,2916,4814,158971,0.0709,official
Galle Fort,2025,10,2108,2971,5079,165193,0.0766,official
Galle Fort,2025,11,2561,3720,6281,212906,0.0905,official
Galle Fort,2025,12,3186,4650,7836,287423,0.1168,official
Jaffna,2015,1,2389,3371,5760,156246,0.0911,official
Jaffna,2015,2,2350,3237,5587,165541,0.0903,official
Jaffna,2015,3,2257,3249,5506,157051,0.0894,official
Jaffna,2015,4,1745,2303,4048,122217,0.0697,official
Jaffna,2015,5,1524,2163,3687,113529,0.0581,official
Jaffna,2015,6,1543,2254,3797,115467,0.0641,official
Jaffna,2015,7,2480,3620,6100,175804,0.094,official
Jaffna,2015,8,2295,3141,5436,166610,0.0886,official
Jaffna,2015,9,1825,2675,4500,143374,0.0709,official
Jaffna,2015,10,1945,2710,4655,132280,0.0766,official
Jaffna,2015,11,2308,3185,5493,144147,0.0905,official
Jaffna,2015,12,3034,4439,7473,206114,0.1168,official
Jaffna,2016,1,2716,3738,6454,194280,0.0911,official
Jaffna,2016,2,2642,3557,6199,197697,0.0903,official
Jaffna,2016,3,2709,3687,6396,192841,0.0894,official
Jaffna,2016,4,2045,3155,5200,136367,0.0697,official
Jaffna,2016,5,1731,2348,4079,125044,0.0581,official
Jaffna,2016,6,1869,2742,4611,118038,0.0641,official
Jaffna,2016,7,2786,3720,6506,209351,0.094,official
Jaffna,2016,8,2687,3588,6275,186288,0.0886,official
Jaffna,2016,9,2210,3025,5235,148499,0.0709,official
Jaffna,2016,10,2231,3288,5519,150419,0.0766,official
Jaffna,2016,11,2676,3835,6511,167217,0.0905,official
Jaffna,2016,12,3498,4704,8202,224791,0.1168,official
Jaffna,2017,1,2723,4007,6730,219360,0.0911,official
Jaffna,2017,2,2723,3805,6528,197517,0.0903,official
Jaffna,2017,3,2646,3862,6508,188076,0.0894,official
Jaffna,2017,4,2254,2876,5130,160249,0.0697,official
Jaffna,2017,5,1772,2584,4356,121891,0.0581,official
Jaffna,2017,6,1949,2773,4722,123351,0.0641,official
Jaffna,2017,7,2774,4064,6838,205482,0.094,official
Jaffna,2017,8,2684,3891,6575,190928,0.0886,official
Jaffna,2017,9,2237,3259,5496,145077,0.0709,official
Jaffna,2017,10,2374,3299,5673,152429,0.0766,official
Jaffna,2017,11,2772,3818,6590,167511,0.0905,official
Jaffna,2017,12,3594,4937,8531,244536,0.1168,official
Jaffna,2018,1,3077,4455,7532,238924,0.0911,official
Jaffna,2018,2,2942,4392,7334,235618,0.0903,official
Jaffna,2018,3,3122,4190,7312,233382,0.0894,official
Jaffna,2018,4,2191,3217,5408,180429,0.0697,official
Jaffna,2018,5,2028,2732,4760,129466,0.0581,official
Jaffna,2018,6,2090,2971,5061,146828,0.0641,official
Jaffna,2018,7,3240,4497,7737,217829,0.094,official
Jaffna,2018,8,2955,4121,7076,200359,0.0886,official
Jaffna,2018,9,2354,3242,5596,149087,0.0709,official
Jaffna,2018,10,2698,3568,6266,153123,0.0766,official
Jaffna,2018,11,3150,4449,7599,195582,0.0905,official
Jaffna,2018,12,4041,5421,9462,253169,0.1168,official
Jaffna,2019,1,2541,3512,6053,244239,0.0911,official
Jaffna,2019,2,2420,3516,5936,252033,0.0903,official
Jaffna,2019,3,2376,3571,5947,244328,0.0894,official
Jaffna,2019,4,1892,2703,4595,166975,0.0697,official
Jaffna,2019,5,1615,2224,3839,37802,0.0581,official
Jaffna,2019,6,1798,2439,4237,63072,0.0641,official
Jaffna,2019,7,2659,3481,6140,115701,0.094,official
Jaffna,2019,8,2450,3616,6066,143587,0.0886,official
Jaffna,2019,9,1894,2678,4572,108575,0.0709,official
Jaffna,2019,10,2143,2970,5113,118743,0.0766,official
Jaffna,2019,11,2518,3540,6058,176984,0.0905,official
Jaffna,2019,12,3278,4654,7932,241663,0.1168,official
Jaffna,2020,1,673,925,1598,228434,0.0911,official
Jaffna,2020,2,672,975,1647,207507,0.0903,official
Jaffna,2020,3,650,887,1537,71370,0.0894,official
Jaffna,2020,4,525,709,1234,0,0.0697,official
Jaffna,2020,5,396,609,1005,0,0.0581,official
Jaffna,2020,6,460,654,1114,0,0.0641,official
Jaffna,2020,7,693,967,1660,0,0.094,official
Jaffna,2020,8,660,894,1554,0,0.0886,official
Jaffna,2020,9,525,719,1244,0,0.0709,official
Jaffna,2020,10,571,797,1368,0,0.0766,official
Jaffna,2020,11,642,955,1597,0,0.0905,official
Jaffna,2020,12,839,1223,2062,0,0.1168,official
Jaffna,2021,1,257,376,633,1682,0.0911,official
Jaffna,2021,2,251,350,601,3366,0.0903,official
Jaffna,2021,3,250,347,597,4581,0.0894,official
Jaffna,2021,4,199,259,458,4168,0.0697,official
Jaffna,2021,5,157,220,377,1497,0.0581,official
Jaffna,2021,6,184,264,448,1614,0.0641,official
Jaffna,2021,7,262,366,628,2429,0.094,official
Jaffna,2021,8,248,359,607,5040,0.0886,official
Jaffna,2021,9,192,279,471,13547,0.0709,official
Jaffna,2021,10,220,304,524,22771,0.0766,official
Jaffna,2021,11,254,365,619,44294,0.0905,official
Jaffna,2021,12,300,466,766,89506,0.1168,official
Jaffna,2022,1,925,1249,2174,82327,0.0911,official
Jaffna,2022,2,950,1364,2314,96507,0.0903,official
Jaffna,2022,3,922,1334,2256,106500,0.0894,official
Jaffna,2022,4,757,1050,1807,62980,0.0697,official
Jaffna,2022,5,632,862,1494,30207,0.0581,official
Jaffna,2022,6,666,886,1552,32856,0.0641,official
Jaffna,2022,7,967,1330,2297,47293,0.094,official
Jaffna,2022,8,978,1278,2256,37760,0.0886,official
Jaffna,2022,9,737,1045,1782,29802,0.0709,official
Jaffna,2022,10,795,1168,1963,42026,0.0766,official
Jaffna,2022,11,920,1320,2240,59759,0.0905,official
Jaffna,2022,12,1183,1627,2810,91961,0.1168,official
Jaffna,2023,1,920,22280,23200,102545,0.0911,official
Jaffna,2023,2,917,21644,22561,107639,0.0903,official
Jaffna,2023,3,881,21830,22711,125495,0.0894,official
Jaffna,2023,4,684,17441,18125,105498,0.0697,official
Jaffna,2023,5,599,13605,14204,83309,0.0581,official
Jaffna,2023,6,653,15348,16001,100388,0.0641,official
Jaffna,2023,7,977,23951,24928,143039,0.094,official
Jaffna,2023,8,860,21761,22621,136405,0.0886,official
Jaffna,2023,9,726,17703,18429,111938,0.0709,official
Jaffna,2023,10,793,18329,19122,109199,0.0766,official
Jaffna,2023,11,922,21616,22538,151496,0.0905,official
Jaffna,2023,12,1240,28603,29843,210352,0.1168,official
Jaffna,2024,1,2847,3764,6611,208253,0.0911,official
Jaffna,2024,2,2612,3567,6179,218350,0.0903,official
Jaffna,2024,3,2500,3524,6024,209181,0.0894,official
Jaffna,2024,4,2076,2927,5003,148867,0.0697,official
Jaffna,2024,5,1636,2470,4106,112128,0.0581,official
Jaffna,2024,6,1868,2666,4534,113470,0.0641,official
Jaffna,2024,7,2915,3998,6913,187810,0.094,official
Jaffna,2024,8,2598,3568,6166,164609,0.0886,official
Jaffna,2024,9,1960,2870,4830,122140,0.0709,official
Jaffna,2024,10,2250,3076,5326,135907,0.0766,official
Jaffna,2024,11,2664,3752,6416,184158,0.0905,official
Jaffna,2024,12,3429,4738,8167,248592,0.1168,official
Jaffna,2025,1,1330,21729,23059,252761,0.0911,official
Jaffna,2025,2,1269,22150,23419,240217,0.0903,official
Jaffna,2025,3,1295,21052,22347,229298,0.0894,official
Jaffna,2025,4,1033,16509,17542,174608,0.0697,official
Jaffna,2025,5,868,13796,14664,132919,0.0581,official
Jaffna,2025,6,914,15260,16174,138241,0.0641,official
Jaffna,2025,7,1319,22209,23528,200244,0.094,official
Jaffna,2025,8,1285,20719,22004,198235,0.0886,official
Jaffna,2025,9,1026,15742,16768,158971,0.0709,official
Jaffna,2025,10,1094,18079,19173,165193,0.0766,official
Jaffna,2025,11,1320,20634,21954,212906,0.0905,official
Jaffna,2025,12,1761,26767,28528,287423,0.1168,official
Yala,2015,1,18210,25091,43301,156246,0.0911,official
Yala,2015,2,17195,25856,43051,165541,0.0903,official
Yala,2015,3,16740,24976,41716,157051,0.0894,official
Yala,2015,4,13934,18558,32492,122217,0.0697,official
Yala,2015,5,11758,15683,27441,113529,0.0581,official
Yala,2015,6,12564,17575,30139,115467,0.0641,official
Yala,2015,7,18193,26195,44388,175804,0.094,official
Yala,2015,8,17613,22822,40435,166610,0.0886,official
Yala,2015,9,14305,18312,32617,143374,0.0709,official
Yala,2015,10,15337,21531,36868,132280,0.0766,official
Yala,2015,11,16992,24291,41283,144147,0.0905,official
Yala,2015,12,21924,31542,53466,206114,0.1168,official
Yala,2016,1,19993,28912,48905,194280,0.0911,official
Yala,2016,2,20782,29167,49949,197697,0.0903,official
Yala,2016,3,19465,27544,47009,192841,0.0894,official
Yala,2016,4,14648,21076,35724,136367,0.0697,official
Yala,2016,5,13243,18893,32136,125044,0.0581,official
Yala,2016,6,13679,19534,33213,118038,0.0641,official
Yala,2016,7,20814,29408,50222,209351,0.094,official
Yala,2016,8,19142,27816,46958,186288,0.0886,official
Yala,2016,9,15476,21970,37446,148499,0.0709,official
Yala,2016,10,17242,23755,40997,150419,0.0766,official
Yala,2016,11,19771,27955,47726,167217,0.0905,official
Yala,2016,12,25791,35802,61593,224791,0.1168,official
Yala,2017,1,42289,50489,92778,219360,0.0911,official
Yala,2017,2,42945,47319,90264,197517,0.0903,official
Yala,2017,3,42691,46797,89488,188076,0.0894,official
Yala,2017,4,33730,37241,70971,160249,0.0697,official
Yala,2017,5,27097,31143,58240,121891,0.0581,official
Yala,2017,6,28589,32770,61359,123351,0.0641,official
Yala,2017,7,42420,49947,92367,205482,0.094,official
Yala,2017,8,43591,49977,93568,190928,0.0886,official
Yala,2017,9,33793,38046,71839,145077,0.0709,official
Yala,2017,10,33895,39844,73739,152429,0.0766,official
Yala,2017,11,41312,46940,88252,167511,0.0905,official
Yala,2017,12,54342,60867,115209,244536,0.1168,official
Yala,2018,1,46699,59227,105926,238924,0.0911,official
Yala,2018,2,47615,57815,105430,235618,0.0903,official
Yala,2018,3,51743,55268,107011,233382,0.0894,official
Yala,2018,4,35074,43905,78979,180429,0.0697,official
Yala,2018,5,32713,39119,71832,129466,0.0581,official
Yala,2018,6,33661,41386,75047,146828,0.0641,official
Yala,2018,7,50535,59607,110142,217829,0.094,official
Yala,2018,8,52099,53780,105879,200359,0.0886,official
Yala,2018,9,38920,45700,84620,149087,0.0709,official
Yala,2018,10,43098,48842,91940,153123,0.0766,official
Yala,2018,11,49745,56833,106578,195582,0.0905,official
Yala,2018,12,64137,73469,137606,253169,0.1168,official
Yala,2019,1,19181,26069,45250,244239,0.0911,official
Yala,2019,2,18870,26100,44970,252033,0.0903,official
Yala,2019,3,19099,25825,44924,244328,0.0894,official
Yala,2019,4,13630,20917,34547,166975,0.0697,official
Yala,2019,5,11684,16485,28169,37802,0.0581,official
Yala,2019,6,13018,19323,32341,63072,0.0641,official
Yala,2019,7,18192,29774,47966,115701,0.094,official
Yala,2019,8,18887,25802,44689,143587,0.0886,official
Yala,2019,9,14625,20685,35310,108575,0.0709,official
Yala,2019,10,16078,22591,38669,118743,0.0766,official
Yala,2019,11,19005,26242,45247,176984,0.0905,official
Yala,2019,12,23988,33629,57617,241663,0.1168,official
Yala,2020,1,11183,23376,34559,228434,0.0911,official
Yala,2020,2,11346,20426,31772,207507,0.0903,official
Yala,2020,3,11254,22310,33564,71370,0.0894,official
Yala,2020,4,8595,17082,25677,0,0.0697,official
Yala,2020,5,7417,14829,22246,0,0.0581,official
Yala,2020,6,7735,16109,23844,0,0.0641,official
Yala,2020,7,11274,22371,33645,0,0.094,official
Yala,2020,8,10731,22548,33279,0,0.0886,official
Yala,2020,9,9002,17859,26861,0,0.0709,official
Yala,2020,10,9663,19300,28963,0,0.0766,official
Yala,2020,11,10953,22735,33688,0,0.0905,official
Yala,2020,12,14762,29626,44388,0,0.1168,official
Yala,2021,1,1981,2736,4717,1682,0.0911,official
Yala,2021,2,1916,2740,4656,3366,0.0903,official
Yala,2021,3,1876,2559,4435,4581,0.0894,official
Yala,2021,4,1455,2002,3457,4168,0.0697,official
Yala,2021,5,1195,1701,2896,1497,0.0581,official
Yala,2021,6,1315,1868,3183,1614,0.0641,official
Yala,2021,7,1863,2783,4646,2429,0.094,official
Yala,2021,8,1860,2540,4400,5040,0.0886,official
Yala,2021,9,1518,2143,3661,13547,0.0709,official
Yala,2021,10,1531,2200,3731,22771,0.0766,official
Yala,2021,11,1856,2584,4440,44294,0.0905,official
Yala,2021,12,2513,3413,5926,89506,0.1168,official
Yala,2022,1,7028,9321,16349,82327,0.0911,official
Yala,2022,2,7154,9462,16616,96507,0.0903,official
Yala,2022,3,6963,9812,16775,106500,0.0894,official
Yala,2022,4,5637,7284,12921,62980,0.0697,official
Yala,2022,5,4109,6360,10469,30207,0.0581,official
Yala,2022,6,5256,7241,12497,32856,0.0641,official
Yala,2022,7,7359,10087,17446,47293,0.094,official
Yala,2022,8,7054,9361,16415,37760,0.0886,official
Yala,2022,9,5590,7833,13423,29802,0.0709,official
Yala,2022,10,6145,9028,15173,42026,0.0766,official
Yala,2022,11,7115,9696,16811,59759,0.0905,official
Yala,2022,12,9071,12035,21106,91961,0.1168,official
Yala,2023,1,28172,33950,62122,102545,0.0911,official
Yala,2023,2,28063,34217,62280,107639,0.0903,official
Yala,2023,3,27533,34859,62392,125495,0.0894,official
Yala,2023,4,21996,26271,48267,105498,0.0697,official
Yala,2023,5,18171,22026,40197,83309,0.0581,official
Yala,2023,6,20755,23568,44323,100388,0.0641,official
Yala,2023,7,29114,35159,64273,143039,0.094,official
Yala,2023,8,26843,32597,59440,136405,0.0886,official
Yala,2023,9,22064,27443,49507,111938,0.0709,official
Yala,2023,10,24378,29065,53443,109199,0.0766,official
Yala,2023,11,29293,33984,63277,151496,0.0905,official
Yala,2023,12,37302,43912,81214,210352,0.1168,official
Yala,2024,1,20366,27793,48159,208253,0.0911,official
Yala,2024,2,18557,27918,46475,218350,0.0903,official
Yala,2024,3,20670,28525,49195,209181,0.0894,official
Yala,2024,4,15894,22428,38322,148867,0.0697,official
Yala,2024,5,12922,18149,31071,112128,0.0581,official
Yala,2024,6,13960,19724,33684,113470,0.0641,official
Yala,2024,7,21243,30255,51498,187810,0.094,official
Yala,2024,8,19562,27131,46693,164609,0.0886,official
Yala,2024,9,15720,22404,38124,122140,0.0709,official
Yala,2024,10,16250,22143,38393,135907,0.0766,official
Yala,2024,11,19728,27055,46783,184158,0.0905,official
Yala,2024,12,25498,36089,61587,248592,0.1168,official
Yala,2025,1,58227,52913,111140,252761,0.0911,official
Yala,2025,2,59069,50697,109766,240217,0.0903,official
Yala,2025,3,58998,48048,107046,229298,0.0894,official
Yala,2025,4,46535,38675,85210,174608,0.0697,official
Yala,2025,5,38409,31301,69710,132919,0.0581,official
Yala,2025,6,39618,36569,76187,138241,0.0641,official
Yala,2025,7,61623,50924,112547,200244,0.094,official
Yala,2025,8,55894,50961,106855,198235,0.0886,official
Yala,2025,9,44286,41391,85677,158971,0.0709,official
Yala,2025,10,48285,43443,91728,165193,0.0766,official
Yala,2025,11,58026,51248,109274,212906,0.0905,official
Yala,2025,12,74411,64659,139070,287423,0.1168,official
Horton Plains,2015,1,6496,8810,15306,156246,0.0911,official
Horton Plains,2015,2,6572,8862,15434,165541,0.0903,official
Horton Plains,2015,3,6322,8646,14968,157051,0.0894,official
Horton Plains,2015,4,4579,6904,11483,122217,0.0697,official
Horton Plains,2015,5,4438,5930,10368,113529,0.0581,official
Horton Plains,2015,6,4564,6344,10908,115467,0.0641,official
Horton Plains,2015,7,6702,9530,16232,175804,0.094,official
Horton Plains,2015,8,6084,9126,15210,166610,0.0886,official
Horton Plains,2015,9,5156,7219,12375,143374,0.0709,official
Horton Plains,2015,10,5526,7641,13167,132280,0.0766,official
Horton Plains,2015,11,6571,9178,15749,144147,0.0905,official
Horton Plains,2015,12,8226,11440,19666,206114,0.1168,official
Horton Plains,2016,1,7421,10840,18261,194280,0.0911,official
Horton Plains,2016,2,7059,9812,16871,197697,0.0903,official
Horton Plains,2016,3,7295,10178,17473,192841,0.0894,official
Horton Plains,2016,4,5686,7977,13663,136367,0.0697,official
Horton Plains,2016,5,4687,6902,11589,125044,0.0581,official
Horton Plains,2016,6,4958,7110,12068,118038,0.0641,official
Horton Plains,2016,7,7614,10165,17779,209351,0.094,official
Horton Plains,2016,8,7155,10573,17728,186288,0.0886,official
Horton Plains,2016,9,5760,8114,13874,148499,0.0709,official
Horton Plains,2016,10,5985,8547,14532,150419,0.0766,official
Horton Plains,2016,11,7263,10185,17448,167217,0.0905,official
Horton Plains,2016,12,9846,13496,23342,224791,0.1168,official
Horton Plains,2017,1,10720,28780,39500,219360,0.0911,official
Horton Plains,2017,2,11154,29279,40433,197517,0.0903,official
Horton Plains,2017,3,11397,27177,38574,188076,0.0894,official
Horton Plains,2017,4,8272,21017,29289,160249,0.0697,official
Horton Plains,2017,5,7024,18477,25501,121891,0.0581,official
Horton Plains,2017,6,8038,20066,28104,123351,0.0641,official
Horton Plains,2017,7,11338,29626,40964,205482,0.094,official
Horton Plains,2017,8,10512,29517,40029,190928,0.0886,official
Horton Plains,2017,9,8212,22350,30562,145077,0.0709,official
Horton Plains,2017,10,9889,24023,33912,152429,0.0766,official
Horton Plains,2017,11,10947,28059,39006,167511,0.0905,official
Horton Plains,2017,12,14135,38119,52254,244536,0.1168,official
Horton Plains,2018,1,10006,27982,37988,238924,0.0911,official
Horton Plains,2018,2,10166,26297,36463,235618,0.0903,official
Horton Plains,2018,3,10379,26711,37090,233382,0.0894,official
Horton Plains,2018,4,7800,20735,28535,180429,0.0697,official
Horton Plains,2018,5,7251,16365,23616,129466,0.0581,official
Horton Plains,2018,6,7587,18458,26045,146828,0.0641,official
Horton Plains,2018,7,11204,27631,38835,217829,0.094,official
Horton Plains,2018,8,10219,26389,36608,200359,0.0886,official
Horton Plains,2018,9,8789,20693,29482,149087,0.0709,official
Horton Plains,2018,10,9204,21617,30821,153123,0.0766,official
Horton Plains,2018,11,10334,26935,37269,195582,0.0905,official
Horton Plains,2018,12,14345,34648,48993,253169,0.1168,official
Horton Plains,2019,1,6839,9665,16504,244239,0.0911,official
Horton Plains,2019,2,6585,9752,16337,252033,0.0903,official
Horton Plains,2019,3,6953,9355,16308,244328,0.0894,official
Horton Plains,2019,4,5204,7448,12652,166975,0.0697,official
Horton Plains,2019,5,4346,6153,10499,37802,0.0581,official
Horton Plains,2019,6,5166,6754,11920,63072,0.0641,official
Horton Plains,2019,7,7050,9784,16834,115701,0.094,official
Horton Plains,2019,8,6862,9346,16208,143587,0.0886,official
Horton Plains,2019,9,5266,7818,13084,108575,0.0709,official
Horton Plains,2019,10,6051,7979,14030,118743,0.0766,official
Horton Plains,2019,11,6470,9886,16356,176984,0.0905,official
Horton Plains,2019,12,8666,12680,21346,241663,0.1168,official
Horton Plains,2020,1,1747,9415,11162,228434,0.0911,official
Horton Plains,2020,2,1773,9285,11058,207507,0.0903,official
Horton Plains,2020,3,1822,8739,10561,71370,0.0894,official
Horton Plains,2020,4,1402,7154,8556,0,0.0697,official
Horton Plains,2020,5,1188,5951,7139,0,0.0581,official
Horton Plains,2020,6,1384,6152,7536,0,0.0641,official
Horton Plains,2020,7,2009,9495,11504,0,0.094,official
Horton Plains,2020,8,1756,8559,10315,0,0.0886,official
Horton Plains,2020,9,1436,7331,8767,0,0.0709,official
Horton Plains,2020,10,1555,8058,9613,0,0.0766,official
Horton Plains,2020,11,1763,9100,10863,0,0.0905,official
Horton Plains,2020,12,2290,11878,14168,0,0.1168,official
Horton Plains,2021,1,720,969,1689,1682,0.0911,official
Horton Plains,2021,2,640,979,1619,3366,0.0903,official
Horton Plains,2021,3,697,975,1672,4581,0.0894,official
Horton Plains,2021,4,556,726,1282,4168,0.0697,official
Horton Plains,2021,5,456,648,1104,1497,0.0581,official
Horton Plains,2021,6,467,698,1165,1614,0.0641,official
Horton Plains,2021,7,713,1011,1724,2429,0.094,official
Horton Plains,2021,8,689,941,1630,5040,0.0886,official
Horton Plains,2021,9,534,764,1298,13547,0.0709,official
Horton Plains,2021,10,570,798,1368,22771,0.0766,official
Horton Plains,2021,11,710,941,1651,44294,0.0905,official
Horton Plains,2021,12,917,1276,2193,89506,0.1168,official
Horton Plains,2022,1,2463,3562,6025,82327,0.0911,official
Horton Plains,2022,2,2666,3497,6163,96507,0.0903,official
Horton Plains,2022,3,2513,3617,6130,106500,0.0894,official
Horton Plains,2022,4,2032,2759,4791,62980,0.0697,official
Horton Plains,2022,5,1627,2418,4045,30207,0.0581,official
Horton Plains,2022,6,1924,2635,4559,32856,0.0641,official
Horton Plains,2022,7,2688,3662,6350,47293,0.094,official
Horton Plains,2022,8,2462,3591,6053,37760,0.0886,official
Horton Plains,2022,9,2046,2948,4994,29802,0.0709,official
Horton Plains,2022,10,2226,2919,5145,42026,0.0766,official
Horton Plains,2022,11,2660,3502,6162,59759,0.0905,official
Horton Plains,2022,12,3290,4695,7985,91961,0.1168,official
Horton Plains,2023,1,2988,21391,24379,102545,0.0911,official
Horton Plains,2023,2,2845,19282,22127,107639,0.0903,official
Horton Plains,2023,3,2811,19708,22519,125495,0.0894,official
Horton Plains,2023,4,2135,15763,17898,105498,0.0697,official
Horton Plains,2023,5,1811,12666,14477,83309,0.0581,official
Horton Plains,2023,6,2024,13948,15972,100388,0.0641,official
Horton Plains,2023,7,2984,19823,22807,143039,0.094,official
Horton Plains,2023,8,2695,18395,21090,136405,0.0886,official
Horton Plains,2023,9,2222,15578,17800,111938,0.0709,official
Horton Plains,2023,10,2403,17275,19678,109199,0.0766,official
Horton Plains,2023,11,2798,19814,22612,151496,0.0905,official
Horton Plains,2023,12,3495,24782,28277,210352,0.1168,official
Horton Plains,2024,1,7563,10636,18199,208253,0.0911,official
Horton Plains,2024,2,7276,10256,17532,218350,0.0903,official
Horton Plains,2024,3,6938,10067,17005,209181,0.0894,official
Horton Plains,2024,4,5815,8066,13881,148867,0.0697,official
Horton Plains,2024,5,4796,6625,11421,112128,0.0581,official
Horton Plains,2024,6,5216,7156,12372,113470,0.0641,official
Horton Plains,2024,7,7808,10842,18650,187810,0.094,official
Horton Plains,2024,8,7309,9925,17234,164609,0.0886,official
Horton Plains,2024,9,5391,8335,13726,122140,0.0709,official
Horton Plains,2024,10,6138,8494,14632,135907,0.0766,official
Horton Plains,2024,11,7508,10176,17684,184158,0.0905,official
Horton Plains,2024,12,9796,13537,23333,248592,0.1168,official
Horton Plains,2025,1,4813,29297,34110,252761,0.0911,official
Horton Plains,2025,2,4843,30510,35353,240217,0.0903,official
Horton Plains,2025,3,4576,30103,34679,229298,0.0894,official
Horton Plains,2025,4,3413,23641,27054,174608,0.0697,official
Horton Plains,2025,5,2915,18695,21610,132919,0.0581,official
Horton Plains,2025,6,3168,22223,25391,138241,0.0641,official
Horton Plains,2025,7,4777,32987,37764,200244,0.094,official
Horton Plains,2025,8,4512,28180,32692,198235,0.0886,official
Horton Plains,2025,9,3546,24649,28195,158971,0.0709,official
Horton Plains,2025,10,3946,25260,29206,165193,0.0766,official
Horton Plains,2025,11,4705,30785,35490,212906,0.0905,official
Horton Plains,2025,12,6247,40850,47097,287423,0.1168,official
Pinnawala,2015,1,3500,4757,8257,156246,0.0911,official
Pinnawala,2015,2,3463,4948,8411,165541,0.0903,official
Pinnawala,2015,3,3371,4721,8092,157051,0.0894,official
Pinnawala,2015,4,2733,3782,6515,122217,0.0697,official
Pinnawala,2015,5,2259,3088,5347,113529,0.0581,official
Pinnawala,2015,6,2474,3391,5865,115467,0.0641,official
Pinnawala,2015,7,3750,5273,9023,175804,0.094,official
Pinnawala,2015,8,3250,4682,7932,166610,0.0886,official
Pinnawala,2015,9,2629,3779,6408,143374,0.0709,official
Pinnawala,2015,10,2967,3984,6951,132280,0.0766,official
Pinnawala,2015,11,3416,4770,8186,144147,0.0905,official
Pinnawala,2015,12,4563,6362,10925,206114,0.1168,official
Pinnawala,2016,1,3948,5680,9628,194280,0.0911,official
Pinnawala,2016,2,3933,5553,9486,197697,0.0903,official
Pinnawala,2016,3,4158,5766,9924,192841,0.0894,official
Pinnawala,2016,4,2965,4427,7392,136367,0.0697,official
Pinnawala,2016,5,2636,3479,6115,125044,0.0581,official
Pinnawala,2016,6,2910,4160,7070,118038,0.0641,official
Pinnawala,2016,7,4025,5671,9696,209351,0.094,official
Pinnawala,2016,8,4043,5538,9581,186288,0.0886,official
Pinnawala,2016,9,3191,4440,7631,148499,0.0709,official
Pinnawala,2016,10,3432,4561,7993,150419,0.0766,official
Pinnawala,2016,11,4132,5806,9938,167217,0.0905,official
Pinnawala,2016,12,5136,7231,12367,224791,0.1168,official
Pinnawala,2017,1,3973,5920,9893,219360,0.0911,official
Pinnawala,2017,2,4198,5767,9965,197517,0.0903,official
Pinnawala,2017,3,4224,5663,9887,188076,0.0894,official
Pinnawala,2017,4,3238,4321,7559,160249,0.0697,official
Pinnawala,2017,5,2654,3699,6353,121891,0.0581,official
Pinnawala,2017,6,2951,4059,7010,123351,0.0641,official
Pinnawala,2017,7,4282,6168,10450,205482,0.094,official
Pinnawala,2017,8,3996,5395,9391,190928,0.0886,official
Pinnawala,2017,9,3410,4724,8134,145077,0.0709,official
Pinnawala,2017,10,3365,5003,8368,152429,0.0766,official
Pinnawala,2017,11,4072,5834,9906,167511,0.0905,official
Pinnawala,2017,12,5384,7419,12803,244536,0.1168,official
Pinnawala,2018,1,4484,6296,10780,238924,0.0911,official
Pinnawala,2018,2,4426,6212,10638,235618,0.0903,official
Pinnawala,2018,3,4497,6173,10670,233382,0.0894,official
Pinnawala,2018,4,3582,5134,8716,180429,0.0697,derived
Pinnawala,2018,5,2878,4130,7008,129466,0.0581,derived
Pinnawala,2018,6,3281,4590,7871,146828,0.0641,derived
Pinnawala,2018,7,4751,6785,11536,217829,0.094,derived
Pinnawala,2018,8,4529,6019,10548,200359,0.0886,derived
Pinnawala,2018,9,3666,5135,8801,149087,0.0709,derived
Pinnawala,2018,10,3772,5411,9183,153123,0.0766,derived
Pinnawala,2018,11,4653,6343,10996,195582,0.0905,derived
Pinnawala,2018,12,6074,8823,14897,253169,0.1168,derived
Pinnawala,2019,1,3677,5053,8730,244239,0.0911,derived
Pinnawala,2019,2,3765,5337,9102,252033,0.0903,derived
Pinnawala,2019,3,3669,5398,9067,244328,0.0894,derived
Pinnawala,2019,4,2763,4114,6877,166975,0.0697,derived
Pinnawala,2019,5,2358,3536,5894,37802,0.0581,derived
Pinnawala,2019,6,2809,3626,6435,63072,0.0641,derived
Pinnawala,2019,7,3823,5582,9405,115701,0.094,derived
Pinnawala,2019,8,3618,5118,8736,143587,0.0886,derived
Pinnawala,2019,9,2932,3865,6797,108575,0.0709,derived
Pinnawala,2019,10,3164,4340,7504,118743,0.0766,derived
Pinnawala,2019,11,3683,5460,9143,176984,0.0905,derived
Pinnawala,2019,12,4644,6921,11565,241663,0.1168,derived
Pinnawala,2020,1,989,1385,2374,228434,0.0911,derived
Pinnawala,2020,2,1012,1398,2410,207507,0.0903,derived
Pinnawala,2020,3,996,1411,2407,71370,0.0894,derived
Pinnawala,2020,4,755,1048,1803,0,0.0697,derived
Pinnawala,2020,5,616,869,1485,0,0.0581,derived
Pinnawala,2020,6,764,1020,1784,0,0.0641,derived
Pinnawala,2020,7,988,1385,2373,0,0.094,derived
Pinnawala,2020,8,984,1381,2365,0,0.0886,derived
Pinnawala,2020,9,789,1078,1867,0,0.0709,derived
Pinnawala,2020,10,836,1186,2022,0,0.0766,derived
Pinnawala,2020,11,993,1295,2288,0,0.0905,derived
Pinnawala,2020,12,1270,1745,3015,0,0.1168,derived
Pinnawala,2021,1,384,583,967,1682,0.0911,derived
Pinnawala,2021,2,383,525,908,3366,0.0903,derived
Pinnawala,2021,3,385,533,918,4581,0.0894,derived
Pinnawala,2021,4,296,417,713,4168,0.0697,derived
Pinnawala,2021,5,259,330,589,1497,0.0581,derived
Pinnawala,2021,6,273,366,639,1614,0.0641,derived
Pinnawala,2021,7,401,537,938,2429,0.094,derived
Pinnawala,2021,8,367,516,883,5040,0.0886,derived
Pinnawala,2021,9,306,428,734,13547,0.0709,derived
Pinnawala,2021,10,309,451,760,22771,0.0766,derived
Pinnawala,2021,11,371,511,882,44294,0.0905,derived
Pinnawala,2021,12,487,680,1167,89506,0.1168,derived
Pinnawala,2022,1,1519,2009,3528,82327,0.0911,derived
Pinnawala,2022,2,1345,1932,3277,96507,0.0903,derived
Pinnawala,2022,3,1432,2068,3500,106500,0.0894,derived
Pinnawala,2022,4,1031,1430,2461,62980,0.0697,derived
Pinnawala,2022,5,954,1279,2233,30207,0.0581,derived
Pinnawala,2022,6,971,1418,2389,32856,0.0641,derived
Pinnawala,2022,7,1346,2047,3393,47293,0.094,derived
Pinnawala,2022,8,1391,1981,3372,37760,0.0886,derived
Pinnawala,2022,9,1068,1547,2615,29802,0.0709,derived
Pinnawala,2022,10,1158,1680,2838,42026,0.0766,derived
Pinnawala,2022,11,1368,1945,3313,59759,0.0905,derived
Pinnawala,2022,12,1761,2591,4352,91961,0.1168,derived
Pinnawala,2023,1,3002,4068,7070,102545,0.0911,derived
Pinnawala,2023,2,2903,3884,6787,107639,0.0903,derived
Pinnawala,2023,3,2845,4014,6859,125495,0.0894,derived
Pinnawala,2023,4,2413,3028,5441,105498,0.0697,derived
Pinnawala,2023,5,1948,2691,4639,83309,0.0581,derived
Pinnawala,2023,6,2077,3036,5113,100388,0.0641,derived
Pinnawala,2023,7,3055,4279,7334,143039,0.094,derived
Pinnawala,2023,8,2841,4130,6971,136405,0.0886,derived
Pinnawala,2023,9,2352,3128,5480,111938,0.0709,derived
Pinnawala,2023,10,2363,3423,5786,109199,0.0766,derived
Pinnawala,2023,11,2835,4060,6895,151496,0.0905,derived
Pinnawala,2023,12,3890,5179,9069,210352,0.1168,derived
Pinnawala,2024,1,4035,5667,9702,208253,0.0911,derived
Pinnawala,2024,2,4106,5228,9334,218350,0.0903,derived
Pinnawala,2024,3,3892,5585,9477,209181,0.0894,derived
Pinnawala,2024,4,3200,4261,7461,148867,0.0697,derived
Pinnawala,2024,5,2432,3675,6107,112128,0.0581,derived
Pinnawala,2024,6,2790,3840,6630,113470,0.0641,derived
Pinnawala,2024,7,4093,5807,9900,187810,0.094,derived
Pinnawala,2024,8,3857,5136,8993,164609,0.0886,derived
Pinnawala,2024,9,3228,4569,7797,122140,0.0709,derived
Pinnawala,2024,10,3463,4593,8056,135907,0.0766,derived
Pinnawala,2024,11,3987,5615,9602,184158,0.0905,derived
Pinnawala,2024,12,5271,7395,12666,248592,0.1168,derived
Pinnawala,2025,1,4601,6603,11204,252761,0.0911,derived
Pinnawala,2025,2,4726,6812,11538,240217,0.0903,derived
Pinnawala,2025,3,4714,6616,11330,229298,0.0894,derived
Pinnawala,2025,4,3606,5249,8855,174608,0.0697,derived
Pinnawala,2025,5,3038,4093,7131,132919,0.0581,derived
Pinnawala,2025,6,3451,4734,8185,138241,0.0641,derived
Pinnawala,2025,7,4792,6702,11494,200244,0.094,derived
Pinnawala,2025,8,4615,6493,11108,198235,0.0886,derived
Pinnawala,2025,9,3682,5172,8854,158971,0.0709,derived
Pinnawala,2025,10,4157,5716,9873,165193,0.0766,derived
Pinnawala,2025,11,4698,6724,11422,212906,0.0905,derived
Pinnawala,2025,12,5843,8542,14385,287423,0.1168,derived
Adams Peak,2015,1,2948,3889,6837,156246,0.18,derived
Adams Peak,2015,2,2876,4051,6927,165541,0.19,derived
Adams Peak,2015,3,2104,2973,5077,157051,0.14,derived
Adams Peak,2015,4,1536,2083,3619,122217,0.1,derived
Adams Peak,2015,5,1243,1787,3030,113529,0.08,derived
Adams Peak,2015,6,151,227,378,115467,0.01,derived
Adams Peak,2015,7,157,224,381,175804,0.01,derived
Adams Peak,2015,8,152,223,375,166610,0.01,derived
Adams Peak,2015,9,150,223,373,143374,0.01,derived
Adams Peak,2015,10,312,442,754,132280,0.02,derived
Adams Peak,2015,11,749,1058,1807,144147,0.05,derived
Adams Peak,2015,12,3163,4226,7389,206114,0.2,derived
Adams Peak,2016,1,3233,4281,7514,194280,0.18,derived
Adams Peak,2016,2,3452,4538,7990,197697,0.19,derived
Adams Peak,2016,3,2521,3538,6059,192841,0.14,derived
Adams Peak,2016,4,1734,2523,4257,136367,0.1,derived
Adams Peak,2016,5,1428,1952,3380,125044,0.08,derived
Adams Peak,2016,6,171,233,404,118038,0.01,derived
Adams Peak,2016,7,179,236,415,209351,0.01,derived
Adams Peak,2016,8,177,246,423,186288,0.01,derived
Adams Peak,2016,9,180,245,425,148499,0.01,derived
Adams Peak,2016,10,350,507,857,150419,0.02,derived
Adams Peak,2016,11,894,1252,2146,167217,0.05,derived
Adams Peak,2016,12,3593,4732,8325,224791,0.2,derived
Adams Peak,2017,1,3366,4692,8058,219360,0.18,derived
Adams Peak,2017,2,3368,4828,8196,197517,0.19,derived
Adams Peak,2017,3,2556,3569,6125,188076,0.14,derived
Adams Peak,2017,4,1846,2669,4515,160249,0.1,derived
Adams Peak,2017,5,1510,1967,3477,121891,0.08,derived
Adams Peak,2017,6,186,266,452,123351,0.01,derived
Adams Peak,2017,7,184,264,448,205482,0.01,derived
Adams Peak,2017,8,193,263,456,190928,0.01,derived
Adams Peak,2017,9,184,264,448,145077,0.01,derived
Adams Peak,2017,10,367,512,879,152429,0.02,derived
Adams Peak,2017,11,904,1339,2243,167511,0.05,derived
Adams Peak,2017,12,3567,5355,8922,244536,0.2,derived
Adams Peak,2018,1,3683,4867,8550,238924,0.18,derived
Adams Peak,2018,2,3873,5025,8898,235618,0.19,derived
Adams Peak,2018,3,2875,4056,6931,233382,0.14,derived
Adams Peak,2018,4,1980,2833,4813,180429,0.1,derived
Adams Peak,2018,5,1707,2223,3930,129466,0.08,derived
Adams Peak,2018,6,195,294,489,146828,0.01,derived
Adams Peak,2018,7,213,282,495,217829,0.01,derived
Adams Peak,2018,8,207,293,500,200359,0.01,derived
Adams Peak,2018,9,197,278,475,149087,0.01,derived
Adams Peak,2018,10,418,593,1011,153123,0.02,derived
Adams Peak,2018,11,1025,1374,2399,195582,0.05,derived
Adams Peak,2018,12,4272,5555,9827,253169,0.2,derived
Adams Peak,2019,1,2946,4209,7155,244239,0.18,derived
Adams Peak,2019,2,3287,4510,7797,252033,0.19,derived
Adams Peak,2019,3,2343,3285,5628,244328,0.14,derived
Adams Peak,2019,4,1655,2353,4008,166975,0.1,derived
Adams Peak,2019,5,1222,1835,3057,37802,0.08,derived
Adams Peak,2019,6,166,223,389,63072,0.01,derived
Adams Peak,2019,7,167,230,397,115701,0.01,derived
Adams Peak,2019,8,174,242,416,143587,0.01,derived
Adams Peak,2019,9,163,230,393,108575,0.01,derived
Adams Peak,2019,10,329,456,785,118743,0.02,derived
Adams Peak,2019,11,831,1131,1962,176984,0.05,derived
Adams Peak,2019,12,3194,4715,7909,241663,0.2,derived
Adams Peak,2020,1,803,1077,1880,228434,0.18,derived
Adams Peak,2020,2,855,1143,1998,207507,0.19,derived
Adams Peak,2020,3,618,880,1498,71370,0.14,derived
Adams Peak,2020,4,437,621,1058,0,0.1,derived
Adams Peak,2020,5,345,487,832,0,0.08,derived
Adams Peak,2020,6,43,59,102,0,0.01,derived
Adams Peak,2020,7,43,58,101,0,0.01,derived
Adams Peak,2020,8,43,60,103,0,0.01,derived
Adams Peak,2020,9,43,60,103,0,0.01,derived
Adams Peak,2020,10,87,124,211,0,0.02,derived
Adams Peak,2020,11,224,300,524,0,0.05,derived
Adams Peak,2020,12,844,1188,2032,0,0.2,derived
Adams Peak,2021,1,297,418,715,1682,0.18,derived
Adams Peak,2021,2,311,429,740,3366,0.19,derived
Adams Peak,2021,3,231,331,562,4581,0.14,derived
Adams Peak,2021,4,170,231,401,4168,0.1,derived
Adams Peak,2021,5,132,182,314,1497,0.08,derived
Adams Peak,2021,6,16,22,38,1614,0.01,derived
Adams Peak,2021,7,17,22,39,2429,0.01,derived
Adams Peak,2021,8,16,23,39,5040,0.01,derived
Adams Peak,2021,9,16,25,41,13547,0.01,derived
Adams Peak,2021,10,33,45,78,22771,0.02,derived
Adams Peak,2021,11,83,111,194,44294,0.05,derived
Adams Peak,2021,12,335,458,793,89506,0.2,derived
Adams Peak,2022,1,1150,1541,2691,82327,0.18,derived
Adams Peak,2022,2,1177,1622,2799,96507,0.19,derived
Adams Peak,2022,3,916,1207,2123,106500,0.14,derived
Adams Peak,2022,4,656,892,1548,62980,0.1,derived
Adams Peak,2022,5,504,704,1208,30207,0.08,derived
Adams Peak,2022,6,62,82,144,32856,0.01,derived
Adams Peak,2022,7,61,89,150,47293,0.01,derived
Adams Peak,2022,8,62,83,145,37760,0.01,derived
Adams Peak,2022,9,62,91,153,29802,0.01,derived
Adams Peak,2022,10,129,173,302,42026,0.02,derived
Adams Peak,2022,11,319,430,749,59759,0.05,derived
Adams Peak,2022,12,1180,1693,2873,91961,0.2,derived
Adams Peak,2023,1,2421,3211,5632,102545,0.18,derived
Adams Peak,2023,2,2423,3387,5810,107639,0.19,derived
Adams Peak,2023,3,1901,2641,4542,125495,0.14,derived
Adams Peak,2023,4,1370,1790,3160,105498,0.1,derived
Adams Peak,2023,5,1037,1373,2410,83309,0.08,derived
Adams Peak,2023,6,134,173,307,100388,0.01,derived
Adams Peak,2023,7,129,173,302,143039,0.01,derived
Adams Peak,2023,8,126,175,301,136405,0.01,derived
Adams Peak,2023,9,126,176,302,111938,0.01,derived
Adams Peak,2023,10,252,368,620,109199,0.02,derived
Adams Peak,2023,11,621,905,1526,151496,0.05,derived
Adams Peak,2023,12,2663,3542,6205,210352,0.2,derived
Adams Peak,2024,1,3124,4439,7563,208253,0.18,derived
Adams Peak,2024,2,3490,4746,8236,218350,0.19,derived
Adams Peak,2024,3,2444,3527,5971,209181,0.14,derived
Adams Peak,2024,4,1715,2534,4249,148867,0.1,derived
Adams Peak,2024,5,1436,1968,3404,112128,0.08,derived
Adams Peak,2024,6,172,241,413,113470,0.01,derived
Adams Peak,2024,7,180,257,437,187810,0.01,derived
Adams Peak,2024,8,174,251,425,164609,0.01,derived
Adams Peak,2024,9,166,244,410,122140,0.01,derived
Adams Peak,2024,10,354,483,837,135907,0.02,derived
Adams Peak,2024,11,862,1216,2078,184158,0.05,derived
Adams Peak,2024,12,3579,4939,8518,248592,0.2,derived
Adams Peak,2025,1,3468,4874,8342,252761,0.18,derived
Adams Peak,2025,2,3853,5570,9423,240217,0.19,derived
Adams Peak,2025,3,2653,3988,6641,229298,0.14,derived
Adams Peak,2025,4,2033,3012,5045,174608,0.1,derived
Adams Peak,2025,5,1633,2340,3973,132919,0.08,derived
Adams Peak,2025,6,207,270,477,138241,0.01,derived
Adams Peak,2025,7,211,291,502,200244,0.01,derived
Adams Peak,2025,8,209,323,532,198235,0.01,derived
Adams Peak,2025,9,193,304,497,158971,0.01,derived
Adams Peak,2025,10,409,583,992,165193,0.02,derived
Adams Peak,2025,11,1031,1427,2458,212906,0.05,derived
Adams Peak,2025,12,4060,5841,9901,287423,0.2,derived
Ella,2015,1,4503,6755,11258,156246,0.0911,derived
Ella,2015,2,4617,6324,10941,165541,0.0903,derived
Ella,2015,3,4567,6726,11293,157051,0.0894,derived
Ella,2015,4,3549,5104,8653,122217,0.0697,derived
Ella,2015,5,2943,4309,7252,113529,0.0581,derived
Ella,2015,6,3390,4908,8298,115467,0.0641,derived
Ella,2015,7,4845,6956,11801,175804,0.094,derived
Ella,2015,8,4601,6672,11273,166610,0.0886,derived
Ella,2015,9,3592,5254,8846,143374,0.0709,derived
Ella,2015,10,3943,5543,9486,132280,0.0766,derived
Ella,2015,11,4697,6608,11305,144147,0.0905,derived
Ella,2015,12,6026,8520,14546,206114,0.1168,derived
Ella,2016,1,5635,7756,13391,194280,0.0911,derived
Ella,2016,2,5471,7363,12834,197697,0.0903,derived
Ella,2016,3,5138,7603,12741,192841,0.0894,derived
Ella,2016,4,4222,6013,10235,136367,0.0697,derived
Ella,2016,5,3370,4772,8142,125044,0.0581,derived
Ella,2016,6,3601,5240,8841,118038,0.0641,derived
Ella,2016,7,5720,7667,13387,209351,0.094,derived
Ella,2016,8,5332,7282,12614,186288,0.0886,derived
Ella,2016,9,4227,5659,9886,148499,0.0709,derived
Ella,2016,10,4535,5765,10300,150419,0.0766,derived
Ella,2016,11,5312,7113,12425,167217,0.0905,derived
Ella,2016,12,7145,9879,17024,224791,0.1168,derived
Ella,2017,1,5630,8129,13759,219360,0.0911,derived
Ella,2017,2,5346,8107,13453,197517,0.0903,derived
Ella,2017,3,5600,7573,13173,188076,0.0894,derived
Ella,2017,4,4390,5746,10136,160249,0.0697,derived
Ella,2017,5,3454,4868,8322,121891,0.0581,derived
Ella,2017,6,3847,5299,9146,123351,0.0641,derived
Ella,2017,7,5942,7963,13905,205482,0.094,derived
Ella,2017,8,5456,7429,12885,190928,0.0886,derived
Ella,2017,9,4084,6097,10181,145077,0.0709,derived
Ella,2017,10,4400,6522,10922,152429,0.0766,derived
Ella,2017,11,5286,8178,13464,167511,0.0905,derived
Ella,2017,12,7311,9994,17305,244536,0.1168,derived
Ella,2018,1,6355,8355,14710,238924,0.0911,derived
Ella,2018,2,6167,8546,14713,235618,0.0903,derived
Ella,2018,3,6055,8732,14787,233382,0.0894,derived
Ella,2018,4,4784,6610,11394,180429,0.0697,derived
Ella,2018,5,3712,5310,9022,129466,0.0581,derived
Ella,2018,6,4294,6052,10346,146828,0.0641,derived
Ella,2018,7,6107,9490,15597,217829,0.094,derived
Ella,2018,8,6224,8485,14709,200359,0.0886,derived
Ella,2018,9,4774,6627,11401,149087,0.0709,derived
Ella,2018,10,5001,7224,12225,153123,0.0766,derived
Ella,2018,11,6126,8194,14320,195582,0.0905,derived
Ella,2018,12,7926,10935,18861,253169,0.1168,derived
Ella,2019,1,4733,6848,11581,244239,0.0911,derived
Ella,2019,2,4914,7360,12274,252033,0.0903,derived
Ella,2019,3,5008,6621,11629,244328,0.0894,derived
Ella,2019,4,3894,5124,9018,166975,0.0697,derived
Ella,2019,5,3306,4420,7726,37802,0.0581,derived
Ella,2019,6,3524,5145,8669,63072,0.0641,derived
Ella,2019,7,4983,6952,11935,115701,0.094,derived
Ella,2019,8,4796,7047,11843,143587,0.0886,derived
Ella,2019,9,3728,5004,8732,108575,0.0709,derived
Ella,2019,10,4164,6007,10171,118743,0.0766,derived
Ella,2019,11,5164,6882,12046,176984,0.0905,derived
Ella,2019,12,6355,9320,15675,241663,0.1168,derived
Ella,2020,1,1256,1841,3097,228434,0.0911,derived
Ella,2020,2,1326,1871,3197,207507,0.0903,derived
Ella,2020,3,1286,1830,3116,71370,0.0894,derived
Ella,2020,4,941,1396,2337,0,0.0697,derived
Ella,2020,5,860,1153,2013,0,0.0581,derived
Ella,2020,6,938,1329,2267,0,0.0641,derived
Ella,2020,7,1359,1933,3292,0,0.094,derived
Ella,2020,8,1256,1800,3056,0,0.0886,derived
Ella,2020,9,1054,1456,2510,0,0.0709,derived
Ella,2020,10,1099,1577,2676,0,0.0766,derived
Ella,2020,11,1349,1736,3085,0,0.0905,derived
Ella,2020,12,1765,2364,4129,0,0.1168,derived
Ella,2021,1,516,740,1256,1682,0.0911,derived
Ella,2021,2,484,692,1176,3366,0.0903,derived
Ella,2021,3,496,684,1180,4581,0.0894,derived
Ella,2021,4,410,532,942,4168,0.0697,derived
Ella,2021,5,320,458,778,1497,0.0581,derived
Ella,2021,6,346,496,842,1614,0.0641,derived
Ella,2021,7,531,730,1261,2429,0.094,derived
Ella,2021,8,494,683,1177,5040,0.0886,derived
Ella,2021,9,378,561,939,13547,0.0709,derived
Ella,2021,10,451,600,1051,22771,0.0766,derived
Ella,2021,11,510,723,1233,44294,0.0905,derived
Ella,2021,12,629,962,1591,89506,0.1168,derived
Ella,2022,1,1900,2774,4674,82327,0.0911,derived
Ella,2022,2,1830,2763,4593,96507,0.0903,derived
Ella,2022,3,1896,2637,4533,106500,0.0894,derived
Ella,2022,4,1454,2006,3460,62980,0.0697,derived
Ella,2022,5,1248,1693,2941,30207,0.0581,derived
Ella,2022,6,1251,1799,3050,32856,0.0641,derived
Ella,2022,7,1939,2755,4694,47293,0.094,derived
Ella,2022,8,1833,2665,4498,37760,0.0886,derived
Ella,2022,9,1383,2066,3449,29802,0.0709,derived
Ella,2022,10,1501,2274,3775,42026,0.0766,derived
Ella,2022,11,1870,2658,4528,59759,0.0905,derived
Ella,2022,12,2358,3519,5877,91961,0.1168,derived
Ella,2023,1,4024,5559,9583,102545,0.0911,derived
Ella,2023,2,3852,5508,9360,107639,0.0903,derived
Ella,2023,3,3747,5498,9245,125495,0.0894,derived
Ella,2023,4,3131,4311,7442,105498,0.0697,derived
Ella,2023,5,2434,3522,5956,83309,0.0581,derived
Ella,2023,6,2640,3912,6552,100388,0.0641,derived
Ella,2023,7,4082,5323,9405,143039,0.094,derived
Ella,2023,8,3661,5266,8927,136405,0.0886,derived
Ella,2023,9,3008,4096,7104,111938,0.0709,derived
Ella,2023,10,3319,4627,7946,109199,0.0766,derived
Ella,2023,11,3851,5301,9152,151496,0.0905,derived
Ella,2023,12,5158,7349,12507,210352,0.1168,derived
Ella,2024,1,5309,7404,12713,208253,0.0911,derived
Ella,2024,2,5417,7394,12811,218350,0.0903,derived
Ella,2024,3,5264,7565,12829,209181,0.0894,derived
Ella,2024,4,3883,5994,9877,148867,0.0697,derived
Ella,2024,5,3444,4751,8195,112128,0.0581,derived
Ella,2024,6,3782,5304,9086,113470,0.0641,derived
Ella,2024,7,5273,8135,13408,187810,0.094,derived
Ella,2024,8,5245,7431,12676,164609,0.0886,derived
Ella,2024,9,4311,5688,9999,122140,0.0709,derived
Ella,2024,10,4594,6290,10884,135907,0.0766,derived
Ella,2024,11,5485,7010,12495,184158,0.0905,derived
Ella,2024,12,6884,9491,16375,248592,0.1168,derived
Ella,2025,1,6355,8907,15262,252761,0.0911,derived
Ella,2025,2,6085,8517,14602,240217,0.0903,derived
Ella,2025,3,6135,8385,14520,229298,0.0894,derived
Ella,2025,4,4917,6640,11557,174608,0.0697,derived
Ella,2025,5,3652,5539,9191,132919,0.0581,derived
Ella,2025,6,4278,5880,10158,138241,0.0641,derived
Ella,2025,7,6235,9096,15331,200244,0.094,derived
Ella,2025,8,6342,8619,14961,198235,0.0886,derived
Ella,2025,9,4792,6926,11718,158971,0.0709,derived
Ella,2025,10,5201,7230,12431,165193,0.0766,derived
Ella,2025,11,6012,8261,14273,212906,0.0905,derived
Ella,2025,12,7945,11309,19254,287423,0.1168,derived
Nuwara Eliya,2015,1,3485,4833,8318,156246,0.06,derived
Nuwara Eliya,2015,2,3962,5814,9776,165541,0.07,derived
Nuwara Eliya,2015,3,5036,7512,12548,157051,0.09,derived
Nuwara Eliya,2015,4,10172,14351,24523,122217,0.18,derived
Nuwara Eliya,2015,5,5013,7231,12244,113529,0.09,derived
Nuwara Eliya,2015,6,3598,4970,8568,115467,0.06,derived
Nuwara Eliya,2015,7,4798,6628,11426,175804,0.08,derived
Nuwara Eliya,2015,8,4507,6461,10968,166610,0.08,derived
Nuwara Eliya,2015,9,3414,5089,8503,143374,0.06,derived
Nuwara Eliya,2015,10,3370,5025,8395,132280,0.06,derived
Nuwara Eliya,2015,11,4187,6023,10210,144147,0.07,derived
Nuwara Eliya,2015,12,5755,8331,14086,206114,0.1,derived
Nuwara Eliya,2016,1,4259,5478,9737,194280,0.06,derived
Nuwara Eliya,2016,2,4437,6144,10581,197697,0.07,derived
Nuwara Eliya,2016,3,6108,7899,14007,192841,0.09,derived
Nuwara Eliya,2016,4,11826,16963,28789,136367,0.18,derived
Nuwara Eliya,2016,5,6013,8479,14492,125044,0.09,derived
Nuwara Eliya,2016,6,4013,5795,9808,118038,0.06,derived
Nuwara Eliya,2016,7,5163,7290,12453,209351,0.08,derived
Nuwara Eliya,2016,8,5192,7627,12819,186288,0.08,derived
Nuwara Eliya,2016,9,4094,5656,9750,148499,0.06,derived
Nuwara Eliya,2016,10,4128,5384,9512,150419,0.06,derived
Nuwara Eliya,2016,11,4883,6809,11692,167217,0.07,derived
Nuwara Eliya,2016,12,6791,9799,16590,224791,0.1,derived
Nuwara Eliya,2017,1,3909,5669,9578,219360,0.06,derived
Nuwara Eliya,2017,2,4694,6865,11559,197517,0.07,derived
Nuwara Eliya,2017,3,5976,8836,14812,188076,0.09,derived
Nuwara Eliya,2017,4,12850,17640,30490,160249,0.18,derived
Nuwara Eliya,2017,5,6223,8383,14606,121891,0.09,derived
Nuwara Eliya,2017,6,4009,5975,9984,123351,0.06,derived
Nuwara Eliya,2017,7,5613,7670,13283,205482,0.08,derived
Nuwara Eliya,2017,8,5416,7213,12629,190928,0.08,derived
Nuwara Eliya,2017,9,3982,6090,10072,145077,0.06,derived
Nuwara Eliya,2017,10,3956,5792,9748,152429,0.06,derived
Nuwara Eliya,2017,11,4945,6466,11411,167511,0.07,derived
Nuwara Eliya,2017,12,6895,9870,16765,244536,0.1,derived
Nuwara Eliya,2018,1,4538,6898,11436,238924,0.06,derived
Nuwara Eliya,2018,2,5028,7645,12673,235618,0.07,derived
Nuwara Eliya,2018,3,6769,9747,16516,233382,0.09,derived
Nuwara Eliya,2018,4,13790,18635,32425,180429,0.18,derived
Nuwara Eliya,2018,5,6852,8996,15848,129466,0.09,derived
Nuwara Eliya,2018,6,4618,6408,11026,146828,0.06,derived
Nuwara Eliya,2018,7,6165,8737,14902,217829,0.08,derived
Nuwara Eliya,2018,8,6115,8506,14621,200359,0.08,derived
Nuwara Eliya,2018,9,4416,6215,10631,149087,0.06,derived
Nuwara Eliya,2018,10,4698,6625,11323,153123,0.06,derived
Nuwara Eliya,2018,11,5255,7420,12675,195582,0.07,derived
Nuwara Eliya,2018,12,7356,10958,18314,253169,0.1,derived
Nuwara Eliya,2019,1,3794,5511,9305,244239,0.06,derived
Nuwara Eliya,2019,2,4225,6007,10232,252033,0.07,derived
Nuwara Eliya,2019,3,5619,7963,13582,244328,0.09,derived
Nuwara Eliya,2019,4,11088,15215,26303,166975,0.18,derived
Nuwara Eliya,2019,5,5727,7981,13708,37802,0.09,derived
Nuwara Eliya,2019,6,3617,5420,9037,63072,0.06,derived
Nuwara Eliya,2019,7,5134,6972,12106,115701,0.08,derived
Nuwara Eliya,2019,8,4972,7059,12031,143587,0.08,derived
Nuwara Eliya,2019,9,3624,5212,8836,108575,0.06,derived
Nuwara Eliya,2019,10,3479,5345,8824,118743,0.06,derived
Nuwara Eliya,2019,11,4136,6350,10486,176984,0.07,derived
Nuwara Eliya,2019,12,6138,8625,14763,241663,0.1,derived
Nuwara Eliya,2020,1,967,1368,2335,228434,0.06,derived
Nuwara Eliya,2020,2,1199,1490,2689,207507,0.07,derived
Nuwara Eliya,2020,3,1535,2091,3626,71370,0.09,derived
Nuwara Eliya,2020,4,2851,4008,6859,0,0.18,derived
Nuwara Eliya,2020,5,1553,2012,3565,0,0.09,derived
Nuwara Eliya,2020,6,952,1427,2379,0,0.06,derived
Nuwara Eliya,2020,7,1328,1789,3117,0,0.08,derived
Nuwara Eliya,2020,8,1323,1784,3107,0,0.08,derived
Nuwara Eliya,2020,9,1018,1424,2442,0,0.06,derived
Nuwara Eliya,2020,10,1001,1395,2396,0,0.06,derived
Nuwara Eliya,2020,11,1211,1610,2821,0,0.07,derived
Nuwara Eliya,2020,12,1585,2332,3917,0,0.1,derived
Nuwara Eliya,2021,1,401,513,914,1682,0.06,derived
Nuwara Eliya,2021,2,436,625,1061,3366,0.07,derived
Nuwara Eliya,2021,3,566,770,1336,4581,0.09,derived
Nuwara Eliya,2021,4,1172,1698,2870,4168,0.18,derived
Nuwara Eliya,2021,5,570,772,1342,1497,0.09,derived
Nuwara Eliya,2021,6,360,533,893,1614,0.06,derived
Nuwara Eliya,2021,7,520,715,1235,2429,0.08,derived
Nuwara Eliya,2021,8,504,693,1197,5040,0.08,derived
Nuwara Eliya,2021,9,365,542,907,13547,0.06,derived
Nuwara Eliya,2021,10,388,504,892,22771,0.06,derived
Nuwara Eliya,2021,11,462,628,1090,44294,0.07,derived
Nuwara Eliya,2021,12,656,846,1502,89506,0.1,derived
Nuwara Eliya,2022,1,1342,1950,3292,82327,0.06,derived
Nuwara Eliya,2022,2,1657,2409,4066,96507,0.07,derived
Nuwara Eliya,2022,3,2143,2917,5060,106500,0.09,derived
Nuwara Eliya,2022,4,4069,6095,10164,62980,0.18,derived
Nuwara Eliya,2022,5,2038,3082,5120,30207,0.09,derived
Nuwara Eliya,2022,6,1387,2052,3439,32856,0.06,derived
Nuwara Eliya,2022,7,1904,2601,4505,47293,0.08,derived
Nuwara Eliya,2022,8,1837,2585,4422,37760,0.08,derived
Nuwara Eliya,2022,9,1417,1963,3380,29802,0.06,derived
Nuwara Eliya,2022,10,1374,1949,3323,42026,0.06,derived
Nuwara Eliya,2022,11,1636,2140,3776,59759,0.07,derived
Nuwara Eliya,2022,12,2364,3169,5533,91961,0.1,derived
Nuwara Eliya,2023,1,2791,3842,6633,102545,0.06,derived
Nuwara Eliya,2023,2,3191,4530,7721,107639,0.07,derived
Nuwara Eliya,2023,3,4244,6427,10671,125495,0.09,derived
Nuwara Eliya,2023,4,8536,12208,20744,105498,0.18,derived
Nuwara Eliya,2023,5,4389,6095,10484,83309,0.09,derived
Nuwara Eliya,2023,6,2884,3902,6786,100388,0.06,derived
Nuwara Eliya,2023,7,4022,5689,9711,143039,0.08,derived
Nuwara Eliya,2023,8,3660,5231,8891,136405,0.08,derived
Nuwara Eliya,2023,9,2867,3930,6797,111938,0.06,derived
Nuwara Eliya,2023,10,2935,3959,6894,109199,0.06,derived
Nuwara Eliya,2023,11,3592,4891,8483,151496,0.07,derived
Nuwara Eliya,2023,12,4849,6954,11803,210352,0.1,derived
Nuwara Eliya,2024,1,4124,5494,9618,208253,0.06,derived
Nuwara Eliya,2024,2,4543,6535,11078,218350,0.07,derived
Nuwara Eliya,2024,3,6142,8417,14559,209181,0.09,derived
Nuwara Eliya,2024,4,11409,16362,27771,148867,0.18,derived
Nuwara Eliya,2024,5,5974,8363,14337,112128,0.09,derived
Nuwara Eliya,2024,6,4228,5356,9584,113470,0.06,derived
Nuwara Eliya,2024,7,5403,7784,13187,187810,0.08,derived
Nuwara Eliya,2024,8,5685,7361,13046,164609,0.08,derived
Nuwara Eliya,2024,9,4050,5684,9734,122140,0.06,derived
Nuwara Eliya,2024,10,4015,5572,9587,135907,0.06,derived
Nuwara Eliya,2024,11,4718,6024,10742,184158,0.07,derived
Nuwara Eliya,2024,12,6789,9349,16138,248592,0.1,derived
Nuwara Eliya,2025,1,4617,6906,11523,252761,0.06,derived
Nuwara Eliya,2025,2,5312,7500,12812,240217,0.07,derived
Nuwara Eliya,2025,3,7388,9517,16905,229298,0.09,derived
Nuwara Eliya,2025,4,13714,19435,33149,174608,0.18,derived
Nuwara Eliya,2025,5,7147,9821,16968,132919,0.09,derived
Nuwara Eliya,2025,6,4467,6403,10870,138241,0.06,derived
Nuwara Eliya,2025,7,6084,8656,14740,200244,0.08,derived
Nuwara Eliya,2025,8,6276,8785,15061,198235,0.08,derived
Nuwara Eliya,2025,9,4400,6715,11115,158971,0.06,derived
Nuwara Eliya,2025,10,4683,6777,11460,165193,0.06,derived
Nuwara Eliya,2025,11,5495,7842,13337,212906,0.07,derived
Nuwara Eliya,2025,12,7855,11283,19138,287423,0.1,derived
Mirissa,2015,1,6767,9300,16067,156246,0.1354,derived
Mirissa,2015,2,7117,9576,16693,165541,0.1354,derived
Mirissa,2015,3,5734,7590,13324,157051,0.1146,derived
Mirissa,2015,4,3449,5066,8515,122217,0.0729,derived
Mirissa,2015,5,1544,2112,3656,113529,0.0312,derived
Mirissa,2015,6,1029,1503,2532,115467,0.0208,derived
Mirissa,2015,7,2092,2771,4863,175804,0.0417,derived
Mirissa,2015,8,2043,2800,4843,166610,0.0417,derived
Mirissa,2015,9,2532,3543,6075,143374,0.0521,derived
Mirissa,2015,10,3031,4143,7174,132280,0.0625,derived
Mirissa,2015,11,6126,8465,14591,144147,0.125,derived
Mirissa,2015,12,7479,12187,19666,206114,0.1667,derived
Mirissa,2016,1,7846,10517,18363,194280,0.1354,derived
Mirissa,2016,2,7602,10263,17865,197697,0.1354,derived
Mirissa,2016,3,6756,9513,16269,192841,0.1146,derived
Mirissa,2016,4,4110,5903,10013,136367,0.0729,derived
Mirissa,2016,5,1762,2356,4118,125044,0.0312,derived
Mirissa,2016,6,1154,1643,2797,118038,0.0208,derived
Mirissa,2016,7,2306,3251,5557,209351,0.0417,derived
Mirissa,2016,8,2331,3265,5596,186288,0.0417,derived
Mirissa,2016,9,2926,3961,6887,148499,0.0521,derived
Mirissa,2016,10,3431,4720,8151,150419,0.0625,derived
Mirissa,2016,11,7219,9198,16417,167217,0.125,derived
Mirissa,2016,12,9675,13636,23311,224791,0.1667,derived
Mirissa,2017,1,7770,10120,17890,219360,0.1354,derived
Mirissa,2017,2,7756,10956,18712,197517,0.1354,derived
Mirissa,2017,3,6433,9145,15578,188076,0.1146,derived
Mirissa,2017,4,4415,6028,10443,160249,0.0729,derived
Mirissa,2017,5,1759,2411,4170,121891,0.0312,derived
Mirissa,2017,6,1194,1678,2872,123351,0.0208,derived
Mirissa,2017,7,2448,3323,5771,205482,0.0417,derived
Mirissa,2017,8,2449,3573,6022,190928,0.0417,derived
Mirissa,2017,9,3089,4216,7305,145077,0.0521,derived
Mirissa,2017,10,3599,5012,8611,152429,0.0625,derived
Mirissa,2017,11,7494,9942,17436,167511,0.125,derived
Mirissa,2017,12,9663,13531,23194,244536,0.1667,derived
Mirissa,2018,1,8516,11606,20122,238924,0.1354,derived
Mirissa,2018,2,8730,12083,20813,235618,0.1354,derived
Mirissa,2018,3,7426,10078,17504,233382,0.1146,derived
Mirissa,2018,4,4826,6346,11172,180429,0.0729,derived
Mirissa,2018,5,2097,2647,4744,129466,0.0312,derived
Mirissa,2018,6,1347,1888,3235,146828,0.0208,derived
Mirissa,2018,7,2597,3772,6369,217829,0.0417,derived
Mirissa,2018,8,2762,3476,6238,200359,0.0417,derived
Mirissa,2018,9,3375,4307,7682,149087,0.0521,derived
Mirissa,2018,10,3875,5860,9735,153123,0.0625,derived
Mirissa,2018,11,7842,10780,18622,195582,0.125,derived
Mirissa,2018,12,10578,15822,26400,253169,0.1667,derived
Mirissa,2019,1,6700,9613,16313,244239,0.1354,derived
Mirissa,2019,2,7408,10479,17887,252033,0.1354,derived
Mirissa,2019,3,5980,8086,14066,244328,0.1146,derived
Mirissa,2019,4,4057,5600,9657,166975,0.0729,derived
Mirissa,2019,5,1669,2234,3903,37802,0.0312,derived
Mirissa,2019,6,1089,1519,2608,63072,0.0208,derived
Mirissa,2019,7,2203,3187,5390,115701,0.0417,derived
Mirissa,2019,8,2239,2955,5194,143587,0.0417,derived
Mirissa,2019,9,2839,3853,6692,108575,0.0521,derived
Mirissa,2019,10,3339,4782,8121,118743,0.0625,derived
Mirissa,2019,11,6326,9152,15478,176984,0.125,derived
Mirissa,2019,12,8587,11642,20229,241663,0.1667,derived
Mirissa,2020,1,1898,2829,4727,228434,0.1354,derived
Mirissa,2020,2,1775,2628,4403,207507,0.1354,derived
Mirissa,2020,3,1620,2234,3854,71370,0.1146,derived
Mirissa,2020,4,1008,1361,2369,0,0.0729,derived
Mirissa,2020,5,436,593,1029,0,0.0312,derived
Mirissa,2020,6,270,419,689,0,0.0208,derived
Mirissa,2020,7,594,810,1404,0,0.0417,derived
Mirissa,2020,8,582,835,1417,0,0.0417,derived
Mirissa,2020,9,727,1039,1766,0,0.0521,derived
Mirissa,2020,10,859,1262,2121,0,0.0625,derived
Mirissa,2020,11,1751,2442,4193,0,0.125,derived
Mirissa,2020,12,2225,3266,5491,0,0.1667,derived
Mirissa,2021,1,702,989,1691,1682,0.1354,derived
Mirissa,2021,2,702,976,1678,3366,0.1354,derived
Mirissa,2021,3,648,887,1535,4581,0.1146,derived
Mirissa,2021,4,410,523,933,4168,0.0729,derived
Mirissa,2021,5,166,223,389,1497,0.0312,derived
Mirissa,2021,6,108,150,258,1614,0.0208,derived
Mirissa,2021,7,229,306,535,2429,0.0417,derived
Mirissa,2021,8,228,316,544,5040,0.0417,derived
Mirissa,2021,9,296,370,666,13547,0.0521,derived
Mirissa,2021,10,345,481,826,22771,0.0625,derived
Mirissa,2021,11,645,959,1604,44294,0.125,derived
Mirissa,2021,12,895,1233,2128,89506,0.1667,derived
Mirissa,2022,1,2601,3653,6254,82327,0.1354,derived
Mirissa,2022,2,2831,3734,6565,96507,0.1354,derived
Mirissa,2022,3,2310,3084,5394,106500,0.1146,derived
Mirissa,2022,4,1402,2076,3478,62980,0.0729,derived
Mirissa,2022,5,590,851,1441,30207,0.0312,derived
Mirissa,2022,6,410,576,986,32856,0.0208,derived
Mirissa,2022,7,816,1162,1978,47293,0.0417,derived
Mirissa,2022,8,837,1174,2011,37760,0.0417,derived
Mirissa,2022,9,995,1424,2419,29802,0.0521,derived
Mirissa,2022,10,1275,1769,3044,42026,0.0625,derived
Mirissa,2022,11,2360,3483,5843,59759,0.125,derived
Mirissa,2022,12,3088,4602,7690,91961,0.1667,derived
Mirissa,2023,1,5824,7495,13319,102545,0.1354,derived
Mirissa,2023,2,5372,7891,13263,107639,0.1354,derived
Mirissa,2023,3,4446,6403,10849,125495,0.1146,derived
Mirissa,2023,4,3020,4074,7094,105498,0.0729,derived
Mirissa,2023,5,1262,1819,3081,83309,0.0312,derived
Mirissa,2023,6,858,1196,2054,100388,0.0208,derived
Mirissa,2023,7,1678,2400,4078,143039,0.0417,derived
Mirissa,2023,8,1689,2406,4095,136405,0.0417,derived
Mirissa,2023,9,2087,2950,5037,111938,0.0521,derived
Mirissa,2023,10,2467,3556,6023,109199,0.0625,derived
Mirissa,2023,11,4962,6883,11845,151496,0.125,derived
Mirissa,2023,12,6834,9555,16389,210352,0.1667,derived
Mirissa,2024,1,7786,10513,18299,208253,0.1354,derived
Mirissa,2024,2,7701,10827,18528,218350,0.1354,derived
Mirissa,2024,3,6523,8789,15312,209181,0.1146,derived
Mirissa,2024,4,4114,5797,9911,148867,0.0729,derived
Mirissa,2024,5,1756,2304,4060,112128,0.0312,derived
Mirissa,2024,6,1176,1747,2923,113470,0.0208,derived
Mirissa,2024,7,2315,3205,5520,187810,0.0417,derived
Mirissa,2024,8,2367,3307,5674,164609,0.0417,derived
Mirissa,2024,9,3030,3941,6971,122140,0.0521,derived
Mirissa,2024,10,3588,5002,8590,135907,0.0625,derived
Mirissa,2024,11,6992,9931,16923,184158,0.125,derived
Mirissa,2024,12,9652,13452,23104,248592,0.1667,derived
Mirissa,2025,1,8554,12707,21261,252761,0.1354,derived
Mirissa,2025,2,8841,12429,21270,240217,0.1354,derived
Mirissa,2025,3,7512,10446,17958,229298,0.1146,derived
Mirissa,2025,4,4940,6661,11601,174608,0.0729,derived
Mirissa,2025,5,1975,2828,4803,132919,0.0312,derived
Mirissa,2025,6,1370,1978,3348,138241,0.0208,derived
Mirissa,2025,7,2775,3718,6493,200244,0.0417,derived
Mirissa,2025,8,2928,3846,6774,198235,0.0417,derived
Mirissa,2025,9,3537,4748,8285,158971,0.0521,derived
Mirissa,2025,10,4154,5868,10022,165193,0.0625,derived
Mirissa,2025,11,8476,11811,20287,212906,0.125,derived
Mirissa,2025,12,11188,15119,26307,287423,0.1667,derived
Unawatuna,2015,1,3478,5003,8481,156246,0.0911,derived
Unawatuna,2015,2,3605,4876,8481,165541,0.0903,derived
Unawatuna,2015,3,3583,5073,8656,157051,0.0894,derived
Unawatuna,2015,4,2631,3692,6323,122217,0.0697,derived
Unawatuna,2015,5,2247,3189,5436,113529,0.0581,derived
Unawatuna,2015,6,2452,3629,6081,115467,0.0641,derived
Unawatuna,2015,7,3699,5120,8819,175804,0.094,derived
Unawatuna,2015,8,3292,4626,7918,166610,0.0886,derived
Unawatuna,2015,9,2776,3608,6384,143374,0.0709,derived
Unawatuna,2015,10,3065,4145,7210,132280,0.0766,derived
Unawatuna,2015,11,3855,5259,9114,144147,0.0905,derived
Unawatuna,2015,12,4510,6329,10839,206114,0.1168,derived
Unawatuna,2016,1,4156,5938,10094,194280,0.0911,derived
Unawatuna,2016,2,3802,5298,9100,197697,0.0903,derived
Unawatuna,2016,3,3885,5640,9525,192841,0.0894,derived
Unawatuna,2016,4,3131,4458,7589,136367,0.0697,derived
Unawatuna,2016,5,2481,3353,5834,125044,0.0581,derived
Unawatuna,2016,6,2914,3878,6792,118038,0.0641,derived
Unawatuna,2016,7,3913,5857,9770,209351,0.094,derived
Unawatuna,2016,8,4017,5473,9490,186288,0.0886,derived
Unawatuna,2016,9,3096,4374,7470,148499,0.0709,derived
Unawatuna,2016,10,3355,4557,7912,150419,0.0766,derived
Unawatuna,2016,11,3920,5697,9617,167217,0.0905,derived
Unawatuna,2016,12,5221,7277,12498,224791,0.1168,derived
Unawatuna,2017,1,221,2108,2329,219360,0.0911,official
Unawatuna,2017,2,211,2112,2323,197517,0.0903,official
Unawatuna,2017,3,233,1988,2221,188076,0.0894,official
Unawatuna,2017,4,171,1636,1807,160249,0.0697,official
Unawatuna,2017,5,151,1334,1485,121891,0.0581,official
Unawatuna,2017,6,157,1404,1561,123351,0.0641,official
Unawatuna,2017,7,236,2322,2558,205482,0.094,official
Unawatuna,2017,8,224,2059,2283,190928,0.0886,official
Unawatuna,2017,9,179,1648,1827,145077,0.0709,official
Unawatuna,2017,10,187,1826,2013,152429,0.0766,official
Unawatuna,2017,11,228,2105,2333,167511,0.0905,official
Unawatuna,2017,12,284,2823,3107,244536,0.1168,official
Unawatuna,2018,1,4684,6323,11007,238924,0.0911,derived
Unawatuna,2018,2,4687,6276,10963,235618,0.0903,derived
Unawatuna,2018,3,4400,6164,10564,233382,0.0894,derived
Unawatuna,2018,4,3324,4985,8309,180429,0.0697,derived
Unawatuna,2018,5,2768,3949,6717,129466,0.0581,derived
Unawatuna,2018,6,3031,4514,7545,146828,0.0641,derived
Unawatuna,2018,7,4719,6572,11291,217829,0.094,derived
Unawatuna,2018,8,4325,6031,10356,200359,0.0886,derived
Unawatuna,2018,9,3622,4919,8541,149087,0.0709,derived
Unawatuna,2018,10,3897,5261,9158,153123,0.0766,derived
Unawatuna,2018,11,4584,6632,11216,195582,0.0905,derived
Unawatuna,2018,12,5989,8137,14126,253169,0.1168,derived
Unawatuna,2019,1,3795,5234,9029,244239,0.0911,derived
Unawatuna,2019,2,3732,5173,8905,252033,0.0903,derived
Unawatuna,2019,3,3676,5205,8881,244328,0.0894,derived
Unawatuna,2019,4,2793,3907,6700,166975,0.0697,derived
Unawatuna,2019,5,2302,3201,5503,37802,0.0581,derived
Unawatuna,2019,6,2554,3729,6283,63072,0.0641,derived
Unawatuna,2019,7,3783,5526,9309,115701,0.094,derived
Unawatuna,2019,8,3665,4823,8488,143587,0.0886,derived
Unawatuna,2019,9,2987,4201,7188,108575,0.0709,derived
Unawatuna,2019,10,3071,4488,7559,118743,0.0766,derived
Unawatuna,2019,11,3642,5249,8891,176984,0.0905,derived
Unawatuna,2019,12,4643,6392,11035,241663,0.1168,derived
Unawatuna,2020,1,986,1392,2378,228434,0.0911,derived
Unawatuna,2020,2,977,1335,2312,207507,0.0903,derived
Unawatuna,2020,3,967,1382,2349,71370,0.0894,derived
Unawatuna,2020,4,762,1074,1836,0,0.0697,derived
Unawatuna,2020,5,623,922,1545,0,0.0581,derived
Unawatuna,2020,6,677,998,1675,0,0.0641,derived
Unawatuna,2020,7,1067,1463,2530,0,0.094,derived
Unawatuna,2020,8,964,1337,2301,0,0.0886,derived
Unawatuna,2020,9,800,1040,1840,0,0.0709,derived
Unawatuna,2020,10,814,1160,1974,0,0.0766,derived
Unawatuna,2020,11,1027,1403,2430,0,0.0905,derived
Unawatuna,2020,12,1242,1774,3016,0,0.1168,derived
Unawatuna,2021,1,375,524,899,1682,0.0911,derived
Unawatuna,2021,2,390,509,899,3366,0.0903,derived
Unawatuna,2021,3,393,538,931,4581,0.0894,derived
Unawatuna,2021,4,302,403,705,4168,0.0697,derived
Unawatuna,2021,5,243,327,570,1497,0.0581,derived
Unawatuna,2021,6,265,382,647,1614,0.0641,derived
Unawatuna,2021,7,410,534,944,2429,0.094,derived
Unawatuna,2021,8,368,518,886,5040,0.0886,derived
Unawatuna,2021,9,285,424,709,13547,0.0709,derived
Unawatuna,2021,10,314,447,761,22771,0.0766,derived
Unawatuna,2021,11,374,519,893,44294,0.0905,derived
Unawatuna,2021,12,490,682,1172,89506,0.1168,derived
Unawatuna,2022,1,1401,1940,3341,82327,0.0911,derived
Unawatuna,2022,2,1417,2063,3480,96507,0.0903,derived
Unawatuna,2022,3,1395,2004,3399,106500,0.0894,derived
Unawatuna,2022,4,1037,1523,2560,62980,0.0697,derived
Unawatuna,2022,5,873,1209,2082,30207,0.0581,derived
Unawatuna,2022,6,975,1446,2421,32856,0.0641,derived
Unawatuna,2022,7,1504,2062,3566,47293,0.094,derived
Unawatuna,2022,8,1314,1917,3231,37760,0.0886,derived
Unawatuna,2022,9,1112,1551,2663,29802,0.0709,derived
Unawatuna,2022,10,1125,1623,2748,42026,0.0766,derived
Unawatuna,2022,11,1403,2000,3403,59759,0.0905,derived
Unawatuna,2022,12,1696,2529,4225,91961,0.1168,derived
Unawatuna,2023,1,126,2902,3028,102545,0.0911,official
Unawatuna,2023,2,127,2853,2980,107639,0.0903,official
Unawatuna,2023,3,120,2617,2737,125495,0.0894,official
Unawatuna,2023,4,95,2228,2323,105498,0.0697,official
Unawatuna,2023,5,83,1843,1926,83309,0.0581,official
Unawatuna,2023,6,89,2014,2103,100388,0.0641,official
Unawatuna,2023,7,128,2909,3037,143039,0.094,official
Unawatuna,2023,8,128,2673,2801,136405,0.0886,official
Unawatuna,2023,9,102,2180,2282,111938,0.0709,official
Unawatuna,2023,10,110,2278,2388,109199,0.0766,official
Unawatuna,2023,11,127,2747,2874,151496,0.0905,official
Unawatuna,2023,12,154,3650,3804,210352,0.1168,official
Unawatuna,2024,1,4163,5513,9676,208253,0.0911,derived
Unawatuna,2024,2,3824,5590,9414,218350,0.0903,derived
Unawatuna,2024,3,3954,5642,9596,209181,0.0894,derived
Unawatuna,2024,4,3177,4317,7494,148867,0.0697,derived
Unawatuna,2024,5,2721,3632,6353,112128,0.0581,derived
Unawatuna,2024,6,2815,3790,6605,113470,0.0641,derived
Unawatuna,2024,7,4138,5781,9919,187810,0.094,derived
Unawatuna,2024,8,4042,5576,9618,164609,0.0886,derived
Unawatuna,2024,9,3032,4424,7456,122140,0.0709,derived
Unawatuna,2024,10,3465,4974,8439,135907,0.0766,derived
Unawatuna,2024,11,4118,5744,9862,184158,0.0905,derived
Unawatuna,2024,12,5187,7334,12521,248592,0.1168,derived
Unawatuna,2025,1,152,3064,3216,252761,0.0911,official
Unawatuna,2025,2,144,3090,3234,240217,0.0903,official
Unawatuna,2025,3,145,3248,3393,229298,0.0894,official
Unawatuna,2025,4,110,2265,2375,174608,0.0697,official
Unawatuna,2025,5,92,2092,2184,132919,0.0581,official
Unawatuna,2025,6,105,2276,2381,138241,0.0641,official
Unawatuna,2025,7,150,3169,3319,200244,0.094,official
Unawatuna,2025,8,145,3026,3171,198235,0.0886,official
Unawatuna,2025,9,121,2526,2647,158971,0.0709,official
Unawatuna,2025,10,121,2634,2755,165193,0.0766,official
Unawatuna,2025,11,145,3146,3291,212906,0.0905,official
Unawatuna,2025,12,194,4114,4308,287423,0.1168,official
Bentota,2015,1,3230,4886,8116,156246,0.0911,derived
Bentota,2015,2,3278,4688,7966,165541,0.0903,derived
Bentota,2015,3,3181,4586,7767,157051,0.0894,derived
Bentota,2015,4,2548,3334,5882,122217,0.0697,derived
Bentota,2015,5,2234,3063,5297,113529,0.0581,derived
Bentota,2015,6,2297,3147,5444,115467,0.0641,derived
Bentota,2015,7,3445,4786,8231,175804,0.094,derived
Bentota,2015,8,3245,4521,7766,166610,0.0886,derived
Bentota,2015,9,2608,3754,6362,143374,0.0709,derived
Bentota,2015,10,2824,3765,6589,132280,0.0766,derived
Bentota,2015,11,3413,4816,8229,144147,0.0905,derived
Bentota,2015,12,4633,5726,10359,206114,0.1168,derived
Bentota,2016,1,3794,4944,8738,194280,0.0911,derived
Bentota,2016,2,3794,5139,8933,197697,0.0903,derived
Bentota,2016,3,3909,5053,8962,192841,0.0894,derived
Bentota,2016,4,2733,3974,6707,136367,0.0697,derived
Bentota,2016,5,2260,3439,5699,125044,0.0581,derived
Bentota,2016,6,2487,3715,6202,118038,0.0641,derived
Bentota,2016,7,3646,5391,9037,209351,0.094,derived
Bentota,2016,8,3842,5182,9024,186288,0.0886,derived
Bentota,2016,9,2854,4098,6952,148499,0.0709,derived
Bentota,2016,10,3168,4496,7664,150419,0.0766,derived
Bentota,2016,11,3586,5328,8914,167217,0.0905,derived
Bentota,2016,12,4435,6630,11065,224791,0.1168,derived
Bentota,2017,1,3830,5545,9375,219360,0.0911,derived
Bentota,2017,2,3854,5165,9019,197517,0.0903,derived
Bentota,2017,3,3701,5371,9072,188076,0.0894,derived
Bentota,2017,4,2964,4088,7052,160249,0.0697,derived
Bentota,2017,5,2443,3543,5986,121891,0.0581,derived
Bentota,2017,6,2693,3820,6513,123351,0.0641,derived
Bentota,2017,7,4273,5377,9650,205482,0.094,derived
Bentota,2017,8,3569,5415,8984,190928,0.0886,derived
Bentota,2017,9,2962,4193,7155,145077,0.0709,derived
Bentota,2017,10,3191,4539,7730,152429,0.0766,derived
Bentota,2017,11,4044,5532,9576,167511,0.0905,derived
Bentota,2017,12,5110,6677,11787,244536,0.1168,derived
Bentota,2018,1,4138,5489,9627,238924,0.0911,derived
Bentota,2018,2,4144,6117,10261,235618,0.0903,derived
Bentota,2018,3,4271,5848,10119,233382,0.0894,derived
Bentota,2018,4,3274,4493,7767,180429,0.0697,derived
Bentota,2018,5,2750,3915,6665,129466,0.0581,derived
Bentota,2018,6,2871,4262,7133,146828,0.0641,derived
Bentota,2018,7,4548,6117,10665,217829,0.094,derived
Bentota,2018,8,4255,6327,10582,200359,0.0886,derived
Bentota,2018,9,3324,4723,8047,149087,0.0709,derived
Bentota,2018,10,3523,5072,8595,153123,0.0766,derived
Bentota,2018,11,4314,5992,10306,195582,0.0905,derived
Bentota,2018,12,5325,7738,13063,253169,0.1168,derived
Bentota,2019,1,3669,4987,8656,244239,0.0911,derived
Bentota,2019,2,3583,4841,8424,252033,0.0903,derived
Bentota,2019,3,3526,4868,8394,244328,0.0894,derived
Bentota,2019,4,2610,3798,6408,166975,0.0697,derived
Bentota,2019,5,2175,3079,5254,37802,0.0581,derived
Bentota,2019,6,2488,3495,5983,63072,0.0641,derived
Bentota,2019,7,3498,5240,8738,115701,0.094,derived
Bentota,2019,8,3476,4683,8159,143587,0.0886,derived
Bentota,2019,9,2608,3811,6419,108575,0.0709,derived
Bentota,2019,10,2915,4151,7066,118743,0.0766,derived
Bentota,2019,11,3451,4591,8042,176984,0.0905,derived
Bentota,2019,12,4451,6248,10699,241663,0.1168,derived
Bentota,2020,1,949,1277,2226,228434,0.0911,derived
Bentota,2020,2,969,1218,2187,207507,0.0903,derived
Bentota,2020,3,950,1271,2221,71370,0.0894,derived
Bentota,2020,4,730,999,1729,0,0.0697,derived
Bentota,2020,5,614,822,1436,0,0.0581,derived
Bentota,2020,6,634,957,1591,0,0.0641,derived
Bentota,2020,7,958,1355,2313,0,0.094,derived
Bentota,2020,8,939,1228,2167,0,0.0886,derived
Bentota,2020,9,737,996,1733,0,0.0709,derived
Bentota,2020,10,780,1098,1878,0,0.0766,derived
Bentota,2020,11,883,1264,2147,0,0.0905,derived
Bentota,2020,12,1242,1716,2958,0,0.1168,derived
Bentota,2021,1,356,503,859,1682,0.0911,derived
Bentota,2021,2,350,515,865,3366,0.0903,derived
Bentota,2021,3,348,494,842,4581,0.0894,derived
Bentota,2021,4,282,373,655,4168,0.0697,derived
Bentota,2021,5,238,304,542,1497,0.0581,derived
Bentota,2021,6,263,348,611,1614,0.0641,derived
Bentota,2021,7,366,486,852,2429,0.094,derived
Bentota,2021,8,342,471,813,5040,0.0886,derived
Bentota,2021,9,272,387,659,13547,0.0709,derived
Bentota,2021,10,308,423,731,22771,0.0766,derived
Bentota,2021,11,357,480,837,44294,0.0905,derived
Bentota,2021,12,445,675,1120,89506,0.1168,derived
Bentota,2022,1,1293,1943,3236,82327,0.0911,derived
Bentota,2022,2,1300,1834,3134,96507,0.0903,derived
Bentota,2022,3,1339,1885,3224,106500,0.0894,derived
Bentota,2022,4,1007,1398,2405,62980,0.0697,derived
Bentota,2022,5,842,1192,2034,30207,0.0581,derived
Bentota,2022,6,955,1303,2258,32856,0.0641,derived
Bentota,2022,7,1390,2004,3394,47293,0.094,derived
Bentota,2022,8,1300,1816,3116,37760,0.0886,derived
Bentota,2022,9,981,1326,2307,29802,0.0709,derived
Bentota,2022,10,1124,1551,2675,42026,0.0766,derived
Bentota,2022,11,1292,1851,3143,59759,0.0905,derived
Bentota,2022,12,1691,2452,4143,91961,0.1168,derived
Bentota,2023,1,2738,3738,6476,102545,0.0911,derived
Bentota,2023,2,2787,3765,6552,107639,0.0903,derived
Bentota,2023,3,2722,3698,6420,125495,0.0894,derived
Bentota,2023,4,2047,2931,4978,105498,0.0697,derived
Bentota,2023,5,1743,2474,4217,83309,0.0581,derived
Bentota,2023,6,1907,2543,4450,100388,0.0641,derived
Bentota,2023,7,2783,4041,6824,143039,0.094,derived
Bentota,2023,8,2632,3690,6322,136405,0.0886,derived
Bentota,2023,9,2188,2911,5099,111938,0.0709,derived
Bentota,2023,10,2190,3199,5389,109199,0.0766,derived
Bentota,2023,11,2672,3686,6358,151496,0.0905,derived
Bentota,2023,12,3482,4973,8455,210352,0.1168,derived
Bentota,2024,1,3770,5328,9098,208253,0.0911,derived
Bentota,2024,2,3940,5178,9118,218350,0.0903,derived
Bentota,2024,3,3731,5101,8832,209181,0.0894,derived
Bentota,2024,4,2810,3965,6775,148867,0.0697,derived
Bentota,2024,5,2371,3404,5775,112128,0.0581,derived
Bentota,2024,6,2842,3637,6479,113470,0.0641,derived
Bentota,2024,7,3844,5440,9284,187810,0.094,derived
Bentota,2024,8,3710,5174,8884,164609,0.0886,derived
Bentota,2024,9,3047,3808,6855,122140,0.0709,derived
Bentota,2024,10,2943,4373,7316,135907,0.0766,derived
Bentota,2024,11,3867,4995,8862,184158,0.0905,derived
Bentota,2024,12,4397,6882,11279,248592,0.1168,derived
Bentota,2025,1,4423,5947,10370,252761,0.0911,derived
Bentota,2025,2,4223,5915,10138,240217,0.0903,derived
Bentota,2025,3,4323,5918,10241,229298,0.0894,derived
Bentota,2025,4,3407,4297,7704,174608,0.0697,derived
Bentota,2025,5,2729,3789,6518,132919,0.0581,derived
Bentota,2025,6,3067,4258,7325,138241,0.0641,derived
Bentota,2025,7,4641,5992,10633,200244,0.094,derived
Bentota,2025,8,4275,6077,10352,198235,0.0886,derived
Bentota,2025,9,3606,4714,8320,158971,0.0709,derived
Bentota,2025,10,3727,4889,8616,165193,0.0766,derived
Bentota,2025,11,4047,6258,10305,212906,0.0905,derived
Bentota,2025,12,5626,8157,13783,287423,0.1168,derived
Arugam Bay,2015,1,558,828,1386,156246,0.03,derived
Arugam Bay,2015,2,615,825,1440,165541,0.03,derived
Arugam Bay,2015,3,979,1359,2338,157051,0.05,derived
Arugam Bay,2015,4,1665,2546,4211,122217,0.09,derived
Arugam Bay,2015,5,2287,3312,5599,113529,0.12,derived
Arugam Bay,2015,6,2406,3409,5815,115467,0.13,derived
Arugam Bay,2015,7,2836,3766,6602,175804,0.14,derived
Arugam Bay,2015,8,2634,3526,6160,166610,0.13,derived
Arugam Bay,2015,9,2018,3070,5088,143374,0.11,derived
Arugam Bay,2015,10,1526,2220,3746,132280,0.08,derived
Arugam Bay,2015,11,777,1037,1814,144147,0.04,derived
Arugam Bay,2015,12,975,1449,2424,206114,0.05,derived
Arugam Bay,2016,1,674,928,1602,194280,0.03,derived
Arugam Bay,2016,2,685,936,1621,197697,0.03,derived
Arugam Bay,2016,3,1114,1499,2613,192841,0.05,derived
Arugam Bay,2016,4,2007,2877,4884,136367,0.09,derived
Arugam Bay,2016,5,2591,3879,6470,125044,0.12,derived
Arugam Bay,2016,6,2871,3923,6794,118038,0.13,derived
Arugam Bay,2016,7,3193,4303,7496,209351,0.14,derived
Arugam Bay,2016,8,2944,3995,6939,186288,0.13,derived
Arugam Bay,2016,9,2431,3461,5892,148499,0.11,derived
Arugam Bay,2016,10,1787,2332,4119,150419,0.08,derived
Arugam Bay,2016,11,856,1274,2130,167217,0.04,derived
Arugam Bay,2016,12,1103,1525,2628,224791,0.05,derived
Arugam Bay,2017,1,657,928,1585,219360,0.03,derived
Arugam Bay,2017,2,644,957,1601,197517,0.03,derived
Arugam Bay,2017,3,1122,1553,2675,188076,0.05,derived
Arugam Bay,2017,4,2052,2911,4963,160249,0.09,derived
Arugam Bay,2017,5,2915,3665,6580,121891,0.12,derived
Arugam Bay,2017,6,3074,4281,7355,123351,0.13,derived
Arugam Bay,2017,7,3125,4507,7632,205482,0.14,derived
Arugam Bay,2017,8,2930,4183,7113,190928,0.13,derived
Arugam Bay,2017,9,2628,3583,6211,145077,0.11,derived
Arugam Bay,2017,10,1856,2526,4382,152429,0.08,derived
Arugam Bay,2017,11,873,1271,2144,167511,0.04,derived
Arugam Bay,2017,12,1184,1526,2710,244536,0.05,derived
Arugam Bay,2018,1,732,1062,1794,238924,0.03,derived
Arugam Bay,2018,2,733,1033,1766,235618,0.03,derived
Arugam Bay,2018,3,1244,1691,2935,233382,0.05,derived
Arugam Bay,2018,4,2202,3242,5444,180429,0.09,derived
Arugam Bay,2018,5,2905,4031,6936,129466,0.12,derived
Arugam Bay,2018,6,3214,4687,7901,146828,0.13,derived
Arugam Bay,2018,7,3507,4871,8378,217829,0.14,derived
Arugam Bay,2018,8,3280,4346,7626,200359,0.13,derived
Arugam Bay,2018,9,2813,3925,6738,149087,0.11,derived
Arugam Bay,2018,10,1991,2907,4898,153123,0.08,derived
Arugam Bay,2018,11,974,1459,2433,195582,0.04,derived
Arugam Bay,2018,12,1266,1746,3012,253169,0.05,derived
Arugam Bay,2019,1,619,865,1484,244239,0.03,derived
Arugam Bay,2019,2,642,839,1481,252033,0.03,derived
Arugam Bay,2019,3,1009,1491,2500,244328,0.05,derived
Arugam Bay,2019,4,1826,2674,4500,166975,0.09,derived
Arugam Bay,2019,5,2606,3430,6036,37802,0.12,derived
Arugam Bay,2019,6,2741,3631,6372,63072,0.13,derived
Arugam Bay,2019,7,2958,4074,7032,115701,0.14,derived
Arugam Bay,2019,8,2724,3688,6412,143587,0.13,derived
Arugam Bay,2019,9,2160,3230,5390,108575,0.11,derived
Arugam Bay,2019,10,1551,2292,3843,118743,0.08,derived
Arugam Bay,2019,11,850,1163,2013,176984,0.04,derived
Arugam Bay,2019,12,1093,1491,2584,241663,0.05,derived
Arugam Bay,2020,1,161,230,391,228434,0.03,derived
Arugam Bay,2020,2,164,219,383,207507,0.03,derived
Arugam Bay,2020,3,266,376,642,71370,0.05,derived
Arugam Bay,2020,4,462,691,1153,0,0.09,derived
Arugam Bay,2020,5,652,874,1526,0,0.12,derived
Arugam Bay,2020,6,720,1018,1738,0,0.13,derived
Arugam Bay,2020,7,772,1063,1835,0,0.14,derived
Arugam Bay,2020,8,724,1017,1741,0,0.13,derived
Arugam Bay,2020,9,608,822,1430,0,0.11,derived
Arugam Bay,2020,10,441,635,1076,0,0.08,derived
Arugam Bay,2020,11,215,326,541,0,0.04,derived
Arugam Bay,2020,12,269,383,652,0,0.05,derived
Arugam Bay,2021,1,61,88,149,1682,0.03,derived
Arugam Bay,2021,2,59,86,145,3366,0.03,derived
Arugam Bay,2021,3,101,147,248,4581,0.05,derived
Arugam Bay,2021,4,194,269,463,4168,0.09,derived
Arugam Bay,2021,5,234,374,608,1497,0.12,derived
Arugam Bay,2021,6,275,373,648,1614,0.13,derived
Arugam Bay,2021,7,295,413,708,2429,0.14,derived
Arugam Bay,2021,8,267,384,651,5040,0.13,derived
Arugam Bay,2021,9,226,319,545,13547,0.11,derived
Arugam Bay,2021,10,164,225,389,22771,0.08,derived
Arugam Bay,2021,11,84,119,203,44294,0.04,derived
Arugam Bay,2021,12,106,150,256,89506,0.05,derived
Arugam Bay,2022,1,235,321,556,82327,0.03,derived
Arugam Bay,2022,2,239,313,552,96507,0.03,derived
Arugam Bay,2022,3,378,528,906,106500,0.05,derived
Arugam Bay,2022,4,722,1007,1729,62980,0.09,derived
Arugam Bay,2022,5,946,1348,2294,30207,0.12,derived
Arugam Bay,2022,6,984,1429,2413,32856,0.13,derived
Arugam Bay,2022,7,1084,1562,2646,47293,0.14,derived
Arugam Bay,2022,8,1007,1398,2405,37760,0.13,derived
Arugam Bay,2022,9,869,1228,2097,29802,0.11,derived
Arugam Bay,2022,10,609,869,1478,42026,0.08,derived
Arugam Bay,2022,11,301,402,703,59759,0.04,derived
Arugam Bay,2022,12,391,554,945,91961,0.05,derived
Arugam Bay,2023,1,485,635,1120,102545,0.03,derived
Arugam Bay,2023,2,476,629,1105,107639,0.03,derived
Arugam Bay,2023,3,836,1087,1923,125495,0.05,derived
Arugam Bay,2023,4,1500,2081,3581,105498,0.09,derived
Arugam Bay,2023,5,1875,2606,4481,83309,0.12,derived
Arugam Bay,2023,6,2110,2849,4959,100388,0.13,derived
Arugam Bay,2023,7,2255,3102,5357,143039,0.14,derived
Arugam Bay,2023,8,1976,2727,4703,136405,0.13,derived
Arugam Bay,2023,9,1778,2431,4209,111938,0.11,derived
Arugam Bay,2023,10,1263,1836,3099,109199,0.08,derived
Arugam Bay,2023,11,665,892,1557,151496,0.04,derived
Arugam Bay,2023,12,794,1141,1935,210352,0.05,derived
Arugam Bay,2024,1,638,937,1575,208253,0.03,derived
Arugam Bay,2024,2,676,950,1626,218350,0.03,derived
Arugam Bay,2024,3,1044,1516,2560,209181,0.05,derived
Arugam Bay,2024,4,1943,2802,4745,148867,0.09,derived
Arugam Bay,2024,5,2699,3892,6591,112128,0.12,derived
Arugam Bay,2024,6,2840,3975,6815,113470,0.13,derived
Arugam Bay,2024,7,3211,4385,7596,187810,0.14,derived
Arugam Bay,2024,8,2992,4071,7063,164609,0.13,derived
Arugam Bay,2024,9,2354,3278,5632,122140,0.11,derived
Arugam Bay,2024,10,1691,2533,4224,135907,0.08,derived
Arugam Bay,2024,11,918,1310,2228,184158,0.04,derived
Arugam Bay,2024,12,1136,1606,2742,248592,0.05,derived
Arugam Bay,2025,1,761,1046,1807,252761,0.03,derived
Arugam Bay,2025,2,794,1098,1892,240217,0.03,derived
Arugam Bay,2025,3,1295,1828,3123,229298,0.05,derived
Arugam Bay,2025,4,2346,3378,5724,174608,0.09,derived
Arugam Bay,2025,5,3219,4408,7627,132919,0.12,derived
Arugam Bay,2025,6,3442,4771,8213,138241,0.13,derived
Arugam Bay,2025,7,3565,5175,8740,200244,0.14,derived
Arugam Bay,2025,8,3216,4848,8064,198235,0.13,derived
Arugam Bay,2025,9,2738,4010,6748,158971,0.11,derived
Arugam Bay,2025,10,2013,2940,4953,165193,0.08,derived
Arugam Bay,2025,11,1031,1376,2407,212906,0.04,derived
Arugam Bay,2025,12,1307,1776,3083,287423,0.05,derived
Trincomalee,2015,1,1063,1450,2513,156246,0.04,derived
Trincomalee,2015,2,1048,1408,2456,165541,0.04,derived
Trincomalee,2015,3,1526,2145,3671,157051,0.06,derived
Trincomalee,2015,4,2390,3427,5817,122217,0.09,derived
Trincomalee,2015,5,3032,4491,7523,113529,0.12,derived
Trincomalee,2015,6,3147,4544,7691,115467,0.13,derived
Trincomalee,2015,7,3269,4521,7790,175804,0.13,derived
Trincomalee,2015,8,2959,4404,7363,166610,0.12,derived
Trincomalee,2015,9,2572,3666,6238,143374,0.1,derived
Trincomalee,2015,10,1850,2558,4408,132280,0.07,derived
Trincomalee,2015,11,1320,1808,3128,144147,0.05,derived
Trincomalee,2015,12,1248,1870,3118,206114,0.05,derived
Trincomalee,2016,1,1160,1607,2767,194280,0.04,derived
Trincomalee,2016,2,1174,1608,2782,197697,0.04,derived
Trincomalee,2016,3,1749,2506,4255,192841,0.06,derived
Trincomalee,2016,4,2685,3620,6305,136367,0.09,derived
Trincomalee,2016,5,3491,5121,8612,125044,0.12,derived
Trincomalee,2016,6,3896,5709,9605,118038,0.13,derived
Trincomalee,2016,7,3974,5559,9533,209351,0.13,derived
Trincomalee,2016,8,3396,5074,8470,186288,0.12,derived
Trincomalee,2016,9,2948,4065,7013,148499,0.1,derived
Trincomalee,2016,10,2077,2976,5053,150419,0.07,derived
Trincomalee,2016,11,1498,2012,3510,167217,0.05,derived
Trincomalee,2016,12,1509,2027,3536,224791,0.05,derived
Trincomalee,2017,1,1011,3152,4163,219360,0.04,official
Trincomalee,2017,2,998,3254,4252,197517,0.04,official
Trincomalee,2017,3,1460,5050,6510,188076,0.06,official
Trincomalee,2017,4,2137,7029,9166,160249,0.09,official
Trincomalee,2017,5,3048,9711,12759,121891,0.12,official
Trincomalee,2017,6,3256,10321,13577,123351,0.13,official
Trincomalee,2017,7,3306,10267,13573,205482,0.13,official
Trincomalee,2017,8,3141,9784,12925,190928,0.12,official
Trincomalee,2017,9,2578,7722,10300,145077,0.1,official
Trincomalee,2017,10,1754,5516,7270,152429,0.07,official
Trincomalee,2017,11,1218,4019,5237,167511,0.05,official
Trincomalee,2017,12,1236,4054,5290,244536,0.05,official
Trincomalee,2018,1,1282,3654,4936,238924,0.04,official
Trincomalee,2018,2,1289,3498,4787,235618,0.04,official
Trincomalee,2018,3,2034,5123,7157,233382,0.06,official
Trincomalee,2018,4,3057,7531,10588,180429,0.09,official
Trincomalee,2018,5,4147,10430,14577,129466,0.12,official
Trincomalee,2018,6,4228,11193,15421,146828,0.13,official
Trincomalee,2018,7,4410,11097,15507,217829,0.13,official
Trincomalee,2018,8,3885,10356,14241,200359,0.12,official
Trincomalee,2018,9,3195,9163,12358,149087,0.1,official
Trincomalee,2018,10,2279,6233,8512,153123,0.07,official
Trincomalee,2018,11,1666,4215,5881,195582,0.05,official
Trincomalee,2018,12,1655,4446,6101,253169,0.05,official
Trincomalee,2019,1,1096,1598,2694,244239,0.04,derived
Trincomalee,2019,2,1136,1585,2721,252033,0.04,derived
Trincomalee,2019,3,1630,2239,3869,244328,0.06,derived
Trincomalee,2019,4,2434,3492,5926,166975,0.09,derived
Trincomalee,2019,5,3360,4327,7687,37802,0.12,derived
Trincomalee,2019,6,3581,5039,8620,63072,0.13,derived
Trincomalee,2019,7,3552,5209,8761,115701,0.13,derived
Trincomalee,2019,8,3348,4811,8159,143587,0.12,derived
Trincomalee,2019,9,2737,3966,6703,108575,0.1,derived
Trincomalee,2019,10,2023,2806,4829,118743,0.07,derived
Trincomalee,2019,11,1332,1914,3246,176984,0.05,derived
Trincomalee,2019,12,1363,1957,3320,241663,0.05,derived
Trincomalee,2020,1,48,1096,1144,228434,0.04,official
Trincomalee,2020,2,47,1056,1103,207507,0.04,official
Trincomalee,2020,3,73,1660,1733,71370,0.06,official
Trincomalee,2020,4,106,2506,2612,0,0.09,official
Trincomalee,2020,5,146,3086,3232,0,0.12,official
Trincomalee,2020,6,153,3643,3796,0,0.13,official
Trincomalee,2020,7,151,3844,3995,0,0.13,official
Trincomalee,2020,8,137,3451,3588,0,0.12,official
Trincomalee,2020,9,119,2917,3036,0,0.1,official
Trincomalee,2020,10,81,1924,2005,0,0.07,official
Trincomalee,2020,11,60,1423,1483,0,0.05,official
Trincomalee,2020,12,56,1382,1438,0,0.05,official
Trincomalee,2021,1,113,160,273,1682,0.04,derived
Trincomalee,2021,2,109,143,252,3366,0.04,derived
Trincomalee,2021,3,170,226,396,4581,0.06,derived
Trincomalee,2021,4,236,322,558,4168,0.09,derived
Trincomalee,2021,5,344,472,816,1497,0.12,derived
Trincomalee,2021,6,361,530,891,1614,0.13,derived
Trincomalee,2021,7,370,534,904,2429,0.13,derived
Trincomalee,2021,8,321,469,790,5040,0.12,derived
Trincomalee,2021,9,266,389,655,13547,0.1,derived
Trincomalee,2021,10,194,279,473,22771,0.07,derived
Trincomalee,2021,11,140,199,339,44294,0.05,derived
Trincomalee,2021,12,142,208,350,89506,0.05,derived
Trincomalee,2022,1,410,564,974,82327,0.04,derived
Trincomalee,2022,2,417,566,983,96507,0.04,derived
Trincomalee,2022,3,649,863,1512,106500,0.06,derived
Trincomalee,2022,4,917,1287,2204,62980,0.09,derived
Trincomalee,2022,5,1270,1733,3003,30207,0.12,derived
Trincomalee,2022,6,1321,1980,3301,32856,0.13,derived
Trincomalee,2022,7,1313,1888,3201,47293,0.13,derived
Trincomalee,2022,8,1268,1656,2924,37760,0.12,derived
Trincomalee,2022,9,1051,1405,2456,29802,0.1,derived
Trincomalee,2022,10,743,986,1729,42026,0.07,derived
Trincomalee,2022,11,529,749,1278,59759,0.05,derived
Trincomalee,2022,12,531,731,1262,91961,0.05,derived
Trincomalee,2023,1,372,2122,2494,102545,0.04,official
Trincomalee,2023,2,391,2114,2505,107639,0.04,official
Trincomalee,2023,3,545,3304,3849,125495,0.06,official
Trincomalee,2023,4,824,4720,5544,105498,0.09,official
Trincomalee,2023,5,1077,6385,7462,83309,0.12,official
Trincomalee,2023,6,1216,7070,8286,100388,0.13,official
Trincomalee,2023,7,1254,7129,8383,143039,0.13,official
Trincomalee,2023,8,1119,6440,7559,136405,0.12,official
Trincomalee,2023,9,952,5605,6557,111938,0.1,official
Trincomalee,2023,10,659,3726,4385,109199,0.07,official
Trincomalee,2023,11,455,2582,3037,151496,0.05,official
Trincomalee,2023,12,478,2746,3224,210352,0.05,official
Trincomalee,2024,1,1203,1649,2852,208253,0.04,derived
Trincomalee,2024,2,1232,1631,2863,218350,0.04,derived
Trincomalee,2024,3,1824,2480,4304,209181,0.06,derived
Trincomalee,2024,4,2612,3791,6403,148867,0.09,derived
Trincomalee,2024,5,3591,5020,8611,112128,0.12,derived
Trincomalee,2024,6,3853,5375,9228,113470,0.13,derived
Trincomalee,2024,7,4119,5572,9691,187810,0.13,derived
Trincomalee,2024,8,3625,4984,8609,164609,0.12,derived
Trincomalee,2024,9,3046,4203,7249,122140,0.1,derived
Trincomalee,2024,10,2071,2871,4942,135907,0.07,derived
Trincomalee,2024,11,1474,1872,3346,184158,0.05,derived
Trincomalee,2024,12,1487,2039,3526,248592,0.05,derived
Trincomalee,2025,1,862,2937,3799,252761,0.04,official
Trincomalee,2025,2,794,2931,3725,240217,0.04,official
Trincomalee,2025,3,1196,4465,5661,229298,0.06,official
Trincomalee,2025,4,1868,6794,8662,174608,0.09,official
Trincomalee,2025,5,2411,8815,11226,132919,0.12,official
Trincomalee,2025,6,2566,9741,12307,138241,0.13,official
Trincomalee,2025,7,2717,9682,12399,200244,0.13,official
Trincomalee,2025,8,2470,8916,11386,198235,0.12,official
Trincomalee,2025,9,2157,7276,9433,158971,0.1,official
Trincomalee,2025,10,1446,4969,6415,165193,0.07,official
Trincomalee,2025,11,1002,3680,4682,212906,0.05,official
Trincomalee,2025,12,1063,3641,4704,287423,0.05,official
Colombo,2015,1,4333,6036,10369,156246,0.0911,derived
Colombo,2015,2,4255,6109,10364,165541,0.0903,derived
Colombo,2015,3,4090,6225,10315,157051,0.0894,derived
Colombo,2015,4,3270,4772,8042,122217,0.0697,derived
Colombo,2015,5,2677,3975,6652,113529,0.0581,derived
Colombo,2015,6,3134,4351,7485,115467,0.0641,derived
Colombo,2015,7,4371,6355,10726,175804,0.094,derived
Colombo,2015,8,4093,5896,9989,166610,0.0886,derived
Colombo,2015,9,3500,4867,8367,143374,0.0709,derived
Colombo,2015,10,3671,4987,8658,132280,0.0766,derived
Colombo,2015,11,4417,6070,10487,144147,0.0905,derived
Colombo,2015,12,5204,8014,13218,206114,0.1168,derived
Colombo,2016,1,4973,7219,12192,194280,0.0911,derived
Colombo,2016,2,4770,6247,11017,197697,0.0903,derived
Colombo,2016,3,4924,6897,11821,192841,0.0894,derived
Colombo,2016,4,3612,5171,8783,136367,0.0697,derived
Colombo,2016,5,3437,4404,7841,125044,0.0581,derived
Colombo,2016,6,3580,4809,8389,118038,0.0641,derived
Colombo,2016,7,4816,7156,11972,209351,0.094,derived
Colombo,2016,8,4800,6693,11493,186288,0.0886,derived
Colombo,2016,9,3859,5464,9323,148499,0.0709,derived
Colombo,2016,10,4165,5636,9801,150419,0.0766,derived
Colombo,2016,11,5013,6513,11526,167217,0.0905,derived
Colombo,2016,12,5986,9128,15114,224791,0.1168,derived
Colombo,2017,1,5214,7179,12393,219360,0.0911,derived
Colombo,2017,2,4877,6975,11852,197517,0.0903,derived
Colombo,2017,3,5000,6718,11718,188076,0.0894,derived
Colombo,2017,4,3840,5605,9445,160249,0.0697,derived
Colombo,2017,5,3416,4529,7945,121891,0.0581,derived
Colombo,2017,6,3698,4771,8469,123351,0.0641,derived
Colombo,2017,7,5407,7244,12651,205482,0.094,derived
Colombo,2017,8,5040,6939,11979,190928,0.0886,derived
Colombo,2017,9,4154,5448,9602,145077,0.0709,derived
Colombo,2017,10,4399,5995,10394,152429,0.0766,derived
Colombo,2017,11,5075,7100,12175,167511,0.0905,derived
Colombo,2017,12,6415,9211,15626,244536,0.1168,derived
Colombo,2018,1,5653,7987,13640,238924,0.0911,derived
Colombo,2018,2,5627,8046,13673,235618,0.0903,derived
Colombo,2018,3,5711,7535,13246,233382,0.0894,derived
Colombo,2018,4,4443,5846,10289,180429,0.0697,derived
Colombo,2018,5,3676,5152,8828,129466,0.0581,derived
Colombo,2018,6,3758,5598,9356,146828,0.0641,derived
Colombo,2018,7,5765,7999,13764,217829,0.094,derived
Colombo,2018,8,5730,7558,13288,200359,0.0886,derived
Colombo,2018,9,4300,6183,10483,149087,0.0709,derived
Colombo,2018,10,4860,6638,11498,153123,0.0766,derived
Colombo,2018,11,5820,7998,13818,195582,0.0905,derived
Colombo,2018,12,6784,10000,16784,253169,0.1168,derived
Colombo,2019,1,4566,6596,11162,244239,0.0911,derived
Colombo,2019,2,4240,6936,11176,252033,0.0903,derived
Colombo,2019,3,4629,6408,11037,244328,0.0894,derived
Colombo,2019,4,3676,5320,8996,166975,0.0697,derived
Colombo,2019,5,3040,4265,7305,37802,0.0581,derived
Colombo,2019,6,3282,4558,7840,63072,0.0641,derived
Colombo,2019,7,4726,6546,11272,115701,0.094,derived
Colombo,2019,8,4422,6066,10488,143587,0.0886,derived
Colombo,2019,9,3605,4803,8408,108575,0.0709,derived
Colombo,2019,10,3927,5460,9387,118743,0.0766,derived
Colombo,2019,11,4631,6354,10985,176984,0.0905,derived
Colombo,2019,12,6501,8673,15174,241663,0.1168,derived
Colombo,2020,1,1185,1735,2920,228434,0.0911,derived
Colombo,2020,2,1197,1656,2853,207507,0.0903,derived
Colombo,2020,3,1159,1713,2872,71370,0.0894,derived
Colombo,2020,4,922,1356,2278,0,0.0697,derived
Colombo,2020,5,808,1144,1952,0,0.0581,derived
Colombo,2020,6,844,1230,2074,0,0.0641,derived
Colombo,2020,7,1295,1754,3049,0,0.094,derived
Colombo,2020,8,1169,1756,2925,0,0.0886,derived
Colombo,2020,9,964,1366,2330,0,0.0709,derived
Colombo,2020,10,1009,1396,2405,0,0.0766,derived
Colombo,2020,11,1201,1704,2905,0,0.0905,derived
Colombo,2020,12,1527,2208,3735,0,0.1168,derived
Colombo,2021,1,448,638,1086,1682,0.0911,derived
Colombo,2021,2,477,666,1143,3366,0.0903,derived
Colombo,2021,3,457,628,1085,4581,0.0894,derived
Colombo,2021,4,349,499,848,4168,0.0697,derived
Colombo,2021,5,306,433,739,1497,0.0581,derived
Colombo,2021,6,327,449,776,1614,0.0641,derived
Colombo,2021,7,491,665,1156,2429,0.094,derived
Colombo,2021,8,451,668,1119,5040,0.0886,derived
Colombo,2021,9,376,516,892,13547,0.0709,derived
Colombo,2021,10,381,559,940,22771,0.0766,derived
Colombo,2021,11,483,648,1131,44294,0.0905,derived
Colombo,2021,12,629,879,1508,89506,0.1168,derived
Colombo,2022,1,1834,2468,4302,82327,0.0911,derived
Colombo,2022,2,1762,2527,4289,96507,0.0903,derived
Colombo,2022,3,1737,2364,4101,106500,0.0894,derived
Colombo,2022,4,1317,1883,3200,62980,0.0697,derived
Colombo,2022,5,1071,1553,2624,30207,0.0581,derived
Colombo,2022,6,1270,1609,2879,32856,0.0641,derived
Colombo,2022,7,1886,2610,4496,47293,0.094,derived
Colombo,2022,8,1675,2417,4092,37760,0.0886,derived
Colombo,2022,9,1359,1973,3332,29802,0.0709,derived
Colombo,2022,10,1512,1970,3482,42026,0.0766,derived
Colombo,2022,11,1765,2413,4178,59759,0.0905,derived
Colombo,2022,12,2244,3066,5310,91961,0.1168,derived
Colombo,2023,1,3799,5211,9010,102545,0.0911,derived
Colombo,2023,2,3497,4807,8304,107639,0.0903,derived
Colombo,2023,3,3500,5023,8523,125495,0.0894,derived
Colombo,2023,4,2779,4008,6787,105498,0.0697,derived
Colombo,2023,5,2357,3317,5674,83309,0.0581,derived
Colombo,2023,6,2566,3409,5975,100388,0.0641,derived
Colombo,2023,7,3704,5382,9086,143039,0.094,derived
Colombo,2023,8,3504,4987,8491,136405,0.0886,derived
Colombo,2023,9,2781,3810,6591,111938,0.0709,derived
Colombo,2023,10,3023,4288,7311,109199,0.0766,derived
Colombo,2023,11,3513,4981,8494,151496,0.0905,derived
Colombo,2023,12,4495,6693,11188,210352,0.1168,derived
Colombo,2024,1,4939,7281,12220,208253,0.0911,derived
Colombo,2024,2,5165,6897,12062,218350,0.0903,derived
Colombo,2024,3,4742,6417,11159,209181,0.0894,derived
Colombo,2024,4,3642,5114,8756,148867,0.0697,derived
Colombo,2024,5,3310,4466,7776,112128,0.0581,derived
Colombo,2024,6,3549,4584,8133,113470,0.0641,derived
Colombo,2024,7,4959,7394,12353,187810,0.094,derived
Colombo,2024,8,4887,6753,11640,164609,0.0886,derived
Colombo,2024,9,3943,5694,9637,122140,0.0709,derived
Colombo,2024,10,4162,5878,10040,135907,0.0766,derived
Colombo,2024,11,4976,7424,12400,184158,0.0905,derived
Colombo,2024,12,5984,9124,15108,248592,0.1168,derived
Colombo,2025,1,5783,8262,14045,252761,0.0911,derived
Colombo,2025,2,5637,8039,13676,240217,0.0903,derived
Colombo,2025,3,5815,8715,14530,229298,0.0894,derived
Colombo,2025,4,4544,6053,10597,174608,0.0697,derived
Colombo,2025,5,3654,5111,8765,132919,0.0581,derived
Colombo,2025,6,3865,5662,9527,138241,0.0641,derived
Colombo,2025,7,6122,8066,14188,200244,0.094,derived
Colombo,2025,8,5819,8014,13833,198235,0.0886,derived
Colombo,2025,9,4415,6294,10709,158971,0.0709,derived
Colombo,2025,10,5112,6980,12092,165193,0.0766,derived
Colombo,2025,11,5762,8008,13770,212906,0.0905,derived
Colombo,2025,12,7453,10251,17704,287423,0.1168,derived
Negombo,2015,1,2762,4381,7143,156246,0.0911,derived
Negombo,2015,2,2936,4140,7076,165541,0.0903,derived
Negombo,2015,3,2888,3961,6849,157051,0.0894,derived
Negombo,2015,4,2242,3005,5247,122217,0.0697,derived
Negombo,2015,5,2009,2536,4545,113529,0.0581,derived
Negombo,2015,6,2011,2868,4879,115467,0.0641,derived
Negombo,2015,7,3162,4264,7426,175804,0.094,derived
Negombo,2015,8,2760,4165,6925,166610,0.0886,derived
Negombo,2015,9,2344,3264,5608,143374,0.0709,derived
Negombo,2015,10,2532,3720,6252,132280,0.0766,derived
Negombo,2015,11,3119,4014,7133,144147,0.0905,derived
Negombo,2015,12,3963,5351,9314,206114,0.1168,derived
Negombo,2016,1,3413,4469,7882,194280,0.0911,derived
Negombo,2016,2,3315,4552,7867,197697,0.0903,derived
Negombo,2016,3,3381,4768,8149,192841,0.0894,derived
Negombo,2016,4,2411,3597,6008,136367,0.0697,derived
Negombo,2016,5,2217,2986,5203,125044,0.0581,derived
Negombo,2016,6,2419,3349,5768,118038,0.0641,derived
Negombo,2016,7,3507,4820,8327,209351,0.094,derived
Negombo,2016,8,3150,4423,7573,186288,0.0886,derived
Negombo,2016,9,2672,3665,6337,148499,0.0709,derived
Negombo,2016,10,2815,3908,6723,150419,0.0766,derived
Negombo,2016,11,3308,4821,8129,167217,0.0905,derived
Negombo,2016,12,4266,5791,10057,224791,0.1168,derived
Negombo,2017,1,3548,4829,8377,219360,0.0911,derived
Negombo,2017,2,3442,5047,8489,197517,0.0903,derived
Negombo,2017,3,3403,4808,8211,188076,0.0894,derived
Negombo,2017,4,2559,3690,6249,160249,0.0697,derived
Negombo,2017,5,2254,2954,5208,121891,0.0581,derived
Negombo,2017,6,2458,3430,5888,123351,0.0641,derived
Negombo,2017,7,3587,5172,8759,205482,0.094,derived
Negombo,2017,8,3408,4933,8341,190928,0.0886,derived
Negombo,2017,9,2619,3795,6414,145077,0.0709,derived
Negombo,2017,10,2925,3953,6878,152429,0.0766,derived
Negombo,2017,11,3544,5160,8704,167511,0.0905,derived
Negombo,2017,12,4445,6321,10766,244536,0.1168,derived
Negombo,2018,1,3836,5243,9079,238924,0.0911,derived
Negombo,2018,2,3585,5197,8782,235618,0.0903,derived
Negombo,2018,3,3598,5525,9123,233382,0.0894,derived
Negombo,2018,4,2915,4053,6968,180429,0.0697,derived
Negombo,2018,5,2506,3302,5808,129466,0.0581,derived
Negombo,2018,6,2632,3779,6411,146828,0.0641,derived
Negombo,2018,7,4072,5614,9686,217829,0.094,derived
Negombo,2018,8,3748,5221,8969,200359,0.0886,derived
Negombo,2018,9,3013,4193,7206,149087,0.0709,derived
Negombo,2018,10,3118,4510,7628,153123,0.0766,derived
Negombo,2018,11,3677,5332,9009,195582,0.0905,derived
Negombo,2018,12,4833,7389,12222,253169,0.1168,derived
Negombo,2019,1,3134,4208,7342,244239,0.0911,derived
Negombo,2019,2,3097,4421,7518,252033,0.0903,derived
Negombo,2019,3,3233,4234,7467,244328,0.0894,derived
Negombo,2019,4,2285,3441,5726,166975,0.0697,derived
Negombo,2019,5,1918,2765,4683,37802,0.0581,derived
Negombo,2019,6,2192,3086,5278,63072,0.0641,derived
Negombo,2019,7,3306,4442,7748,115701,0.094,derived
Negombo,2019,8,3026,4269,7295,143587,0.0886,derived
Negombo,2019,9,2452,3428,5880,108575,0.0709,derived
Negombo,2019,10,2672,3787,6459,118743,0.0766,derived
Negombo,2019,11,3152,4421,7573,176984,0.0905,derived
Negombo,2019,12,3830,5638,9468,241663,0.1168,derived
Negombo,2020,1,843,1190,2033,228434,0.0911,derived
Negombo,2020,2,807,1131,1938,207507,0.0903,derived
Negombo,2020,3,802,1161,1963,71370,0.0894,derived
Negombo,2020,4,655,879,1534,0,0.0697,derived
Negombo,2020,5,545,745,1290,0,0.0581,derived
Negombo,2020,6,583,814,1397,0,0.0641,derived
Negombo,2020,7,878,1213,2091,0,0.094,derived
Negombo,2020,8,864,1103,1967,0,0.0886,derived
Negombo,2020,9,657,891,1548,0,0.0709,derived
Negombo,2020,10,681,978,1659,0,0.0766,derived
Negombo,2020,11,829,1257,2086,0,0.0905,derived
Negombo,2020,12,1060,1441,2501,0,0.1168,derived
Negombo,2021,1,321,418,739,1682,0.0911,derived
Negombo,2021,2,315,442,757,3366,0.0903,derived
Negombo,2021,3,320,450,770,4581,0.0894,derived
Negombo,2021,4,240,339,579,4168,0.0697,derived
Negombo,2021,5,198,275,473,1497,0.0581,derived
Negombo,2021,6,226,302,528,1614,0.0641,derived
Negombo,2021,7,325,447,772,2429,0.094,derived
Negombo,2021,8,315,457,772,5040,0.0886,derived
Negombo,2021,9,238,328,566,13547,0.0709,derived
Negombo,2021,10,267,375,642,22771,0.0766,derived
Negombo,2021,11,318,437,755,44294,0.0905,derived
Negombo,2021,12,406,578,984,89506,0.1168,derived
Negombo,2022,1,1217,1555,2772,82327,0.0911,derived
Negombo,2022,2,1157,1648,2805,96507,0.0903,derived
Negombo,2022,3,1126,1705,2831,106500,0.0894,derived
Negombo,2022,4,885,1262,2147,62980,0.0697,derived
Negombo,2022,5,765,1035,1800,30207,0.0581,derived
Negombo,2022,6,785,1148,1933,32856,0.0641,derived
Negombo,2022,7,1256,1689,2945,47293,0.094,derived
Negombo,2022,8,1118,1651,2769,37760,0.0886,derived
Negombo,2022,9,909,1266,2175,29802,0.0709,derived
Negombo,2022,10,997,1421,2418,42026,0.0766,derived
Negombo,2022,11,1255,1681,2936,59759,0.0905,derived
Negombo,2022,12,1565,2086,3651,91961,0.1168,derived
Negombo,2023,1,2363,3421,5784,102545,0.0911,derived
Negombo,2023,2,2424,3274,5698,107639,0.0903,derived
Negombo,2023,3,2380,3390,5770,125495,0.0894,derived
Negombo,2023,4,1884,2650,4534,105498,0.0697,derived
Negombo,2023,5,1569,2144,3713,83309,0.0581,derived
Negombo,2023,6,1690,2317,4007,100388,0.0641,derived
Negombo,2023,7,2652,3526,6178,143039,0.094,derived
Negombo,2023,8,2355,3227,5582,136405,0.0886,derived
Negombo,2023,9,2064,2571,4635,111938,0.0709,derived
Negombo,2023,10,2024,2906,4930,109199,0.0766,derived
Negombo,2023,11,2465,3487,5952,151496,0.0905,derived
Negombo,2023,12,3295,4442,7737,210352,0.1168,derived
Negombo,2024,1,3260,4678,7938,208253,0.0911,derived
Negombo,2024,2,3367,4961,8328,218350,0.0903,derived
Negombo,2024,3,3165,4792,7957,209181,0.0894,derived
Negombo,2024,4,2588,3694,6282,148867,0.0697,derived
Negombo,2024,5,2141,2931,5072,112128,0.0581,derived
Negombo,2024,6,2424,3384,5808,113470,0.0641,derived
Negombo,2024,7,3577,4864,8441,187810,0.094,derived
Negombo,2024,8,3215,4369,7584,164609,0.0886,derived
Negombo,2024,9,2684,3714,6398,122140,0.0709,derived
Negombo,2024,10,2749,3899,6648,135907,0.0766,derived
Negombo,2024,11,3296,4472,7768,184158,0.0905,derived
Negombo,2024,12,4209,5836,10045,248592,0.1168,derived
Negombo,2025,1,3872,5367,9239,252761,0.0911,derived
Negombo,2025,2,3695,5769,9464,240217,0.0903,derived
Negombo,2025,3,3991,5260,9251,229298,0.0894,derived
Negombo,2025,4,3022,4249,7271,174608,0.0697,derived
Negombo,2025,5,2590,3415,6005,132919,0.0581,derived
Negombo,2025,6,2850,3800,6650,138241,0.0641,derived
Negombo,2025,7,3885,5789,9674,200244,0.094,derived
Negombo,2025,8,3959,5751,9710,198235,0.0886,derived
Negombo,2025,9,2940,4360,7300,158971,0.0709,derived
Negombo,2025,10,3255,4723,7978,165193,0.0766,derived
Negombo,2025,11,3721,5243,8964,212906,0.0905,derived
Negombo,2025,12,4907,7051,11958,287423,0.1168,derived
